gene_id,Atha_Col-0_root_GC_Alight_Rep1_GSM2493759,Atha_Col-0_root_GC_Alight_Rep2_GSM2493760,Atha_Col-0_root_GC_Alight_Rep3_GSM2493761,Atha_Col-0_root_FLT_Alight_Rep1_GSM2493777,Atha_Col-0_root_FLT_Alight_Rep2_GSM2493778,Atha_Col-0_root_FLT_Alight_Rep3_GSM2493779
AT1G01010,64,97,50,142,105,173
AT1G01020,348,426,233,329,220,327
AT1G01030,43,69,52,45,24,77
AT1G01040,115,68,53,54,70,92
AT1G01046,0,0,0,0,0,0
AT1G01050,1484,2579,1640,1353,983,1253
AT1G01060,347,482,286,4,3,9
AT1G01070,171,283,245,357,267,202
AT1G01080,29,60,28,34,36,31
AT1G01090,1151,1131,1129,1231,727,1047
AT1G01100,5261,11041,5851,5057,3739,5051
AT1G01110,379,224,171,384,283,284
AT1G01120,20,10,2,5,9,15
AT1G01130,5,22,13,13,4,8
AT1G01140,6,73,9,53,32,69
AT1G01150,0,7,0,0,0,0
AT1G01160,643,816,413,426,326,480
AT1G01170,180,194,106,147,95,174
AT1G01180,18,52,53,21,25,124
AT1G01183,0,0,0,0,0,1
AT1G01190,0,10,9,0,1,1
AT1G01200,3,78,16,11,10,4
AT1G01210,246,444,231,187,182,206
AT1G01220,65,50,46,41,54,47
AT1G01225,75,226,97,75,45,79
AT1G01230,359,883,526,398,313,440
AT1G01240,175,296,158,162,119,260
AT1G01250,0,0,0,0,0,0
AT1G01260,103,95,64,134,102,154
AT1G01270,0,0,0,0,0,0
AT1G01280,0,0,0,0,0,0
AT1G01290,140,294,163,143,155,143
AT1G01300,498,393,458,673,322,550
AT1G01305,0,2,0,0,0,0
AT1G01310,0,5,9,0,0,0
AT1G01320,123,56,71,73,85,59
AT1G01335,0,0,0,0,0,0
AT1G01340,0,22,11,5,11,21
AT1G01350,242,398,239,219,182,234
AT1G01355,0,0,0,0,0,0
AT1G01360,444,384,262,266,191,389
AT1G01370,132,220,128,87,63,118
AT1G01380,9,17,8,7,5,10
AT1G01390,0,2,0,0,0,1
AT1G01400,0,0,0,0,0,0
AT1G01410,0,0,0,0,0,0
AT1G01420,0,3,3,0,0,3
AT1G01430,133,107,110,163,138,113
AT1G01440,84,97,57,105,64,87
AT1G01448,241,74,111,124,137,157
AT1G01450,121,31,33,63,59,60
AT1G01453,0,6,5,0,2,0
AT1G01460,0,0,0,0,0,0
AT1G01470,278,833,462,137,256,796
AT1G01480,4,27,8,3,6,5
AT1G01490,328,845,493,379,183,385
AT1G01500,40,47,50,56,61,57
AT1G01510,727,338,350,614,423,524
AT1G01520,2,0,1,1,0,4
AT1G01530,0,0,0,0,0,0
AT1G01540,245,240,131,199,178,216
AT1G01550,957,1682,1229,1100,818,1292
AT1G01560,0,0,1,4,8,0
AT1G01570,6,37,22,33,22,37
AT1G01580,80,47,61,64,5,100
AT1G01590,0,0,0,0,0,0
AT1G01600,0,0,1,0,0,0
AT1G01610,9,44,24,3,0,5
AT1G01620,6168,7889,6439,6220,4607,6365
AT1G01630,170,433,291,258,173,277
AT1G01640,76,209,211,141,123,163
AT1G01650,292,180,161,261,225,342
AT1G01660,7,24,10,16,5,41
AT1G01670,25,61,8,24,20,15
AT1G01680,0,0,0,0,0,0
AT1G01690,93,101,52,56,58,94
AT1G01695,0,0,4,0,1,0
AT1G01700,27,14,14,6,1,16
AT1G01710,77,79,64,102,52,109
AT1G01715,27,44,22,8,14,28
AT1G01720,1833,1229,868,1671,1207,2290
AT1G01725,180,376,268,117,80,211
AT1G01730,500,530,547,517,339,649
AT1G01740,20,14,16,22,20,19
AT1G01750,127,389,237,190,186,276
AT1G01760,75,113,45,96,70,53
AT1G01770,217,193,166,181,188,178
AT1G01780,109,162,154,89,115,135
AT1G01790,85,82,38,56,20,36
AT1G01800,1006,1394,765,1047,759,1135
AT1G01810,14,25,9,10,2,17
AT1G01820,508,663,438,525,402,768
AT1G01830,135,182,78,118,128,160
AT1G01840,18,60,25,17,15,26
AT1G01860,49,29,24,53,14,27
AT1G01870,0,0,0,0,0,0
AT1G01880,13,25,13,1,4,15
AT1G01890,0,0,0,0,0,0
AT1G01900,4,5,6,9,5,10
AT1G01910,448,655,371,523,393,453
AT1G01920,383,291,172,310,232,269
AT1G01930,126,115,59,96,74,91
AT1G01940,235,555,307,218,182,221
AT1G01950,116,114,65,125,80,116
AT1G01960,303,253,173,347,288,404
AT1G01970,64,62,33,42,21,18
AT1G01980,0,0,2,0,0,0
AT1G01990,271,219,203,242,196,298
AT1G02000,168,146,127,169,110,168
AT1G02010,20,45,20,18,19,31
AT1G02020,81,63,56,54,44,82
AT1G02030,9,18,6,4,1,18
AT1G02040,0,0,0,0,0,0
AT1G02050,24,12,25,53,30,36
AT1G02060,55,5,29,55,45,23
AT1G02065,0,0,0,0,0,0
AT1G02067,0,0,0,0,0,0
AT1G02070,0,0,1,1,0,0
AT1G02080,286,272,193,256,206,278
AT1G02090,424,538,426,417,393,365
AT1G02100,543,509,297,475,427,561
AT1G02110,261,59,66,146,116,125
AT1G02120,324,300,192,297,273,339
AT1G02130,1114,1683,1149,1000,715,980
AT1G02140,2113,3210,2355,2004,1390,2161
AT1G02145,275,283,122,210,172,241
AT1G02150,294,174,165,221,250,258
AT1G02160,650,874,471,408,348,484
AT1G02170,266,198,230,285,198,276
AT1G02180,35,91,50,42,37,55
AT1G02190,0,0,0,2,0,0
AT1G02205,0,3,2,0,0,0
AT1G02210,0,0,1,0,0,0
AT1G02220,91,111,104,99,117,235
AT1G02230,3,24,20,6,8,49
AT1G02250,0,0,0,0,1,0
AT1G02260,113,99,116,100,82,144
AT1G02270,107,128,115,107,79,108
AT1G02280,235,303,159,214,108,178
AT1G02290,44,56,46,43,45,62
AT1G02300,15,25,17,15,30,57
AT1G02305,706,851,566,604,340,843
AT1G02310,2,21,8,0,0,8
AT1G02320,0,0,3,0,0,0
AT1G02330,251,479,320,333,236,304
AT1G02335,68,566,238,191,346,231
AT1G02340,40,39,55,7,4,122
AT1G02350,9,7,10,4,6,0
AT1G02360,37,82,62,52,29,185
AT1G02370,94,125,40,107,38,87
AT1G02380,14,26,13,4,24,19
AT1G02390,17,23,13,59,32,67
AT1G02400,3,82,30,0,3,17
AT1G02405,0,0,0,0,0,0
AT1G02410,380,433,271,318,230,323
AT1G02420,21,19,20,33,21,23
AT1G02430,47,148,83,126,41,66
AT1G02440,18,80,40,43,27,50
AT1G02450,4,10,4,11,12,30
AT1G02460,57,39,20,40,51,89
AT1G02470,0,3,1,0,0,0
AT1G02475,68,98,69,37,25,52
AT1G02480,0,0,0,0,0,0
AT1G02490,0,1,2,0,0,0
AT1G02500,14747,11781,9031,10579,10239,10911
AT1G02510,4,10,2,8,12,0
AT1G02520,208,102,71,259,197,206
AT1G02530,1,11,8,11,3,3
AT1G02540,0,0,0,0,0,0
AT1G02550,0,0,0,0,0,0
AT1G02560,337,623,377,338,243,338
AT1G02570,0,22,21,0,14,6
AT1G02575,3,16,21,9,17,6
AT1G02580,8,7,9,2,1,5
AT1G02590,0,0,0,0,0,0
AT1G02600,0,0,0,0,0,0
AT1G02610,64,163,125,87,56,191
AT1G02620,0,0,0,0,0,0
AT1G02630,0,3,0,0,0,0
AT1G02640,78,95,48,61,80,69
AT1G02650,3,0,0,3,0,0
AT1G02660,31,6,5,9,15,16
AT1G02670,6,18,6,10,6,25
AT1G02680,213,419,275,197,154,261
AT1G02690,282,288,184,303,193,272
AT1G02700,8,14,3,1,0,2
AT1G02705,2,4,7,1,3,6
AT1G02710,1,2,0,0,1,1
AT1G02720,132,182,108,145,137,136
AT1G02730,106,198,82,107,57,176
AT1G02740,102,88,71,91,61,95
AT1G02750,100,234,148,99,69,148
AT1G02760,0,0,0,0,0,0
AT1G02770,0,0,1,0,4,1
AT1G02780,11439,13924,10060,11615,7457,11070
AT1G02790,0,0,0,0,0,0
AT1G02800,0,0,0,0,0,0
AT1G02810,123,102,73,206,72,205
AT1G02813,2,4,1,1,0,0
AT1G02816,381,1061,522,495,422,508
AT1G02820,2,0,0,1,0,0
AT1G02830,0,0,0,0,0,0
AT1G02840,1136,713,594,1060,748,1035
AT1G02850,707,717,273,1041,741,985
AT1G02860,40,111,116,47,47,139
AT1G02870,473,557,382,373,252,323
AT1G02880,244,273,202,205,114,203
AT1G02890,181,184,139,161,160,252
AT1G02900,233,1359,916,272,286,657
AT1G02910,87,68,68,53,62,79
AT1G02920,29,64,86,198,83,463
AT1G02930,5,37,20,88,56,216
AT1G02940,0,0,0,0,0,0
AT1G02950,97,170,98,43,96,77
AT1G02952,2,5,0,2,0,2
AT1G02960,175,238,131,143,111,149
AT1G02965,0,0,0,0,0,0
AT1G02970,46,76,36,51,62,31
AT1G02980,0,0,4,0,1,6
AT1G02990,103,204,94,181,164,200
AT1G03000,103,65,90,63,65,98
AT1G03010,81,76,34,69,40,37
AT1G03020,0,0,0,0,0,0
AT1G03030,161,315,164,193,117,190
AT1G03040,389,362,289,363,272,415
AT1G03050,0,2,0,0,0,0
AT1G03055,0,0,2,0,0,0
AT1G03060,170,258,136,130,113,233
AT1G03070,4,5,6,17,5,18
AT1G03080,297,462,241,331,299,691
AT1G03090,162,189,187,209,153,486
AT1G03100,28,62,25,48,42,49
AT1G03103,0,0,0,0,0,0
AT1G03106,4,4,1,0,5,13
AT1G03110,412,359,225,376,216,270
AT1G03120,3,5,1,0,0,2
AT1G03130,29,30,25,15,12,30
AT1G03140,599,633,364,520,392,678
AT1G03150,400,703,336,329,235,304
AT1G03160,59,55,46,63,70,69
AT1G03165,0,0,0,0,0,0
AT1G03170,0,2,3,0,1,5
AT1G03180,90,134,71,69,83,96
AT1G03190,68,37,42,80,22,73
AT1G03200,14,33,15,7,14,14
AT1G03210,482,834,447,389,350,607
AT1G03220,1603,1133,1329,2321,1464,2697
AT1G03230,674,392,449,1351,832,1056
AT1G03240,13,15,2,16,7,8
AT1G03250,190,215,202,220,134,216
AT1G03260,128,123,110,131,100,125
AT1G03270,48,43,32,48,29,30
AT1G03280,224,349,223,269,170,336
AT1G03290,190,321,175,209,172,376
AT1G03300,13,51,8,16,3,18
AT1G03310,39,31,21,51,18,35
AT1G03320,1,0,1,2,0,0
AT1G03325,0,0,0,0,0,0
AT1G03330,460,1312,726,502,353,526
AT1G03340,18,20,23,22,11,41
AT1G03350,315,344,229,317,233,303
AT1G03360,286,322,211,328,222,322
AT1G03365,120,177,91,170,119,126
AT1G03370,74,104,74,80,82,159
AT1G03380,161,205,184,209,209,345
AT1G03390,10,2,2,1,0,1
AT1G03395,0,0,0,0,0,0
AT1G03400,15,11,16,40,15,61
AT1G03410,624,880,694,628,603,555
AT1G03430,161,378,226,173,129,227
AT1G03440,115,41,76,47,50,36
AT1G03445,2,1,1,8,1,0
AT1G03457,88,96,106,82,62,119
AT1G03470,56,67,25,40,14,56
AT1G03475,182,251,129,194,131,195
AT1G03490,0,0,0,0,0,0
AT1G03495,8,7,1,4,13,11
AT1G03502,0,2,1,0,0,0
AT1G03506,0,0,0,1,0,0
AT1G03510,19,31,12,14,23,27
AT1G03515,0,0,0,0,0,0
AT1G03520,67,117,56,36,54,70
AT1G03530,247,120,72,212,202,234
AT1G03540,17,13,10,8,9,10
AT1G03545,9,16,26,18,13,10
AT1G03550,52,104,55,90,45,94
AT1G03560,37,72,34,32,33,57
AT1G03570,0,0,0,0,0,1
AT1G03590,370,419,210,471,258,464
AT1G03600,17,14,4,11,13,14
AT1G03610,392,503,504,489,262,518
AT1G03620,30,33,22,23,17,23
AT1G03630,5,4,4,2,2,4
AT1G03640,0,0,0,0,0,0
AT1G03650,51,73,70,41,48,68
AT1G03660,12,67,43,1,7,83
AT1G03670,0,0,0,0,0,0
AT1G03680,153,259,195,173,78,111
AT1G03687,203,264,113,218,139,174
AT1G03700,5,8,8,2,0,1
AT1G03710,0,0,0,0,0,0
AT1G03720,0,0,0,0,0,0
AT1G03730,185,306,197,159,168,256
AT1G03740,48,148,92,74,79,202
AT1G03743,0,2,1,0,0,1
AT1G03746,1,8,2,1,0,0
AT1G03750,62,76,24,36,42,31
AT1G03760,86,154,68,81,66,63
AT1G03770,154,102,61,66,47,88
AT1G03780,137,206,127,88,74,153
AT1G03790,0,0,0,13,18,6
AT1G03800,30,12,9,11,10,10
AT1G03810,0,0,0,0,0,0
AT1G03820,0,41,87,0,2,0
AT1G03830,37,50,24,79,65,64
AT1G03840,205,287,148,160,167,85
AT1G03850,214,860,785,204,165,725
AT1G03860,1171,1777,945,1071,774,1064
AT1G03870,1463,828,1958,1960,1368,1223
AT1G03880,0,0,0,0,0,0
AT1G03890,0,0,0,0,0,0
AT1G03900,1423,1327,907,1237,928,1375
AT1G03905,84,133,88,90,60,99
AT1G03910,463,541,221,443,310,431
AT1G03920,43,36,19,11,80,31
AT1G03930,58,41,44,71,59,115
AT1G03935,0,0,0,0,0,0
AT1G03940,9,12,4,8,13,14
AT1G03950,33,85,49,44,31,65
AT1G03960,37,72,34,80,83,49
AT1G03970,139,206,114,198,97,202
AT1G03980,11,12,14,18,13,23
AT1G03982,0,0,2,0,0,0
AT1G03987,0,0,0,0,0,0
AT1G03990,15,13,23,13,4,13
AT1G03993,53,6,3,9,3,18
AT1G03997,0,1,0,0,0,0
AT1G04000,118,176,149,83,90,136
AT1G04003,0,0,0,0,0,0
AT1G04007,28,10,7,9,13,11
AT1G04010,61,54,42,61,64,53
AT1G04013,0,2,0,0,0,0
AT1G04017,8,5,1,2,4,3
AT1G04020,110,170,80,126,110,155
AT1G04023,0,3,1,4,4,2
AT1G04027,0,0,0,0,0,0
AT1G04030,264,382,322,242,163,280
AT1G04033,0,0,0,0,0,0
AT1G04037,1,1,2,0,0,0
AT1G04040,2191,3878,3911,3294,2023,3374
AT1G04043,0,0,0,1,0,0
AT1G04047,53,35,37,97,26,54
AT1G04050,61,46,18,33,37,35
AT1G04053,20,64,71,38,50,58
AT1G04057,0,0,0,0,0,0
AT1G04063,0,0,0,0,0,0
AT1G04067,10,36,12,10,9,8
AT1G04070,192,429,261,215,137,173
AT1G04073,5,1,0,0,2,0
AT1G04077,0,3,1,12,2,7
AT1G04080,735,482,276,515,449,555
AT1G04083,0,0,0,0,1,2
AT1G04087,0,0,0,0,0,0
AT1G04090,0,5,1,3,3,14
AT1G04093,0,0,0,0,0,0
AT1G04097,0,0,0,0,0,0
AT1G04100,20,62,19,32,18,24
AT1G04103,0,7,7,1,0,6
AT1G04105,3,2,3,1,1,2
AT1G04110,0,0,0,0,0,1
AT1G04117,24,29,18,39,22,33
AT1G04120,226,348,138,258,228,339
AT1G04123,1,4,5,4,4,4
AT1G04127,0,0,0,0,0,0
AT1G04130,143,85,103,99,83,84
AT1G04133,0,0,0,0,0,0
AT1G04137,0,0,0,0,0,0
AT1G04140,640,476,340,717,564,626
AT1G04143,0,0,0,0,0,0
AT1G04147,0,0,0,1,0,0
AT1G04150,25,20,2,1,9,0
AT1G04153,0,0,0,0,1,0
AT1G04157,0,0,0,0,0,1
AT1G04160,26,51,28,32,27,34
AT1G04163,6,9,2,19,11,13
AT1G04167,0,0,0,0,0,0
AT1G04170,801,901,514,865,643,689
AT1G04173,0,0,0,1,0,0
AT1G04177,0,0,0,0,0,0
AT1G04180,13,28,7,14,6,43
AT1G04183,590,870,616,470,567,494
AT1G04187,1,2,1,0,1,0
AT1G04190,596,1010,486,503,406,477
AT1G04193,0,1,0,1,0,2
AT1G04197,1,4,0,0,0,1
AT1G04200,114,182,75,140,68,141
AT1G04203,0,0,0,0,2,0
AT1G04207,0,0,0,0,0,0
AT1G04210,174,217,124,232,229,247
AT1G04213,0,0,0,0,1,0
AT1G04217,1,1,2,2,1,0
AT1G04220,5,47,29,8,5,16
AT1G04223,1,0,0,1,1,1
AT1G04227,0,0,0,2,2,2
AT1G04230,101,200,129,85,84,101
AT1G04233,21,24,36,33,22,24
AT1G04237,2,3,3,3,2,2
AT1G04240,121,251,142,57,17,37
AT1G04243,0,0,0,0,0,0
AT1G04247,11,27,11,9,6,11
AT1G04250,1002,1448,984,749,678,832
AT1G04253,0,0,0,0,0,0
AT1G04257,0,0,0,0,0,0
AT1G04260,292,513,371,289,236,291
AT1G04263,1,0,0,1,0,1
AT1G04267,1,1,1,0,2,1
AT1G04270,5770,12153,6354,6477,4526,5791
AT1G04273,1,3,0,0,0,0
AT1G04277,0,2,0,0,0,2
AT1G04280,56,155,136,103,108,262
AT1G04283,0,0,0,0,0,0
AT1G04287,0,0,0,0,0,0
AT1G04290,139,323,132,131,90,94
AT1G04293,0,0,0,0,0,0
AT1G04295,38,65,38,30,30,25
AT1G04297,6,5,1,1,1,2
AT1G04300,328,263,170,256,192,318
AT1G04303,0,1,0,1,0,1
AT1G04307,0,1,0,0,0,0
AT1G04310,43,21,9,51,51,82
AT1G04313,0,0,0,0,0,0
AT1G04320,0,0,0,0,0,0
AT1G04323,0,0,0,0,0,0
AT1G04327,0,0,0,0,0,0
AT1G04330,2,50,18,1,10,26
AT1G04333,0,0,0,0,0,0
AT1G04337,0,0,0,0,1,0
AT1G04340,574,1529,929,727,582,662
AT1G04343,0,0,0,3,1,2
AT1G04347,1,1,4,2,0,3
AT1G04350,0,4,19,1,10,5
AT1G04353,64,66,37,80,40,74
AT1G04357,4,11,0,3,1,3
AT1G04360,33,34,27,54,28,27
AT1G04363,1,0,0,1,0,0
AT1G04367,0,0,0,0,0,0
AT1G04370,0,0,0,0,0,0
AT1G04373,0,0,0,0,0,0
AT1G04377,0,0,0,0,0,0
AT1G04380,0,4,0,0,0,0
AT1G04383,0,0,0,0,0,0
AT1G04387,0,0,0,0,0,0
AT1G04390,22,24,19,21,41,34
AT1G04393,0,0,0,0,0,0
AT1G04397,3,0,0,1,0,8
AT1G04400,125,315,163,222,171,404
AT1G04403,2,2,0,0,0,0
AT1G04407,0,0,0,0,0,0
AT1G04410,4978,10011,5372,6141,3710,5658
AT1G04413,0,0,0,0,0,0
AT1G04417,0,0,0,0,0,0
AT1G04420,60,95,45,49,69,55
AT1G04423,1,0,0,0,0,0
AT1G04425,19,57,29,26,12,10
AT1G04427,0,4,0,0,2,3
AT1G04430,730,655,429,889,613,669
AT1G04433,22,128,54,18,12,13
AT1G04437,0,0,1,0,0,0
AT1G04440,354,388,264,421,380,441
AT1G04443,0,0,0,0,0,0
AT1G04445,0,2,4,6,1,8
AT1G04447,0,0,0,0,0,0
AT1G04450,0,0,0,0,0,0
AT1G04453,0,0,0,0,0,0
AT1G04455,0,0,0,0,0,0
AT1G04463,57,87,46,86,63,46
AT1G04467,0,0,0,1,0,2
AT1G04470,0,0,0,0,0,0
AT1G04473,4,10,0,6,3,6
AT1G04477,17,30,20,9,10,12
AT1G04480,2323,4578,2768,2713,2124,2917
AT1G04483,0,0,0,0,0,1
AT1G04487,5,6,2,9,4,19
AT1G04490,27,20,18,22,6,45
AT1G04493,2,0,0,2,0,1
AT1G04497,1,1,1,0,2,0
AT1G04500,0,0,0,0,0,0
AT1G04503,532,1232,835,888,573,1147
AT1G04507,2,0,1,1,1,0
AT1G04510,457,637,427,603,386,520
AT1G04513,32,12,25,45,34,37
AT1G04517,0,3,0,0,0,0
AT1G04520,138,640,213,264,168,212
AT1G04523,3,0,3,0,0,1
AT1G04527,0,2,0,0,0,1
AT1G04530,236,339,171,244,144,196
AT1G04533,0,5,0,0,0,0
AT1G04537,245,458,208,233,173,245
AT1G04540,53,26,21,21,45,15
AT1G04547,0,0,0,0,0,0
AT1G04550,161,186,171,132,102,115
AT1G04555,62,153,80,66,63,86
AT1G04557,1,0,0,1,0,0
AT1G04560,0,0,0,0,1,0
AT1G04563,0,2,1,2,0,1
AT1G04567,1,0,0,3,0,0
AT1G04570,5,15,6,23,21,8
AT1G04573,0,0,0,0,0,0
AT1G04577,0,2,0,0,0,3
AT1G04580,0,0,0,0,0,0
AT1G04583,0,1,4,4,3,3
AT1G04587,2,0,1,1,1,1
AT1G04590,449,553,254,408,326,285
AT1G04593,0,0,0,0,0,0
AT1G04597,0,0,0,0,0,0
AT1G04600,0,4,7,0,5,1
AT1G04603,0,0,0,0,0,0
AT1G04607,0,0,0,0,0,0
AT1G04610,144,275,274,163,135,210
AT1G04620,17,30,18,28,13,28
AT1G04623,0,0,0,0,0,0
AT1G04625,0,1,1,0,2,0
AT1G04630,637,791,743,661,493,790
AT1G04635,49,132,57,59,37,63
AT1G04640,36,112,59,42,44,84
AT1G04643,0,1,0,4,2,0
AT1G04645,0,0,0,0,0,0
AT1G04647,63,77,59,62,43,84
AT1G04650,35,21,9,21,38,23
AT1G04653,0,0,0,0,0,0
AT1G04657,1,2,0,1,0,0
AT1G04660,2,6,1,4,0,0
AT1G04667,0,0,0,0,0,0
AT1G04670,0,0,0,2,0,1
AT1G04673,0,0,0,0,0,1
AT1G04677,0,0,0,0,0,0
AT1G04680,781,849,770,1038,688,1013
AT1G04683,0,2,1,0,0,0
AT1G04687,0,0,0,0,0,0
AT1G04690,1170,1770,1198,1739,942,1246
AT1G04693,0,0,0,0,0,0
AT1G04697,0,0,0,0,0,0
AT1G04700,6,26,12,11,14,24
AT1G04703,1,2,1,1,0,5
AT1G04707,10,46,13,5,27,9
AT1G04710,31,73,63,44,35,64
AT1G04713,0,1,1,2,0,0
AT1G04717,0,0,0,0,0,0
AT1G04720,0,0,0,0,0,0
AT1G04723,0,0,0,2,0,0
AT1G04730,29,55,29,49,42,68
AT1G04733,5,15,7,3,0,5
AT1G04737,0,0,0,0,0,0
AT1G04743,12,1,2,10,0,11
AT1G04747,0,0,0,0,0,0
AT1G04750,1779,3954,1863,1880,1258,1778
AT1G04753,0,0,0,1,0,0
AT1G04760,47,101,58,69,52,66
AT1G04763,0,0,0,0,0,0
AT1G04767,3,3,2,9,2,9
AT1G04770,264,185,146,279,199,154
AT1G04773,56,63,27,83,79,58
AT1G04778,7,25,10,8,12,7
AT1G04780,257,397,230,290,258,309
AT1G04783,0,0,0,0,0,0
AT1G04787,0,1,0,0,0,0
AT1G04790,132,218,97,181,139,166
AT1G04793,0,0,0,0,0,0
AT1G04797,0,4,0,5,0,2
AT1G04800,0,0,0,2,0,3
AT1G04803,71,90,92,156,81,186
AT1G04807,0,0,0,0,0,0
AT1G04810,275,245,209,283,262,341
AT1G04813,0,0,0,0,0,0
AT1G04817,0,0,2,1,2,2
AT1G04820,8370,6038,5833,8473,5089,6806
AT1G04823,11,14,5,16,22,20
AT1G04827,18,8,6,3,1,4
AT1G04830,149,125,114,167,70,151
AT1G04833,30,42,31,56,96,75
AT1G04837,52,117,66,100,56,67
AT1G04840,28,20,15,38,8,18
AT1G04847,0,0,0,0,0,0
AT1G04850,1191,1796,907,1130,851,1206
AT1G04853,0,0,1,0,0,4
AT1G04857,0,0,0,0,1,0
AT1G04860,169,204,145,267,183,211
AT1G04863,0,0,0,0,0,0
AT1G04867,0,0,0,0,0,0
AT1G04870,1271,1119,577,1148,802,810
AT1G04873,13,18,4,5,3,6
AT1G04877,0,3,1,2,3,3
AT1G04880,18,9,4,4,5,1
AT1G04883,0,0,0,1,0,0
AT1G04887,0,0,0,1,0,0
AT1G04890,0,0,0,0,0,0
AT1G04893,0,0,3,0,1,0
AT1G04895,0,0,0,0,0,0
AT1G04897,0,0,0,0,0,0
AT1G04900,175,211,110,158,131,197
AT1G04907,0,1,0,0,0,0
AT1G04910,166,311,170,304,173,226
AT1G04913,0,1,0,2,0,2
AT1G04917,4,15,23,14,12,20
AT1G04920,3,0,0,0,0,0
AT1G04923,0,0,0,0,0,0
AT1G04927,0,0,0,0,0,0
AT1G04930,62,45,33,75,47,66
AT1G04933,0,6,10,2,6,5
AT1G04937,0,0,0,0,0,0
AT1G04940,523,712,365,481,319,420
AT1G04943,0,0,0,1,0,0
AT1G04945,65,85,99,82,65,98
AT1G04947,0,0,0,0,0,0
AT1G04950,369,244,250,206,194,253
AT1G04953,0,0,0,3,1,0
AT1G04957,0,0,0,0,0,0
AT1G04960,245,406,256,277,171,369
AT1G04963,0,0,0,0,0,0
AT1G04967,0,0,0,0,0,0
AT1G04970,217,248,152,193,120,238
AT1G04973,5,9,6,10,2,3
AT1G04977,102,133,66,92,69,70
AT1G04980,187,409,249,385,185,292
AT1G04983,0,0,0,0,0,0
AT1G04985,369,485,304,277,223,381
AT1G04987,0,0,0,0,0,0
AT1G04990,148,116,124,156,144,169
AT1G04993,0,0,0,0,0,0
AT1G04997,0,0,0,0,0,0
AT1G05000,30,286,83,12,3,48
AT1G05003,0,0,0,0,0,0
AT1G05005,0,2,0,0,0,0
AT1G05007,0,0,0,0,0,0
AT1G05010,75,67,188,187,89,378
AT1G05013,1,7,0,0,0,0
AT1G05017,0,0,1,0,2,1
AT1G05020,0,1,1,1,1,0
AT1G05023,0,0,0,1,0,0
AT1G05027,0,0,0,0,0,0
AT1G05030,15,17,30,30,27,19
AT1G05033,17,11,10,12,7,5
AT1G05035,0,0,0,0,0,0
AT1G05037,0,0,0,0,0,0
AT1G05040,0,0,0,1,0,0
AT1G05043,2,3,1,5,0,5
AT1G05047,1,2,4,3,4,3
AT1G05053,0,0,0,0,0,0
AT1G05055,134,187,127,161,159,173
AT1G05057,0,8,3,0,1,4
AT1G05060,40,43,89,51,33,87
AT1G05065,13,23,12,12,13,4
AT1G05067,0,0,0,0,0,0
AT1G05070,274,491,252,279,167,231
AT1G05073,0,0,0,0,0,0
AT1G05077,0,0,0,0,1,0
AT1G05080,0,0,0,0,0,0
AT1G05083,0,2,1,2,0,0
AT1G05085,0,0,0,0,0,0
AT1G05087,10,15,11,6,10,8
AT1G05090,90,130,44,45,52,106
AT1G05093,0,0,0,0,0,0
AT1G05097,0,0,0,0,0,0
AT1G05100,1,11,6,9,13,32
AT1G05103,0,2,0,0,0,0
AT1G05107,0,0,0,0,0,0
AT1G05113,0,0,0,0,0,0
AT1G05117,0,0,0,0,0,0
AT1G05120,142,148,88,169,76,230
AT1G05123,0,0,0,0,0,0
AT1G05127,0,0,0,0,0,0
AT1G05133,0,0,0,0,0,0
AT1G05136,0,0,0,0,0,0
AT1G05137,0,0,0,0,0,0
AT1G05140,38,52,40,36,18,48
AT1G05143,3,10,2,1,0,2
AT1G05147,69,165,238,104,33,332
AT1G05150,216,386,131,227,249,348
AT1G05153,3,5,2,2,2,1
AT1G05160,111,134,70,104,77,89
AT1G05163,14,48,34,8,4,20
AT1G05170,183,353,132,219,240,221
AT1G05173,0,0,0,0,0,0
AT1G05177,0,0,0,0,0,0
AT1G05180,322,304,209,302,243,318
AT1G05183,93,86,78,79,55,100
AT1G05187,81,49,40,56,43,51
AT1G05190,149,304,144,129,106,112
AT1G05193,0,0,0,1,0,0
AT1G05197,0,0,0,0,0,0
AT1G05200,13,9,13,13,28,6
AT1G05203,2,1,0,2,0,0
AT1G05205,570,1401,697,458,359,486
AT1G05207,2,1,1,1,0,2
AT1G05210,206,734,283,263,180,254
AT1G05213,278,186,158,230,152,159
AT1G05217,0,0,0,0,0,0
AT1G05220,188,303,203,160,136,173
AT1G05223,0,0,0,0,0,0
AT1G05227,0,0,0,0,0,0
AT1G05230,27,36,21,28,20,27
AT1G05233,0,0,0,0,0,0
AT1G05237,0,0,0,0,0,0
AT1G05240,0,8,10,8,5,8
AT1G05243,0,3,0,1,5,8
AT1G05247,1,2,1,0,0,0
AT1G05250,50,910,419,81,352,443
AT1G05253,6,1,0,2,2,2
AT1G05257,0,0,0,0,0,0
AT1G05260,1426,2378,1372,1724,1081,1269
AT1G05263,0,0,0,0,0,0
AT1G05267,7,5,8,8,3,3
AT1G05270,226,314,225,262,170,254
AT1G05273,8,10,11,0,4,2
AT1G05277,13,21,21,19,7,4
AT1G05280,30,34,46,115,70,94
AT1G05283,5,6,8,0,0,1
AT1G05287,15,14,10,15,7,7
AT1G05290,0,0,0,0,0,0
AT1G05291,0,0,0,0,0,0
AT1G05293,0,0,0,0,0,0
AT1G05297,0,0,0,0,0,0
AT1G05300,13,18,7,29,36,80
AT1G05303,0,1,0,0,0,0
AT1G05307,0,0,0,0,0,0
AT1G05310,11,14,10,17,55,17
AT1G05313,0,0,0,0,0,0
AT1G05317,0,2,0,0,1,2
AT1G05320,11,124,72,33,42,96
AT1G05323,0,0,0,1,1,0
AT1G05327,3,1,2,1,0,2
AT1G05330,4,1,0,0,2,12
AT1G05333,0,0,0,0,20,38
AT1G05337,0,0,0,0,0,0
AT1G05340,199,215,159,156,98,398
AT1G05343,0,0,0,0,0,0
AT1G05347,696,2035,1795,1055,636,1751
AT1G05350,427,364,273,445,333,375
AT1G05353,3,0,0,0,0,0
AT1G05357,0,1,1,1,0,1
AT1G05360,446,547,347,315,247,313
AT1G05363,0,0,0,0,0,0
AT1G05367,1,0,0,0,0,0
AT1G05370,58,29,29,43,13,21
AT1G05373,0,0,0,0,0,0
AT1G05377,0,0,0,0,0,0
AT1G05380,397,275,193,315,199,317
AT1G05383,0,0,0,1,0,0
AT1G05385,38,62,45,30,30,52
AT1G05387,0,0,0,0,0,0
AT1G05390,0,0,0,0,0,0
AT1G05397,38,14,26,26,26,27
AT1G05400,9,15,20,12,15,18
AT1G05407,0,0,0,0,0,0
AT1G05410,190,211,146,179,97,201
AT1G05413,0,0,0,0,0,0
AT1G05417,0,2,0,0,0,1
AT1G05420,4,11,11,11,9,17
AT1G05423,0,0,0,1,0,0
AT1G05427,0,0,0,0,0,0
AT1G05430,148,385,215,178,140,160
AT1G05433,0,1,0,0,0,0
AT1G05440,63,109,44,56,36,66
AT1G05443,0,3,0,1,0,0
AT1G05447,0,8,2,0,0,3
AT1G05450,0,0,0,0,0,0
AT1G05453,11,16,15,18,14,14
AT1G05460,75,83,23,76,72,107
AT1G05463,2,2,2,1,1,1
AT1G05467,28,31,14,29,21,31
AT1G05470,196,134,75,88,101,83
AT1G05473,0,0,0,0,0,1
AT1G05477,0,0,0,0,0,0
AT1G05483,0,0,0,0,0,0
AT1G05487,0,0,0,0,0,0
AT1G05490,0,1,0,3,3,4
AT1G05493,0,0,0,0,2,0
AT1G05497,0,1,0,0,0,0
AT1G05500,309,468,246,383,212,352
AT1G05507,0,0,0,0,0,0
AT1G05510,1,0,1,0,0,1
AT1G05517,3,4,3,2,1,2
AT1G05520,206,224,134,285,179,207
AT1G05523,95,341,154,79,68,198
AT1G05527,0,0,0,0,0,0
AT1G05530,7,57,11,56,19,18
AT1G05533,0,0,0,0,0,0
AT1G05537,0,0,0,0,0,0
AT1G05540,0,11,0,6,0,3
AT1G05543,0,0,0,0,0,0
AT1G05547,0,0,0,0,0,0
AT1G05550,1,1,1,1,0,0
AT1G05553,37,67,50,52,39,61
AT1G05557,20,18,5,21,20,17
AT1G05560,292,173,90,417,285,505
AT1G05562,280,194,90,416,257,471
AT1G05563,0,0,0,0,0,0
AT1G05567,0,0,0,0,0,0
AT1G05570,287,384,267,298,239,733
AT1G05575,168,177,151,82,64,351
AT1G05577,29,25,11,20,7,10
AT1G05580,0,0,0,0,0,0
AT1G05583,0,0,0,0,0,0
AT1G05587,0,0,0,0,0,0
AT1G05590,80,120,94,147,88,84
AT1G05593,0,0,0,0,0,0
AT1G05597,0,0,0,0,0,0
AT1G05600,30,46,20,30,14,48
AT1G05603,0,0,0,0,0,0
AT1G05607,0,19,6,0,0,2
AT1G05610,6,21,7,6,5,13
AT1G05613,0,3,0,0,0,0
AT1G05615,0,0,0,0,0,0
AT1G05617,0,0,0,0,0,0
AT1G05620,396,741,453,520,359,499
AT1G05623,0,0,0,0,0,0
AT1G05627,0,0,0,0,0,0
AT1G05630,46,17,31,53,40,35
AT1G05633,0,0,0,0,0,0
AT1G05637,0,0,0,0,0,0
AT1G05640,27,38,13,59,24,34
AT1G05643,0,0,0,0,0,0
AT1G05647,0,1,0,0,1,0
AT1G05650,34,88,57,61,35,63
AT1G05653,0,0,0,0,0,0
AT1G05657,0,0,0,0,0,0
AT1G05660,60,282,110,162,133,104
AT1G05663,0,0,0,0,0,0
AT1G05667,0,0,0,0,0,0
AT1G05670,46,63,27,31,46,37
AT1G05673,0,0,0,0,0,0
AT1G05675,0,4,1,0,0,0
AT1G05680,1510,552,199,1903,1232,1827
AT1G05683,0,0,0,0,0,0
AT1G05687,59,40,58,93,51,53
AT1G05690,7,5,10,2,1,9
AT1G05693,0,0,0,1,0,0
AT1G05697,0,0,0,1,0,0
AT1G05700,28,49,30,38,23,22
AT1G05703,1,4,2,1,1,1
AT1G05707,0,1,1,1,0,0
AT1G05710,124,211,138,111,92,157
AT1G05713,0,0,0,0,0,0
AT1G05717,0,0,0,0,0,0
AT1G05720,708,1589,865,683,483,846
AT1G05723,0,2,1,0,0,0
AT1G05727,0,0,0,2,0,0
AT1G05730,88,246,116,110,56,110
AT1G05733,0,0,0,0,0,0
AT1G05737,0,0,0,0,0,0
AT1G05740,0,0,1,1,0,2
AT1G05747,1,2,1,3,0,1
AT1G05750,121,190,133,95,78,70
AT1G05753,25,68,30,31,20,96
AT1G05757,3,0,1,0,0,1
AT1G05760,109,187,139,93,98,65
AT1G05763,1,0,0,1,1,1
AT1G05767,4,1,2,95,0,99
AT1G05770,68,41,28,39,36,30
AT1G05773,18,7,3,5,10,10
AT1G05777,1,0,0,4,1,0
AT1G05780,90,138,103,57,49,80
AT1G05783,0,1,0,0,3,0
AT1G05785,243,615,359,318,203,314
AT1G05787,0,0,0,0,0,1
AT1G05790,80,77,33,71,43,104
AT1G05793,0,0,0,0,0,0
AT1G05797,0,0,0,0,0,0
AT1G05800,0,0,0,0,0,0
AT1G05803,0,0,0,0,0,0
AT1G05805,279,222,183,280,157,327
AT1G05807,0,0,0,0,0,0
AT1G05810,123,245,174,121,110,183
AT1G05813,0,3,5,0,0,0
AT1G05817,0,0,0,0,0,0
AT1G05820,1,8,13,4,2,14
AT1G05823,0,0,0,0,0,0
AT1G05827,0,0,0,0,0,0
AT1G05830,184,186,98,165,155,133
AT1G05833,0,0,0,0,0,0
AT1G05835,32,240,80,36,17,27
AT1G05837,22,96,32,72,42,63
AT1G05840,321,497,251,268,174,291
AT1G05843,10,5,3,1,1,0
AT1G05847,0,0,0,0,0,0
AT1G05850,1298,1759,1430,1321,995,1238
AT1G05853,0,0,0,1,0,0
AT1G05857,0,0,0,0,0,0
AT1G05860,138,180,132,133,102,114
AT1G05863,0,0,0,0,0,0
AT1G05867,0,0,0,0,0,0
AT1G05870,247,500,174,250,175,209
AT1G05873,23,10,15,27,30,17
AT1G05880,0,2,0,0,0,0
AT1G05887,0,0,0,0,0,0
AT1G05890,439,459,212,354,333,392
AT1G05893,0,0,0,0,0,0
AT1G05894,5,5,4,5,7,2
AT1G05897,0,0,0,0,0,0
AT1G05900,33,98,27,31,44,47
AT1G05903,0,0,0,0,0,0
AT1G05907,0,0,1,0,0,0
AT1G05910,146,171,116,145,152,157
AT1G05913,0,4,0,0,0,0
AT1G05917,1,4,2,0,1,0
AT1G05920,1,3,2,4,1,3
AT1G05927,1158,1298,770,1209,726,949
AT1G05930,0,0,0,0,0,0
AT1G05933,0,2,0,1,3,1
AT1G05937,0,1,3,4,0,1
AT1G05940,240,306,256,212,166,343
AT1G05943,2,15,3,1,4,2
AT1G05947,0,0,1,0,0,1
AT1G05950,16,40,34,13,12,37
AT1G05953,0,0,1,0,0,0
AT1G05957,0,0,0,0,0,0
AT1G05960,216,301,194,303,267,313
AT1G05963,0,0,0,1,0,0
AT1G05967,0,0,0,0,0,0
AT1G05970,236,303,150,136,93,131
AT1G05973,6,6,4,7,5,2
AT1G05977,0,1,2,3,0,0
AT1G05980,0,0,0,0,0,0
AT1G05983,0,0,0,0,0,0
AT1G05987,0,0,0,0,0,0
AT1G05990,0,11,4,0,1,0
AT1G05993,0,1,0,0,0,1
AT1G05997,3,10,3,4,2,1
AT1G06000,118,126,94,101,57,151
AT1G06002,125,110,95,137,58,144
AT1G06003,6,5,2,2,4,2
AT1G06007,0,0,0,0,1,0
AT1G06010,131,350,169,146,114,150
AT1G06013,0,0,0,0,0,0
AT1G06017,0,0,0,5,3,4
AT1G06020,0,2,0,2,4,9
AT1G06023,0,0,0,0,0,0
AT1G06027,0,0,0,0,0,1
AT1G06030,0,12,6,1,0,0
AT1G06033,0,9,5,3,2,10
AT1G06037,0,1,0,0,0,0
AT1G06040,1077,1657,1250,193,228,173
AT1G06043,0,0,0,1,0,0
AT1G06045,13,28,18,5,4,2
AT1G06047,0,0,0,0,0,0
AT1G06050,68,56,39,32,28,45
AT1G06053,0,0,0,0,0,0
AT1G06057,0,0,0,0,0,0
AT1G06060,192,314,222,146,116,225
AT1G06063,0,0,0,0,0,0
AT1G06067,0,0,0,0,0,0
AT1G06070,231,195,128,252,151,181
AT1G06073,0,0,0,0,0,0
AT1G06080,0,0,6,17,0,9
AT1G06083,10,17,8,11,12,16
AT1G06087,3,2,1,0,1,1
AT1G06090,45,125,43,217,145,177
AT1G06093,0,0,0,0,0,0
AT1G06097,0,0,0,0,0,0
AT1G06100,0,1,0,0,0,0
AT1G06103,0,0,0,0,0,0
AT1G06110,840,774,542,603,547,629
AT1G06113,5,7,8,6,1,6
AT1G06117,2,1,0,5,2,1
AT1G06120,21,34,30,27,14,78
AT1G06123,0,0,0,0,0,0
AT1G06127,0,0,0,1,2,0
AT1G06130,354,379,207,346,249,328
AT1G06133,0,0,0,0,0,0
AT1G06135,0,0,0,0,0,1
AT1G06137,0,0,0,0,0,0
AT1G06140,46,25,8,17,18,34
AT1G06143,25,48,14,21,29,15
AT1G06147,0,0,0,0,0,0
AT1G06148,0,0,0,1,0,0
AT1G06150,123,126,68,109,111,109
AT1G06153,2,4,3,3,2,1
AT1G06157,0,0,0,0,0,0
AT1G06160,0,12,11,0,3,9
AT1G06163,1,0,0,1,0,5
AT1G06170,0,0,1,0,2,1
AT1G06173,1,4,8,3,5,1
AT1G06177,1,3,1,3,8,3
AT1G06180,134,238,103,156,96,147
AT1G06187,0,0,0,0,0,0
AT1G06190,192,187,194,203,168,159
AT1G06197,0,0,0,0,0,0
AT1G06200,1002,1415,667,901,622,949
AT1G06203,0,0,0,0,0,0
AT1G06207,9,6,1,6,1,3
AT1G06210,334,502,265,413,274,325
AT1G06213,4,17,2,10,9,7
AT1G06217,2,1,0,2,2,0
AT1G06220,466,346,360,599,487,492
AT1G06225,24,109,94,34,39,99
AT1G06227,41,67,55,23,57,42
AT1G06230,496,540,287,531,402,595
AT1G06233,0,2,0,0,0,0
AT1G06237,1,1,1,2,0,1
AT1G06240,106,153,49,129,67,103
AT1G06243,3,0,1,0,1,1
AT1G06247,0,0,1,0,0,0
AT1G06250,1,2,5,2,4,10
AT1G06253,0,5,1,1,5,0
AT1G06257,0,5,1,2,0,1
AT1G06260,0,0,0,4,4,5
AT1G06263,2,0,0,0,0,0
AT1G06265,4,2,5,12,11,25
AT1G06267,0,0,0,0,0,0
AT1G06270,37,55,25,65,47,67
AT1G06273,0,1,0,0,1,2
AT1G06277,0,0,0,0,0,0
AT1G06280,0,0,0,0,0,0
AT1G06283,0,5,1,1,5,0
AT1G06287,22,48,23,12,9,21
AT1G06290,270,340,176,369,243,418
AT1G06293,0,0,0,0,0,0
AT1G06297,0,0,0,0,0,0
AT1G06303,0,0,0,0,0,0
AT1G06307,0,1,1,0,0,0
AT1G06310,10,26,23,25,27,22
AT1G06313,1,0,0,0,1,2
AT1G06317,0,1,0,1,1,0
AT1G06320,8,9,3,11,5,12
AT1G06323,0,0,0,0,0,0
AT1G06327,0,0,0,0,0,0
AT1G06330,20,5,18,36,12,25
AT1G06333,0,0,0,0,0,0
AT1G06337,2,2,3,0,3,1
AT1G06340,0,0,0,0,0,0
AT1G06343,0,0,0,0,0,0
AT1G06347,0,0,0,0,0,0
AT1G06350,0,0,0,0,0,0
AT1G06353,0,0,0,0,0,0
AT1G06357,15,4,3,7,13,12
AT1G06360,0,0,0,0,0,0
AT1G06363,0,0,0,0,0,0
AT1G06373,0,0,0,0,0,0
AT1G06377,0,0,0,0,0,0
AT1G06380,92,144,89,95,74,102
AT1G06383,0,0,0,0,0,0
AT1G06387,0,0,1,0,0,0
AT1G06390,1198,1188,659,1138,777,1013
AT1G06393,0,0,0,0,0,0
AT1G06397,1,0,0,0,0,0
AT1G06400,488,836,537,499,327,662
AT1G06403,0,0,0,0,0,0
AT1G06407,0,0,0,0,0,0
AT1G06410,485,382,197,407,385,533
AT1G06413,0,0,0,0,0,0
AT1G06417,0,0,0,0,0,0
AT1G06420,38,60,27,42,31,23
AT1G06423,0,5,2,0,0,1
AT1G06427,0,0,0,0,0,0
AT1G06430,23,64,22,40,7,36
AT1G06433,0,0,0,0,0,0
AT1G06437,0,0,0,0,0,0
AT1G06440,15,17,6,28,19,9
AT1G06443,0,0,0,0,0,0
AT1G06447,0,0,0,0,0,0
AT1G06450,107,118,88,142,104,97
AT1G06453,1,5,2,1,1,2
AT1G06457,1,4,0,0,0,1
AT1G06460,89,29,41,116,70,132
AT1G06463,5,27,11,5,0,7
AT1G06467,2,4,9,1,0,3
AT1G06470,272,455,204,288,306,262
AT1G06473,42,122,52,16,21,71
AT1G06475,71,138,62,29,70,59
AT1G06480,0,0,0,0,0,0
AT1G06483,1,12,0,1,1,1
AT1G06487,1,0,0,1,0,1
AT1G06490,64,44,16,33,42,55
AT1G06493,0,0,0,1,0,0
AT1G06497,0,0,0,0,0,0
AT1G06500,173,206,80,107,76,128
AT1G06507,0,0,0,0,0,0
AT1G06510,66,142,67,114,56,131
AT1G06513,0,0,0,0,0,0
AT1G06515,752,1961,972,667,603,678
AT1G06517,0,0,0,0,0,0
AT1G06520,5,14,1,5,0,16
AT1G06523,0,0,0,0,0,0
AT1G06527,0,0,0,0,0,0
AT1G06530,344,565,280,365,238,376
AT1G06533,0,0,0,0,0,0
AT1G06537,0,4,0,0,0,0
AT1G06540,378,560,321,399,271,388
AT1G06543,0,0,0,0,0,0
AT1G06547,0,0,0,0,0,1
AT1G06550,304,371,287,241,161,270
AT1G06553,1,12,4,0,3,1
AT1G06557,0,0,0,0,0,0
AT1G06560,114,175,113,164,125,168
AT1G06567,0,0,1,1,0,0
AT1G06570,273,381,295,384,223,757
AT1G06573,1187,3345,2760,797,530,1195
AT1G06577,0,0,0,0,0,0
AT1G06580,17,30,18,7,29,33
AT1G06583,0,0,0,0,0,0
AT1G06587,0,0,0,2,0,1
AT1G06590,169,97,65,136,64,132
AT1G06593,0,0,0,0,0,0
AT1G06597,0,0,0,0,0,0
AT1G06603,0,0,0,0,0,0
AT1G06607,3,9,6,11,0,1
AT1G06610,0,0,0,0,0,0
AT1G06613,0,0,2,0,0,0
AT1G06617,0,0,0,0,0,0
AT1G06620,344,160,169,368,193,588
AT1G06623,0,0,0,0,0,0
AT1G06627,0,0,0,0,0,0
AT1G06630,218,245,158,179,135,225
AT1G06633,0,0,0,0,0,0
AT1G06637,0,0,0,0,0,0
AT1G06640,440,672,492,456,349,493
AT1G06643,10,13,16,10,10,10
AT1G06645,0,0,0,0,0,10
AT1G06647,10,13,16,10,10,10
AT1G06650,19,85,71,22,26,95
AT1G06653,0,0,0,0,0,0
AT1G06657,0,0,0,0,0,0
AT1G06660,54,99,55,51,48,74
AT1G06663,0,0,0,0,0,0
AT1G06667,1,3,2,0,0,1
AT1G06670,345,405,287,322,263,374
AT1G06673,0,0,0,0,0,0
AT1G06677,0,0,0,0,0,0
AT1G06680,34,61,27,8,2,2
AT1G06683,0,0,0,0,0,0
AT1G06687,5,4,3,3,1,5
AT1G06690,9,21,16,14,4,17
AT1G06693,0,0,0,1,0,1
AT1G06697,0,0,0,0,0,0
AT1G06700,777,880,507,813,613,700
AT1G06703,0,0,0,0,0,0
AT1G06707,0,0,1,0,0,1
AT1G06710,63,12,10,11,33,22
AT1G06713,0,0,0,0,0,0
AT1G06717,3,0,0,0,0,1
AT1G06720,304,254,188,353,260,385
AT1G06723,0,0,0,0,0,0
AT1G06727,0,0,0,0,0,1
AT1G06730,121,56,65,134,56,124
AT1G06733,1,0,0,0,0,0
AT1G06737,0,0,0,0,0,0
AT1G06740,64,18,19,49,39,48
AT1G06743,0,2,0,0,0,0
AT1G06747,0,0,0,0,0,0
AT1G06750,0,2,0,1,0,6
AT1G06753,0,4,1,2,2,3
AT1G06757,0,2,1,2,0,3
AT1G06760,1158,2444,1830,1970,1243,2225
AT1G06770,166,167,77,133,60,125
AT1G06773,1,6,0,3,0,3
AT1G06777,0,0,0,0,0,0
AT1G06780,175,228,106,178,143,172
AT1G06783,0,0,0,0,0,0
AT1G06787,34,31,24,38,16,38
AT1G06790,162,194,141,150,107,140
AT1G06797,0,0,0,0,0,0
AT1G06800,83,54,70,104,78,127
AT1G06810,0,0,0,0,0,0
AT1G06817,0,0,0,0,0,0
AT1G06820,145,94,51,85,50,56
AT1G06823,0,0,0,0,0,0
AT1G06827,0,0,0,0,0,0
AT1G06830,0,0,3,0,0,5
AT1G06837,1,1,1,0,2,0
AT1G06840,61,98,50,77,56,148
AT1G06850,274,177,219,286,191,254
AT1G06853,0,4,0,0,0,0
AT1G06857,0,0,0,0,0,0
AT1G06860,0,0,0,0,0,0
AT1G06863,0,0,0,0,0,0
AT1G06867,0,0,0,0,0,1
AT1G06870,220,348,270,488,353,506
AT1G06873,0,0,0,0,0,0
AT1G06877,0,0,0,0,0,0
AT1G06880,0,0,0,0,0,0
AT1G06883,0,0,0,0,0,0
AT1G06890,556,852,508,647,413,657
AT1G06897,0,0,0,0,0,0
AT1G06900,381,310,173,381,311,442
AT1G06903,0,0,0,0,0,0
AT1G06907,0,0,0,0,0,0
AT1G06910,61,86,45,66,43,30
AT1G06913,0,0,0,0,0,0
AT1G06917,0,0,0,0,0,0
AT1G06920,0,0,0,0,0,0
AT1G06923,0,66,29,0,17,7
AT1G06925,0,0,0,0,0,0
AT1G06927,0,0,0,0,0,0
AT1G06930,126,237,177,246,162,209
AT1G06933,0,0,0,0,0,0
AT1G06937,0,0,0,0,0,0
AT1G06943,0,0,0,0,0,0
AT1G06947,0,0,0,0,0,0
AT1G06950,167,203,223,251,180,218
AT1G06953,0,0,0,0,0,0
AT1G06957,0,0,0,0,0,0
AT1G06960,311,627,266,295,216,302
AT1G06963,0,0,0,0,0,0
AT1G06967,0,0,0,0,0,0
AT1G06970,4,0,2,5,0,1
AT1G06973,0,0,0,0,0,0
AT1G06977,1,3,0,5,5,8
AT1G06980,74,85,49,49,19,54
AT1G06983,6,8,0,2,0,11
AT1G06987,0,0,0,0,0,0
AT1G06990,2,9,2,7,7,5
AT1G06993,0,0,0,0,0,0
AT1G06997,0,0,0,0,0,0
AT1G07000,17,67,48,55,56,122
AT1G07003,0,0,0,0,0,0
AT1G07007,0,0,0,0,0,0
AT1G07010,2,8,6,1,0,2
AT1G07013,0,0,0,0,0,0
AT1G07017,4,1,1,1,2,0
AT1G07020,447,875,439,457,338,455
AT1G07023,3,0,1,1,0,0
AT1G07025,0,0,0,1,0,0
AT1G07027,0,0,2,0,0,0
AT1G07030,422,259,285,425,414,505
AT1G07040,135,194,138,184,135,321
AT1G07050,7,0,0,0,0,0
AT1G07051,0,0,0,0,0,0
AT1G07060,9,0,0,1,5,5
AT1G07070,510,1215,749,408,380,520
AT1G07080,808,734,834,854,490,742
AT1G07090,31,112,93,20,14,33
AT1G07100,0,0,0,0,0,0
AT1G07110,162,131,107,130,123,121
AT1G07117,0,0,0,0,0,0
AT1G07119,19,48,27,22,15,27
AT1G07120,2,19,12,7,6,8
AT1G07123,0,0,0,0,0,0
AT1G07127,0,0,0,0,0,0
AT1G07128,97,121,81,70,46,134
AT1G07130,99,98,60,67,52,129
AT1G07133,0,0,0,0,0,0
AT1G07135,286,13,6,34,37,569
AT1G07137,0,0,0,0,0,0
AT1G07140,2159,3701,2508,2275,1848,2406
AT1G07143,2,1,0,0,0,0
AT1G07147,0,0,0,0,0,0
AT1G07150,16,17,10,17,4,19
AT1G07157,0,0,0,0,0,0
AT1G07160,2,6,2,10,3,15
AT1G07163,0,0,0,0,0,0
AT1G07167,0,0,0,0,0,0
AT1G07170,879,1712,889,668,541,766
AT1G07173,0,0,0,0,0,0
AT1G07175,68,147,104,151,92,154
AT1G07177,0,0,0,0,0,0
AT1G07180,18,3,0,2,0,1
AT1G07183,0,0,0,0,0,0
AT1G07187,5,8,1,10,8,17
AT1G07190,0,0,0,0,0,0
AT1G07193,0,0,0,0,0,0
AT1G07197,0,0,0,0,0,0
AT1G07200,86,156,110,50,86,117
AT1G07210,639,1344,718,775,555,690
AT1G07220,178,94,74,159,95,126
AT1G07230,160,190,124,238,177,249
AT1G07233,0,0,0,0,0,0
AT1G07237,0,0,0,0,0,0
AT1G07240,84,143,84,82,120,130
AT1G07243,0,0,0,0,0,0
AT1G07247,0,0,0,0,0,0
AT1G07250,222,231,158,200,183,226
AT1G07253,0,0,0,0,0,0
AT1G07257,0,0,0,0,0,0
AT1G07260,367,206,147,363,247,286
AT1G07263,0,0,0,0,0,0
AT1G07267,0,2,0,0,0,0
AT1G07270,28,36,15,61,30,19
AT1G07273,0,0,0,0,0,0
AT1G07277,0,0,0,0,0,0
AT1G07280,71,75,34,84,46,88
AT1G07283,0,0,0,0,0,0
AT1G07287,2,7,4,0,1,2
AT1G07290,18,44,35,30,28,35
AT1G07293,0,0,0,0,0,0
AT1G07297,0,0,0,0,0,0
AT1G07300,84,114,91,64,48,71
AT1G07303,0,1,0,1,0,0
AT1G07310,511,444,396,422,364,573
AT1G07313,0,0,0,0,0,1
AT1G07317,0,0,0,0,0,0
AT1G07320,112,144,131,99,89,98
AT1G07323,85,256,176,72,96,89
AT1G07327,0,0,0,0,0,0
AT1G07330,0,0,0,0,0,0
AT1G07333,0,0,0,0,0,0
AT1G07337,0,0,0,0,0,0
AT1G07340,0,1,2,13,2,0
AT1G07343,0,0,0,0,0,0
AT1G07347,0,0,0,0,0,0
AT1G07350,537,182,174,368,403,408
AT1G07353,0,0,0,0,0,0
AT1G07357,0,0,0,0,0,0
AT1G07360,850,372,453,853,433,571
AT1G07367,4,0,1,3,0,37
AT1G07370,396,750,464,587,315,304
AT1G07373,3,4,0,0,0,27
AT1G07380,69,87,61,61,46,99
AT1G07383,0,0,0,0,0,0
AT1G07390,13,16,6,23,24,14
AT1G07393,0,0,0,0,0,0
AT1G07397,6,10,11,1,3,3
AT1G07400,42,23,3,20,24,12
AT1G07407,17,20,15,2,7,2
AT1G07410,83,208,91,114,95,96
AT1G07413,0,0,0,0,0,0
AT1G07417,0,0,0,0,0,0
AT1G07420,999,869,810,989,734,832
AT1G07423,0,0,0,0,0,0
AT1G07430,0,1,1,3,1,9
AT1G07433,0,0,0,0,0,0
AT1G07437,0,0,0,0,0,0
AT1G07440,0,0,0,0,0,0
AT1G07447,0,0,0,0,0,0
AT1G07450,0,0,0,0,0,0
AT1G07453,0,0,0,0,0,0
AT1G07457,0,1,1,0,0,0
AT1G07460,0,3,0,0,0,0
AT1G07463,2,0,0,0,0,0
AT1G07467,0,0,0,0,0,0
AT1G07470,440,560,493,570,331,474
AT1G07473,0,2,5,2,2,6
AT1G07476,0,0,0,0,0,1
AT1G07477,0,4,2,12,0,2
AT1G07480,394,250,218,294,234,345
AT1G07483,0,0,0,0,0,0
AT1G07485,26,34,19,18,13,16
AT1G07487,0,0,0,0,1,0
AT1G07490,28,64,31,38,33,24
AT1G07493,0,0,0,0,0,0
AT1G07497,0,0,0,0,0,0
AT1G07500,0,6,1,0,1,3
AT1G07503,0,0,0,0,0,0
AT1G07507,0,0,0,0,0,0
AT1G07510,242,300,168,223,166,248
AT1G07513,16,14,8,4,7,13
AT1G07517,0,0,5,5,3,0
AT1G07520,123,181,61,111,117,120
AT1G07523,1,0,0,1,0,2
AT1G07527,0,0,0,0,0,0
AT1G07530,216,194,123,218,241,339
AT1G07533,0,0,0,0,0,0
AT1G07537,0,0,0,0,0,0
AT1G07540,0,0,0,0,0,0
AT1G07543,0,0,0,1,0,0
AT1G07547,3,8,4,4,1,2
AT1G07550,0,8,4,1,1,10
AT1G07553,0,0,0,0,0,0
AT1G07557,0,0,0,0,0,0
AT1G07560,1,55,21,3,2,22
AT1G07563,0,3,2,2,1,1
AT1G07567,10,10,5,5,2,15
AT1G07570,161,161,107,132,91,89
AT1G07573,0,0,0,0,0,0
AT1G07580,0,0,0,0,0,0
AT1G07583,0,0,0,0,0,0
AT1G07587,3,4,2,11,11,5
AT1G07590,20723,91446,62872,10530,10534,75023
AT1G07593,0,0,0,0,0,0
AT1G07597,1,0,0,0,0,0
AT1G07600,1155,6472,4472,699,805,4616
AT1G07603,38,29,36,29,43,34
AT1G07607,36,76,42,44,20,28
AT1G07610,4979,32483,18832,1945,2654,17814
AT1G07613,0,1,0,1,0,0
AT1G07615,149,136,98,147,111,157
AT1G07617,0,0,0,0,0,0
AT1G07620,4,11,18,4,7,48
AT1G07623,0,0,0,0,0,0
AT1G07627,0,0,0,0,0,0
AT1G07630,66,125,81,96,75,251
AT1G07633,0,0,0,0,0,0
AT1G07637,0,0,0,0,0,0
AT1G07640,254,284,212,207,262,170
AT1G07645,0,0,0,0,2,0
AT1G07647,3,5,1,1,0,2
AT1G07650,82,89,24,44,46,88
AT1G07653,0,0,0,2,0,0
AT1G07657,1,2,3,2,1,1
AT1G07660,376,883,443,376,299,519
AT1G07663,0,0,1,1,1,0
AT1G07667,15,20,17,17,10,8
AT1G07670,418,260,151,435,406,459
AT1G07673,0,0,0,0,0,0
AT1G07680,0,2,0,0,0,0
AT1G07683,1,0,0,0,0,1
AT1G07690,0,0,0,0,0,0
AT1G07693,2,0,0,0,1,1
AT1G07697,1,1,0,0,1,0
AT1G07700,113,183,126,43,39,54
AT1G07702,0,0,0,0,0,0
AT1G07703,3,6,2,3,0,2
AT1G07705,114,127,100,233,160,142
AT1G07707,0,0,0,0,0,0
AT1G07710,31,47,14,43,20,28
AT1G07717,0,0,0,0,0,0
AT1G07720,0,1,0,0,0,0
AT1G07723,0,0,0,0,0,0
AT1G07725,123,66,66,80,93,113
AT1G07727,0,0,0,0,0,0
AT1G07728,124,89,90,126,117,150
AT1G07730,34,29,23,50,62,36
AT1G07733,14,41,25,9,9,10
AT1G07737,19,22,18,13,1,21
AT1G07740,33,36,17,28,23,16
AT1G07743,20,51,28,9,8,17
AT1G07745,68,139,61,63,63,81
AT1G07747,0,4,0,1,0,0
AT1G07750,920,618,556,729,475,870
AT1G07753,30,17,11,17,8,14
AT1G07757,0,0,0,0,0,0
AT1G07760,0,0,0,0,0,0
AT1G07763,0,0,0,0,0,0
AT1G07767,0,0,0,0,0,0
AT1G07770,3274,6445,3809,2689,2465,2921
AT1G07773,0,0,0,0,0,0
AT1G07777,0,0,0,0,0,0
AT1G07780,103,127,90,121,65,113
AT1G07783,1,0,0,0,0,0
AT1G07787,0,0,0,0,0,0
AT1G07790,556,1221,963,819,521,688
AT1G07793,0,0,0,0,0,0
AT1G07795,20,52,37,21,8,17
AT1G07803,30,89,49,59,36,62
AT1G07807,0,0,2,1,0,0
AT1G07810,277,167,113,248,189,301
AT1G07813,2,9,2,9,8,2
AT1G07820,1319,3815,2126,1595,1305,2003
AT1G07823,0,2,0,4,0,3
AT1G07827,0,0,0,0,0,0
AT1G07830,975,1222,690,657,533,691
AT1G07833,0,0,0,0,0,0
AT1G07837,0,0,0,0,0,2
AT1G07840,385,289,200,312,208,276
AT1G07843,0,0,0,0,0,0
AT1G07847,55,84,67,67,51,76
AT1G07850,1,0,1,0,1,2
AT1G07853,0,0,0,0,0,0
AT1G07857,0,0,0,0,0,0
AT1G07860,0,0,0,0,0,0
AT1G07863,0,0,0,0,0,0
AT1G07867,0,0,0,0,0,0
AT1G07870,69,98,52,50,47,201
AT1G07873,0,0,0,0,0,0
AT1G07877,4,4,0,2,6,0
AT1G07880,0,0,2,0,0,2
AT1G07883,0,0,0,0,0,0
AT1G07885,0,2,0,0,0,0
AT1G07887,938,987,629,832,659,807
AT1G07890,2887,9236,4846,4720,3246,3886
AT1G07893,138,96,84,114,126,122
AT1G07897,9,38,5,9,9,9
AT1G07900,0,0,1,0,0,0
AT1G07901,1,6,9,2,1,7
AT1G07902,13,41,17,17,11,32
AT1G07903,6,25,9,6,8,11
AT1G07907,0,0,0,0,1,0
AT1G07910,50,80,35,50,35,86
AT1G07913,0,5,1,0,2,1
AT1G07917,0,0,0,0,0,0
AT1G07920,7448,4453,5004,6864,3996,5836
AT1G07923,0,0,1,0,1,0
AT1G07927,0,1,0,0,0,0
AT1G07930,4262,2443,2686,4330,2423,3725
AT1G07933,4,28,55,31,27,60
AT1G07937,24,45,25,24,22,14
AT1G07940,4742,3894,3875,5174,2859,4337
AT1G07943,0,3,0,1,0,0
AT1G07947,0,0,0,0,0,0
AT1G07950,222,370,237,186,179,206
AT1G07957,0,0,0,0,0,0
AT1G07960,677,1228,717,673,434,603
AT1G07963,0,0,2,0,0,0
AT1G07967,0,1,0,0,0,0
AT1G07970,214,159,111,259,165,184
AT1G07973,0,0,0,0,0,0
AT1G07977,0,0,0,0,0,0
AT1G07980,112,154,99,140,99,139
AT1G07983,67,146,150,94,95,73
AT1G07985,583,234,75,488,366,839
AT1G07987,0,0,1,0,1,1
AT1G07990,180,281,163,204,234,281
AT1G07993,0,0,0,0,0,0
AT1G07997,0,0,0,0,0,0
AT1G08000,125,60,61,95,52,67
AT1G08003,36,23,37,43,34,46
AT1G08005,1,0,0,0,0,1
AT1G08007,0,0,0,0,0,0
AT1G08010,242,159,148,301,206,226
AT1G08013,0,0,0,0,0,0
AT1G08017,0,0,0,0,0,0
AT1G08023,0,0,0,0,0,0
AT1G08027,0,0,0,0,0,0
AT1G08030,192,196,137,190,112,179
AT1G08033,0,0,0,1,0,0
AT1G08035,0,2,10,0,2,0
AT1G08037,218,517,343,235,209,287
AT1G08040,170,231,114,122,97,150
AT1G08043,23,117,59,28,21,27
AT1G08047,0,1,0,0,1,0
AT1G08050,17,14,6,20,19,56
AT1G08053,0,0,0,0,0,0
AT1G08057,0,0,0,0,0,0
AT1G08060,100,105,74,77,82,111
AT1G08063,0,0,0,0,0,0
AT1G08065,0,0,0,0,0,0
AT1G08070,9,9,1,10,5,27
AT1G08073,0,0,0,2,0,0
AT1G08077,0,0,0,0,0,0
AT1G08080,0,0,0,0,0,0
AT1G08087,2,58,53,2,6,45
AT1G08090,0,20,0,0,0,0
AT1G08093,2,0,0,0,1,0
AT1G08097,2,0,0,1,1,0
AT1G08100,0,0,0,0,0,0
AT1G08103,2,2,1,0,3,1
AT1G08107,0,0,0,0,0,0
AT1G08110,660,1115,642,538,406,595
AT1G08113,0,0,0,0,0,0
AT1G08115,2,1,0,1,0,0
AT1G08117,0,1,0,0,2,0
AT1G08120,1,0,0,3,1,0
AT1G08123,0,0,1,1,1,0
AT1G08125,302,226,165,185,173,250
AT1G08127,0,0,0,0,0,0
AT1G08130,236,227,190,302,176,181
AT1G08133,0,0,0,0,0,0
AT1G08135,0,0,0,0,0,0
AT1G08137,0,3,0,1,0,0
AT1G08140,0,0,0,0,0,0
AT1G08143,0,0,0,0,0,2
AT1G08147,0,0,0,0,0,1
AT1G08150,0,0,0,0,0,0
AT1G08153,0,0,0,0,0,0
AT1G08157,0,0,0,0,0,0
AT1G08160,627,402,300,323,349,377
AT1G08163,0,0,0,0,0,0
AT1G08165,0,1,0,0,0,0
AT1G08170,0,0,0,0,0,2
AT1G08173,2,6,7,4,3,23
AT1G08177,0,0,0,0,0,0
AT1G08180,17,96,31,14,23,20
AT1G08183,0,0,0,0,0,0
AT1G08190,244,233,162,226,264,330
AT1G08193,0,0,0,0,0,0
AT1G08200,1320,2305,1329,1516,903,1322
AT1G08207,0,0,0,0,0,0
AT1G08210,266,165,194,235,207,232
AT1G08213,6,35,13,8,9,21
AT1G08217,5,16,15,8,17,13
AT1G08220,144,127,138,159,146,130
AT1G08223,0,0,0,0,0,0
AT1G08227,0,0,0,0,0,0
AT1G08230,481,336,203,315,253,278
AT1G08237,0,0,0,0,0,0
AT1G08240,0,0,0,0,0,0
AT1G08247,0,0,0,0,0,0
AT1G08250,101,82,80,109,121,59
AT1G08253,0,0,0,0,0,0
AT1G08257,0,0,2,0,0,0
AT1G08260,184,250,136,187,188,215
AT1G08263,0,0,0,0,0,0
AT1G08267,0,0,0,0,0,0
AT1G08270,7,24,17,19,13,17
AT1G08273,0,1,4,0,0,1
AT1G08277,0,0,0,0,0,0
AT1G08280,55,92,50,100,106,91
AT1G08283,101,211,161,65,79,80
AT1G08287,0,1,0,0,1,0
AT1G08290,2,2,2,12,7,1
AT1G08293,1,10,3,1,2,9
AT1G08297,0,0,0,0,0,0
AT1G08300,13,4,0,13,18,10
AT1G08303,0,0,0,0,0,0
AT1G08307,0,0,0,1,0,0
AT1G08310,12,8,19,5,3,16
AT1G08313,0,0,0,0,0,0
AT1G08315,90,79,66,74,47,97
AT1G08317,7,11,11,15,10,18
AT1G08320,31,104,97,19,18,149
AT1G08323,0,1,0,1,0,0
AT1G08327,0,0,1,0,0,0
AT1G08333,0,0,0,0,0,1
AT1G08337,0,0,0,0,0,0
AT1G08340,92,233,85,90,103,49
AT1G08343,0,0,0,0,0,0
AT1G08347,0,0,0,0,0,0
AT1G08350,246,207,187,373,254,259
AT1G08353,0,0,0,0,0,0
AT1G08357,0,0,0,0,0,0
AT1G08360,6315,14122,6950,6394,4592,6003
AT1G08363,0,0,0,0,0,0
AT1G08367,0,0,0,0,0,0
AT1G08370,424,373,406,643,354,488
AT1G08377,0,0,0,0,0,0
AT1G08380,48,56,22,12,5,12
AT1G08383,0,0,0,0,0,0
AT1G08387,23,52,21,5,9,13
AT1G08390,126,163,110,84,67,107
AT1G08393,3,9,4,1,2,3
AT1G08397,0,0,0,0,0,0
AT1G08400,49,90,43,61,49,93
AT1G08403,0,3,0,0,0,0
AT1G08410,194,216,111,314,213,194
AT1G08413,0,0,2,0,0,0
AT1G08417,0,0,0,0,0,0
AT1G08420,181,109,95,217,198,199
AT1G08427,0,0,0,0,0,0
AT1G08430,13,67,11,90,56,59
AT1G08433,0,0,0,0,0,0
AT1G08437,0,1,0,0,0,0
AT1G08440,0,0,0,2,0,1
AT1G08443,0,0,0,0,0,0
AT1G08447,0,0,1,0,0,0
AT1G08450,318,520,237,421,293,403
AT1G08453,0,0,0,0,0,0
AT1G08457,0,0,0,0,0,0
AT1G08460,249,285,191,181,143,188
AT1G08463,6,13,7,5,7,6
AT1G08465,0,0,0,0,0,0
AT1G08470,59,83,53,111,60,65
AT1G08473,0,0,0,0,0,0
AT1G08477,278,212,80,325,328,187
AT1G08480,1114,2274,1279,1102,817,1262
AT1G08483,0,0,0,0,0,0
AT1G08487,0,0,0,0,0,0
AT1G08490,217,154,137,193,147,213
AT1G08493,0,0,0,0,0,0
AT1G08497,0,0,0,0,0,0
AT1G08500,153,415,336,255,277,413
AT1G08503,0,0,0,0,0,0
AT1G08507,4,7,5,7,4,19
AT1G08510,596,482,324,645,363,620
AT1G08513,0,9,6,6,5,7
AT1G08517,0,0,0,0,0,0
AT1G08520,75,75,41,89,60,73
AT1G08523,0,0,0,0,0,0
AT1G08530,90,221,82,166,105,132
AT1G08533,0,0,0,0,0,0
AT1G08537,4,0,0,0,0,3
AT1G08540,26,44,26,50,48,50
AT1G08543,36,48,20,28,36,39
AT1G08547,0,0,0,0,2,0
AT1G08550,114,268,157,101,81,151
AT1G08553,0,0,0,0,0,0
AT1G08557,0,1,0,0,0,0
AT1G08560,474,837,426,339,250,570
AT1G08563,0,2,0,2,0,2
AT1G08567,0,2,1,0,0,1
AT1G08570,498,567,458,419,269,560
AT1G08573,4,7,4,3,5,6
AT1G08577,0,0,0,0,0,0
AT1G08580,673,780,793,623,480,609
AT1G08583,0,0,0,0,0,0
AT1G08587,0,0,0,0,0,0
AT1G08590,244,132,97,155,213,196
AT1G08592,201,89,76,119,211,160
AT1G08597,2,1,0,2,2,3
AT1G08600,167,240,145,191,125,220
AT1G08603,0,0,0,0,0,0
AT1G08607,0,0,0,0,0,0
AT1G08610,85,62,38,108,62,46
AT1G08613,0,0,0,1,0,0
AT1G08620,185,178,141,196,181,250
AT1G08623,0,0,0,0,0,0
AT1G08627,0,0,0,0,0,0
AT1G08630,8,9,4,36,7,26
AT1G08633,1,1,3,0,0,0
AT1G08637,0,0,0,0,0,0
AT1G08640,350,293,206,268,198,284
AT1G08643,6,75,47,2,2,6
AT1G08645,159,166,126,93,89,47
AT1G08647,0,0,0,0,0,0
AT1G08650,1505,1370,933,670,675,550
AT1G08653,0,0,0,0,0,0
AT1G08657,221,222,130,263,195,245
AT1G08660,506,706,312,460,388,486
AT1G08663,0,0,0,0,0,0
AT1G08667,1,4,1,0,3,0
AT1G08670,118,231,124,82,53,104
AT1G08673,0,0,0,0,0,0
AT1G08677,0,0,0,0,0,0
AT1G08680,248,186,131,227,194,208
AT1G08683,0,0,0,0,0,0
AT1G08695,0,0,0,0,0,0
AT1G08697,0,6,5,1,0,0
AT1G08700,360,322,224,304,205,289
AT1G08703,0,0,0,0,0,0
AT1G08707,2,1,0,1,0,2
AT1G08710,131,200,115,137,100,178
AT1G08713,0,4,4,3,2,1
AT1G08717,0,0,0,0,0,0
AT1G08720,74,104,72,65,45,135
AT1G08723,5,3,3,2,8,7
AT1G08727,66,38,32,49,47,45
AT1G08730,4,28,3,7,10,1
AT1G08733,3,0,0,1,0,0
AT1G08737,0,0,0,0,0,0
AT1G08743,0,0,0,0,0,0
AT1G08747,0,0,0,0,0,0
AT1G08750,126,221,125,198,119,129
AT1G08753,11,27,9,13,6,12
AT1G08757,0,0,0,2,0,0
AT1G08760,133,149,102,179,124,182
AT1G08763,0,0,0,0,0,0
AT1G08767,1,0,0,0,0,0
AT1G08770,258,529,345,196,209,350
AT1G08773,0,0,0,0,0,0
AT1G08777,0,0,0,0,0,0
AT1G08780,323,891,501,346,281,404
AT1G08783,0,0,0,1,0,0
AT1G08787,0,1,0,0,0,0
AT1G08790,0,0,1,0,0,0
AT1G08793,0,0,0,0,0,0
AT1G08797,0,0,0,0,1,3
AT1G08800,96,154,109,127,81,217
AT1G08803,23,102,123,31,47,386
AT1G08807,0,0,0,0,0,0
AT1G08810,0,5,3,0,0,3
AT1G08813,0,0,0,0,0,0
AT1G08817,0,0,0,0,0,0
AT1G08820,389,661,357,511,334,499
AT1G08823,0,4,1,0,0,1
AT1G08827,0,2,0,0,0,0
AT1G08830,770,6152,2583,1220,960,990
AT1G08833,0,0,0,0,0,0
AT1G08840,23,49,44,39,42,72
AT1G08843,0,0,0,0,0,0
AT1G08845,122,151,109,98,68,164
AT1G08847,3,5,2,5,4,8
AT1G08853,0,0,0,0,0,2
AT1G08857,23,12,7,14,18,41
AT1G08860,0,0,0,0,0,0
AT1G08863,0,0,0,0,0,0
AT1G08867,0,0,1,0,0,0
AT1G08870,0,0,0,0,0,0
AT1G08877,0,2,0,0,0,0
AT1G08880,682,1818,1307,802,655,965
AT1G08883,0,0,0,0,0,0
AT1G08887,0,0,0,0,0,0
AT1G08890,124,131,85,251,145,186
AT1G08893,0,0,0,0,0,0
AT1G08897,0,0,0,0,0,0
AT1G08900,23,35,23,8,14,37
AT1G08903,0,9,6,1,1,4
AT1G08907,0,0,0,0,0,0
AT1G08910,39,41,54,89,82,75
AT1G08913,0,0,0,0,0,0
AT1G08920,123,159,126,160,83,191
AT1G08923,0,0,0,0,0,0
AT1G08927,0,0,0,0,0,0
AT1G08930,295,363,277,535,346,556
AT1G08933,0,0,0,0,0,1
AT1G08937,0,0,1,0,0,1
AT1G08940,101,110,92,90,94,86
AT1G08947,0,0,0,0,0,0
AT1G08950,0,0,0,0,0,0
AT1G08953,0,0,0,0,0,0
AT1G08960,100,63,46,181,107,71
AT1G08963,0,0,0,0,0,0
AT1G08967,2,4,0,0,0,2
AT1G08970,299,446,305,303,193,291
AT1G08973,7,2,2,7,6,12
AT1G08977,0,0,0,0,0,0
AT1G08980,7,6,14,4,3,8
AT1G08983,0,0,0,0,0,0
AT1G08985,0,0,2,0,0,0
AT1G08987,0,0,0,0,0,0
AT1G08990,29,59,53,26,43,100
AT1G08993,0,0,0,0,0,0
AT1G08997,0,0,0,0,0,0
AT1G09000,52,61,61,55,48,69
AT1G09003,3,13,0,1,2,3
AT1G09007,2,0,1,1,0,0
AT1G09010,185,172,114,240,185,220
AT1G09013,0,0,0,0,0,0
AT1G09017,0,0,1,0,0,0
AT1G09020,182,236,250,329,254,257
AT1G09023,18,39,25,17,20,63
AT1G09027,44,67,46,28,16,48
AT1G09030,0,0,0,0,0,0
AT1G09033,0,0,0,0,0,0
AT1G09037,0,0,0,0,0,0
AT1G09040,43,58,31,17,9,31
AT1G09043,0,0,0,0,0,0
AT1G09047,0,0,0,0,0,0
AT1G09050,37,22,22,26,48,46
AT1G09053,110,137,70,123,81,79
AT1G09057,0,0,0,0,0,0
AT1G09060,100,85,88,101,126,126
AT1G09063,3,1,0,3,0,3
AT1G09067,0,2,1,0,1,3
AT1G09070,306,372,288,224,193,1026
AT1G09073,0,0,0,0,0,0
AT1G09077,0,0,0,0,0,0
AT1G09080,0,0,1,2,0,0
AT1G09083,2,6,0,3,2,0
AT1G09087,0,0,0,0,1,1
AT1G09090,94,116,93,96,64,180
AT1G09097,0,0,0,0,0,0
AT1G09100,244,343,223,322,171,322
AT1G09103,0,0,0,0,0,0
AT1G09107,0,0,0,0,0,0
AT1G09110,0,0,0,0,0,0
AT1G09113,0,0,0,0,0,0
AT1G09117,0,0,0,0,0,0
AT1G09123,0,0,0,0,0,0
AT1G09127,1,1,2,1,1,1
AT1G09130,200,301,276,340,202,275
AT1G09133,0,0,0,0,0,0
AT1G09137,0,0,0,0,0,1
AT1G09140,815,764,464,531,528,656
AT1G09143,0,1,0,0,0,0
AT1G09147,0,0,0,0,0,0
AT1G09150,888,1264,805,813,623,805
AT1G09153,0,0,0,0,0,0
AT1G09155,4,15,20,1,11,11
AT1G09157,3,2,0,0,0,0
AT1G09160,423,530,284,433,351,389
AT1G09163,2,1,1,2,0,0
AT1G09167,2,5,2,6,3,5
AT1G09170,18,9,7,6,5,15
AT1G09173,0,0,0,0,0,0
AT1G09176,1,9,1,0,0,7
AT1G09177,0,0,0,0,0,0
AT1G09180,0,0,0,0,6,0
AT1G09183,0,0,0,0,0,0
AT1G09187,0,0,0,0,0,0
AT1G09190,5,13,13,24,16,43
AT1G09193,2,2,4,2,3,7
AT1G09195,15,63,18,30,41,44
AT1G09197,0,0,0,0,0,0
AT1G09200,937,3896,2562,1805,1471,1586
AT1G09207,1,0,1,0,0,1
AT1G09210,1683,1469,1329,2505,1310,2184
AT1G09213,0,0,0,0,0,0
AT1G09217,0,0,0,1,0,0
AT1G09220,21,18,5,22,5,26
AT1G09223,0,1,0,0,0,0
AT1G09227,0,0,0,0,0,0
AT1G09230,176,102,104,150,109,115
AT1G09233,3,1,0,4,0,1
AT1G09237,0,0,0,0,0,0
AT1G09240,0,0,0,0,0,0
AT1G09243,0,0,0,0,0,0
AT1G09245,0,0,0,0,0,0
AT1G09247,29,68,26,29,23,42
AT1G09250,475,598,411,653,479,599
AT1G09253,1,7,2,4,1,1
AT1G09257,1,0,0,4,1,2
AT1G09260,0,13,0,0,0,0
AT1G09263,1,0,0,0,0,0
AT1G09267,0,0,0,0,0,0
AT1G09270,679,595,402,892,585,760
AT1G09273,0,0,0,0,0,0
AT1G09277,0,0,0,0,0,0
AT1G09280,422,354,261,402,339,264
AT1G09283,0,0,0,0,0,0
AT1G09287,1,1,0,0,0,4
AT1G09290,275,336,162,226,152,225
AT1G09293,0,0,0,0,1,0
AT1G09297,19,7,12,18,9,21
AT1G09300,143,157,118,164,89,146
AT1G09303,0,0,0,0,0,0
AT1G09307,0,0,0,0,0,0
AT1G09310,1,19,11,6,1,2
AT1G09313,0,0,1,0,0,0
AT1G09317,0,8,1,0,1,1
AT1G09320,67,36,52,87,50,91
AT1G09323,4,1,1,0,0,1
AT1G09327,7,27,9,19,15,13
AT1G09330,614,1225,657,688,463,697
AT1G09333,0,0,0,0,0,0
AT1G09337,0,0,0,0,0,0
AT1G09340,24,23,18,17,15,6
AT1G09343,0,0,0,0,0,0
AT1G09350,0,0,0,0,0,0
AT1G09353,0,0,0,0,0,0
AT1G09357,0,0,0,0,0,0
AT1G09360,0,0,0,0,0,0
AT1G09363,54,125,69,65,59,143
AT1G09367,0,1,0,0,1,0
AT1G09370,0,0,0,0,0,0
AT1G09373,0,0,0,0,0,0
AT1G09377,0,0,0,0,0,0
AT1G09380,0,0,0,0,0,0
AT1G09383,12,43,19,14,9,11
AT1G09387,0,0,0,0,0,0
AT1G09390,24,75,42,39,24,32
AT1G09393,0,0,0,0,0,0
AT1G09397,0,0,0,0,0,0
AT1G09400,0,4,3,0,1,0
AT1G09407,0,0,0,0,0,0
AT1G09410,0,2,3,13,11,10
AT1G09415,3,6,11,1,1,8
AT1G09417,0,0,0,0,0,0
AT1G09420,0,42,14,4,4,24
AT1G09421,0,1,0,1,0,1
AT1G09423,1,0,1,1,2,3
AT1G09427,0,2,1,3,2,4
AT1G09430,668,704,501,540,480,877
AT1G09433,2,1,1,4,1,1
AT1G09437,1,0,0,1,0,0
AT1G09440,45,68,27,10,48,34
AT1G09443,15,34,16,13,12,23
AT1G09447,0,0,0,4,0,0
AT1G09450,58,133,43,53,51,73
AT1G09453,0,5,0,3,0,1
AT1G09457,0,0,0,0,0,0
AT1G09460,1757,1367,1092,1406,1028,1094
AT1G09463,2,0,0,0,1,2
AT1G09467,0,2,0,0,0,0
AT1G09470,96,168,60,86,65,104
AT1G09473,5,31,6,1,5,0
AT1G09477,0,0,0,0,0,0
AT1G09480,22,17,12,24,14,12
AT1G09483,0,0,0,0,0,0
AT1G09487,0,5,9,7,7,12
AT1G09490,130,276,136,114,109,151
AT1G09493,8,17,11,8,2,4
AT1G09497,10,26,12,8,9,9
AT1G09500,0,0,1,0,0,3
AT1G09503,0,0,0,0,0,0
AT1G09507,0,0,0,0,0,0
AT1G09510,5,0,0,3,0,0
AT1G09513,0,1,1,3,0,1
AT1G09517,7,4,0,2,5,4
AT1G09520,499,281,321,359,261,423
AT1G09523,19,13,10,21,15,15
AT1G09527,0,0,0,3,0,1
AT1G09530,48,43,18,42,17,16
AT1G09533,18,31,11,10,9,8
AT1G09537,0,1,0,1,1,1
AT1G09540,57,100,65,41,29,86
AT1G09543,18,17,10,13,16,23
AT1G09547,0,0,0,0,0,0
AT1G09550,0,0,0,0,0,0
AT1G09553,2,0,2,1,1,3
AT1G09557,0,4,1,0,0,0
AT1G09560,4626,6827,6661,5121,3147,6676
AT1G09563,0,0,0,0,0,0
AT1G09567,0,0,0,0,0,0
AT1G09570,906,709,314,690,565,615
AT1G09573,1,1,0,0,0,0
AT1G09575,35,83,33,39,60,58
AT1G09577,0,0,0,0,0,0
AT1G09580,247,688,340,363,249,289
AT1G09583,0,0,0,0,0,0
AT1G09587,0,0,0,0,0,0
AT1G09590,4841,10293,6387,5284,3599,5018
AT1G09593,0,0,0,0,0,0
AT1G09597,0,0,0,0,0,0
AT1G09600,23,34,4,22,11,18
AT1G09603,0,0,0,0,1,0
AT1G09607,1,0,1,0,0,0
AT1G09610,8,61,18,12,31,34
AT1G09613,0,0,0,0,0,0
AT1G09617,14,13,6,9,13,11
AT1G09620,898,603,473,961,691,757
AT1G09623,0,0,2,0,0,0
AT1G09625,0,0,0,0,0,0
AT1G09627,12,33,12,32,12,14
AT1G09630,414,1043,455,485,337,463
AT1G09633,0,0,0,0,0,0
AT1G09637,0,0,0,1,1,1
AT1G09640,2442,2678,1630,2476,1716,2337
AT1G09645,202,580,384,278,179,302
AT1G09647,0,0,0,0,0,0
AT1G09650,19,19,12,17,1,9
AT1G09653,0,0,0,0,0,0
AT1G09657,0,0,0,0,0,0
AT1G09660,793,441,347,617,471,431
AT1G09663,5,3,6,3,3,5
AT1G09665,0,0,0,0,0,0
AT1G09667,0,0,0,0,3,0
AT1G09673,3,10,18,14,8,25
AT1G09677,3,3,5,1,2,4
AT1G09680,23,29,8,38,21,50
AT1G09683,0,0,0,0,0,0
AT1G09687,0,6,3,0,1,1
AT1G09690,10348,17479,9754,8080,5870,7944
AT1G09693,0,0,0,0,2,0
AT1G09697,22,6,5,1,8,12
AT1G09700,167,229,91,163,111,171
AT1G09703,0,0,0,0,0,0
AT1G09710,49,55,56,23,39,31
AT1G09713,8,8,1,6,3,3
AT1G09717,0,0,0,0,0,0
AT1G09720,0,0,0,3,0,0
AT1G09723,0,0,0,0,0,0
AT1G09730,215,156,96,202,153,269
AT1G09733,0,2,0,1,0,0
AT1G09737,0,0,0,0,0,0
AT1G09740,484,1043,793,435,340,1008
AT1G09743,0,0,0,0,0,0
AT1G09747,0,3,0,5,0,0
AT1G09750,28,68,59,83,52,49
AT1G09753,1,3,0,0,0,1
AT1G09757,0,1,0,0,0,1
AT1G09760,591,1419,663,695,484,589
AT1G09763,0,0,0,0,0,0
AT1G09767,0,1,1,0,0,0
AT1G09770,1761,1314,869,1410,995,1404
AT1G09773,0,3,1,0,0,0
AT1G09777,0,1,1,1,2,0
AT1G09780,1380,1145,961,1942,1098,1489
AT1G09783,22,42,51,48,39,66
AT1G09787,0,0,0,0,0,0
AT1G09790,0,0,0,0,0,0
AT1G09793,0,6,3,0,2,1
AT1G09794,51,111,84,51,44,92
AT1G09795,175,117,117,234,195,264
AT1G09797,0,5,0,0,2,1
AT1G09800,64,59,26,55,35,50
AT1G09803,9,0,0,0,0,2
AT1G09807,0,0,0,0,0,1
AT1G09810,67,130,69,77,75,53
AT1G09812,23,18,17,7,5,4
AT1G09813,0,0,0,0,0,0
AT1G09815,392,644,358,398,262,388
AT1G09817,0,0,0,0,0,0
AT1G09820,13,47,21,66,46,20
AT1G09823,3,1,0,1,1,0
AT1G09827,0,0,0,0,0,0
AT1G09830,153,248,138,218,134,174
AT1G09833,2,5,0,2,2,2
AT1G09837,0,0,0,0,0,0
AT1G09840,511,658,396,464,462,476
AT1G09843,0,1,3,0,4,0
AT1G09847,0,0,0,0,0,0
AT1G09850,138,171,111,233,96,155
AT1G09853,0,0,0,3,0,0
AT1G09857,0,0,0,0,0,0
AT1G09860,40,3,1,13,1,16
AT1G09863,48,42,30,44,33,62
AT1G09867,1,8,0,2,3,0
AT1G09870,493,358,173,414,238,397
AT1G09873,0,0,0,0,0,0
AT1G09877,0,3,3,0,2,0
AT1G09880,6,12,3,3,20,8
AT1G09883,0,0,0,0,0,0
AT1G09887,0,2,0,0,0,0
AT1G09890,2,9,6,21,28,24
AT1G09893,0,0,0,0,0,0
AT1G09897,0,3,0,4,1,4
AT1G09900,47,47,17,71,44,41
AT1G09903,1,0,0,1,2,0
AT1G09907,1,2,1,1,0,4
AT1G09910,106,116,47,65,98,76
AT1G09913,18,13,7,10,4,15
AT1G09917,0,0,1,2,0,1
AT1G09920,276,522,328,328,189,414
AT1G09923,0,0,0,0,0,0
AT1G09927,187,188,243,164,169,177
AT1G09930,0,0,0,0,11,1
AT1G09932,154,66,83,205,262,340
AT1G09935,0,0,0,0,0,0
AT1G09937,0,1,1,0,0,0
AT1G09940,62,89,46,84,78,151
AT1G09947,0,0,0,0,0,0
AT1G09950,4,1,1,5,10,1
AT1G09953,0,0,0,0,0,0
AT1G09957,0,0,0,0,0,0
AT1G09960,68,91,60,75,69,75
AT1G09963,10,16,3,8,5,2
AT1G09967,0,0,0,0,0,0
AT1G09970,450,478,325,536,670,925
AT1G09973,0,0,0,0,0,0
AT1G09977,0,0,0,1,0,0
AT1G09980,211,308,134,217,174,216
AT1G09983,0,0,0,4,0,0
AT1G09987,32,39,20,23,22,29
AT1G09993,17,30,13,23,20,17
AT1G09995,100,243,100,90,94,88
AT1G09997,0,0,0,0,0,1
AT1G10000,3,12,3,13,15,8
AT1G10010,0,1,0,0,0,0
AT1G10020,135,75,56,102,90,132
AT1G10030,676,2026,1039,717,620,740
AT1G10040,39,75,31,74,78,64
AT1G10050,68,65,15,39,29,72
AT1G10060,0,0,0,0,0,1
AT1G10070,84,23,57,155,64,327
AT1G10090,56,36,40,33,30,77
AT1G10095,7,11,10,5,4,7
AT1G10100,0,0,0,0,0,0
AT1G10110,13,4,4,10,6,15
AT1G10120,691,807,327,647,520,681
AT1G10130,254,285,170,200,286,233
AT1G10140,397,448,356,283,231,689
AT1G10150,210,149,94,150,162,222
AT1G10155,211,206,112,138,150,233
AT1G10170,212,125,111,182,133,231
AT1G10180,146,245,151,224,152,205
AT1G10190,0,0,0,0,0,0
AT1G10200,618,1052,652,916,579,829
AT1G10210,158,173,90,148,107,211
AT1G10220,9,24,12,0,5,23
AT1G10225,0,0,0,2,0,0
AT1G10230,43,82,63,44,44,45
AT1G10240,95,53,41,95,50,39
AT1G10250,0,0,0,0,0,0
AT1G10270,84,25,28,94,66,52
AT1G10280,26,63,54,42,57,66
AT1G10290,432,437,300,488,361,573
AT1G10300,15,33,10,18,8,11
AT1G10310,181,274,132,153,166,158
AT1G10320,52,61,35,66,61,44
AT1G10330,23,20,3,24,20,20
AT1G10340,6,27,26,16,3,150
AT1G10350,115,111,49,78,93,125
AT1G10360,4,31,8,8,2,1
AT1G10370,4,38,13,2,3,13
AT1G10380,471,479,335,286,333,158
AT1G10385,0,2,0,0,0,0
AT1G10390,239,176,157,265,182,220
AT1G10395,1,0,0,1,0,0
AT1G10400,68,91,59,205,120,115
AT1G10410,178,286,225,283,228,286
AT1G10417,20,8,19,29,10,8
AT1G10430,312,546,232,363,211,422
AT1G10440,0,0,0,0,0,0
AT1G10450,84,176,70,107,52,137
AT1G10455,0,1,1,0,0,0
AT1G10460,8,49,11,9,16,11
AT1G10470,215,649,401,197,130,259
AT1G10480,56,48,41,14,36,200
AT1G10490,217,299,184,272,172,286
AT1G10500,255,497,363,259,189,397
AT1G10510,45,124,54,70,75,75
AT1G10520,45,49,29,52,28,68
AT1G10522,83,110,99,68,52,107
AT1G10530,284,402,400,608,303,676
AT1G10540,10,1,4,0,0,0
AT1G10550,0,0,5,2,15,9
AT1G10560,70,40,38,98,55,160
AT1G10570,140,117,53,133,175,98
AT1G10580,390,247,245,395,277,315
AT1G10585,0,0,0,0,0,0
AT1G10586,0,0,0,0,0,0
AT1G10588,0,6,1,1,0,0
AT1G10590,3393,4396,2690,2770,2136,2997
AT1G10600,258,266,179,164,199,232
AT1G10610,45,41,16,31,77,37
AT1G10620,0,0,1,0,0,0
AT1G10630,2014,3020,2115,2131,1526,2079
AT1G10640,0,9,2,0,0,0
AT1G10650,78,216,144,77,76,106
AT1G10657,0,6,5,6,3,9
AT1G10660,138,262,162,104,116,147
AT1G10670,2013,2795,1524,2196,1498,1826
AT1G10680,0,12,0,5,1,4
AT1G10682,5265,8103,6517,3529,3838,6733
AT1G10690,161,206,182,168,113,179
AT1G10700,175,225,152,275,159,295
AT1G10710,0,5,0,3,3,3
AT1G10715,0,0,0,0,0,0
AT1G10717,0,0,0,0,0,0
AT1G10720,169,256,160,209,176,306
AT1G10730,53,103,83,50,54,64
AT1G10740,255,239,214,227,153,177
AT1G10745,0,0,0,0,0,0
AT1G10747,1,0,0,0,1,0
AT1G10750,169,125,91,161,131,73
AT1G10760,464,306,202,425,242,489
AT1G10770,15,3,6,1,6,6
AT1G10780,96,221,74,125,93,107
AT1G10790,5,5,3,1,1,0
AT1G10800,3,30,8,10,13,11
AT1G10810,60,74,49,77,55,92
AT1G10820,156,225,153,173,139,142
AT1G10830,72,88,56,92,92,82
AT1G10840,2011,2713,1401,1897,1256,1889
AT1G10850,152,167,113,242,171,226
AT1G10865,313,514,348,351,284,443
AT1G10870,150,156,71,135,60,157
AT1G10875,0,0,0,0,0,0
AT1G10880,0,0,0,0,0,0
AT1G10890,383,429,315,281,294,483
AT1G10900,275,190,159,185,207,158
AT1G10910,102,122,70,178,146,149
AT1G10920,21,0,7,6,7,42
AT1G10930,38,65,36,110,59,54
AT1G10940,352,512,257,327,296,404
AT1G10950,2177,1864,1321,2486,1598,1875
AT1G10960,46,47,59,17,10,8
AT1G10970,98,33,37,103,69,109
AT1G10980,0,0,2,0,0,0
AT1G10990,292,110,209,485,369,457
AT1G11000,229,270,165,374,295,313
AT1G11010,0,0,0,0,0,0
AT1G11020,191,370,193,252,177,251
AT1G11030,0,0,0,0,0,0
AT1G11040,0,0,0,0,0,0
AT1G11050,43,64,39,65,82,80
AT1G11060,148,141,81,106,123,155
AT1G11070,0,4,1,5,6,12
AT1G11080,8,101,150,0,0,31
AT1G11090,65,168,78,124,64,88
AT1G11100,9,22,12,17,16,32
AT1G11110,0,0,0,0,0,0
AT1G11112,0,1,0,0,1,3
AT1G11120,89,153,111,55,43,59
AT1G11125,47,26,24,43,25,35
AT1G11130,119,53,79,80,46,121
AT1G11145,0,0,0,1,0,0
AT1G11160,27,74,22,14,30,37
AT1G11170,13,5,11,39,30,34
AT1G11175,240,378,252,112,109,212
AT1G11180,31,53,28,55,18,73
AT1G11185,70,197,156,133,124,243
AT1G11190,37,67,39,122,109,60
AT1G11200,237,442,234,342,232,222
AT1G11210,2,52,22,42,8,149
AT1G11220,81,148,72,65,32,82
AT1G11230,0,0,0,0,0,0
AT1G11240,454,673,350,356,269,394
AT1G11250,0,0,0,0,0,0
AT1G11260,280,440,483,572,216,650
AT1G11270,83,145,72,95,56,61
AT1G11280,115,156,65,113,83,138
AT1G11290,17,9,6,8,2,3
AT1G11300,5,11,6,8,3,4
AT1G11303,2,3,5,5,2,7
AT1G11310,420,634,420,496,360,696
AT1G11320,35,46,20,26,14,22
AT1G11330,0,2,3,8,11,17
AT1G11340,0,0,1,0,0,0
AT1G11350,5,8,4,4,7,7
AT1G11360,701,845,514,668,476,720
AT1G11362,0,3,1,0,1,1
AT1G11370,0,0,0,0,0,0
AT1G11380,267,225,222,188,114,159
AT1G11390,168,149,94,151,145,142
AT1G11400,574,771,407,436,337,523
AT1G11410,2,4,2,8,2,2
AT1G11420,62,69,45,59,67,50
AT1G11430,258,453,285,335,165,239
AT1G11440,31,97,73,39,35,65
AT1G11450,117,117,131,33,98,38
AT1G11460,14,11,8,0,6,0
AT1G11470,0,0,0,0,0,0
AT1G11475,762,1772,920,662,511,728
AT1G11480,915,579,415,776,541,830
AT1G11490,5,9,10,25,26,12
AT1G11500,7,24,18,9,10,10
AT1G11510,0,0,0,0,1,0
AT1G11520,0,0,0,0,0,0
AT1G11530,131,182,182,160,95,373
AT1G11540,26,30,27,73,54,70
AT1G11545,1051,808,818,1167,713,821
AT1G11550,0,0,0,0,0,0
AT1G11560,0,0,0,0,0,0
AT1G11570,60,127,58,43,40,30
AT1G11572,1,1,2,0,2,0
AT1G11580,3500,3067,1500,4437,2186,2982
AT1G11590,8,1,0,3,0,0
AT1G11591,12,22,19,24,10,17
AT1G11592,167,244,243,241,161,176
AT1G11593,0,0,0,0,0,0
AT1G11600,0,0,0,1,0,6
AT1G11608,0,0,0,0,0,2
AT1G11610,0,0,0,0,0,0
AT1G11620,0,0,0,0,0,0
AT1G11630,110,69,83,94,56,91
AT1G11640,0,0,0,0,0,0
AT1G11650,1216,1108,977,1643,997,1391
AT1G11655,0,21,7,0,2,3
AT1G11660,181,134,83,159,150,130
AT1G11670,1047,982,522,1227,672,1159
AT1G11680,2374,1869,1317,2632,1797,1854
AT1G11684,0,1,0,0,3,0
AT1G11690,0,2,0,4,0,0
AT1G11700,4,59,55,3,6,4
AT1G11710,9,24,18,21,40,17
AT1G11720,169,207,80,110,67,126
AT1G11730,4,12,10,2,3,8
AT1G11735,1,0,0,0,0,0
AT1G11740,140,206,158,91,108,106
AT1G11750,504,916,635,483,306,400
AT1G11755,109,147,110,90,63,136
AT1G11760,158,242,137,150,103,223
AT1G11765,0,0,0,0,0,0
AT1G11770,0,0,0,2,0,0
AT1G11780,133,240,103,162,112,189
AT1G11785,0,0,0,0,0,0
AT1G11790,123,218,126,123,96,94
AT1G11800,28,78,34,39,28,40
AT1G11810,0,0,0,0,0,0
AT1G11820,139,170,115,205,172,133
AT1G11840,944,2207,1163,1064,641,1082
AT1G11850,0,0,0,0,0,0
AT1G11860,987,1673,800,951,649,863
AT1G11870,77,75,71,142,93,113
AT1G11880,131,104,52,75,70,42
AT1G11890,348,607,416,442,274,341
AT1G11900,16,36,46,21,27,25
AT1G11905,234,410,185,306,157,273
AT1G11910,803,1009,700,1030,511,1232
AT1G11915,22,29,27,12,19,28
AT1G11920,0,0,0,0,0,0
AT1G11925,0,0,0,0,0,0
AT1G11930,296,325,189,269,182,365
AT1G11940,73,78,46,57,39,62
AT1G11950,74,61,33,71,42,69
AT1G11960,20,21,20,42,38,70
AT1G11970,0,0,0,0,0,1
AT1G11980,0,0,0,0,0,0
AT1G11990,0,0,0,0,0,0
AT1G12000,1564,1278,1229,2323,1332,1595
AT1G12010,460,29,109,621,478,160
AT1G12013,0,3,4,0,0,0
AT1G12015,0,1,1,0,0,0
AT1G12020,106,185,156,94,78,50
AT1G12030,19,2,0,3,4,11
AT1G12040,14,114,62,75,137,153
AT1G12050,337,217,190,294,209,280
AT1G12060,35,18,29,15,12,6
AT1G12064,0,0,0,0,0,0
AT1G12070,0,5,3,1,0,3
AT1G12080,2647,2138,3071,1661,1594,1759
AT1G12090,5134,7487,7048,5245,3722,4719
AT1G12100,1,14,3,4,6,2
AT1G12110,93,1135,433,185,105,679
AT1G12120,435,663,272,443,390,470
AT1G12130,5,3,0,10,14,16
AT1G12140,36,106,86,58,47,148
AT1G12150,0,11,8,5,10,3
AT1G12160,579,388,265,481,357,408
AT1G12170,0,0,0,0,0,0
AT1G12180,0,0,0,0,0,0
AT1G12190,0,0,0,0,0,0
AT1G12200,15,37,76,77,68,62
AT1G12210,24,25,23,42,32,34
AT1G12211,14,14,18,21,25,19
AT1G12220,23,17,15,10,23,16
AT1G12230,1525,1302,979,1819,1161,1392
AT1G12240,248,204,197,264,142,144
AT1G12244,30,94,44,40,36,39
AT1G12250,14,33,10,16,6,8
AT1G12260,76,71,55,64,99,84
AT1G12270,620,473,345,687,323,549
AT1G12280,18,6,4,15,3,14
AT1G12290,24,17,10,11,20,50
AT1G12294,0,0,0,0,0,0
AT1G12300,13,21,19,58,32,30
AT1G12310,1789,2744,1906,1634,1381,1484
AT1G12320,1997,2894,2025,1858,1438,1540
AT1G12330,21,23,26,11,25,33
AT1G12340,0,0,1,0,0,0
AT1G12350,156,302,172,191,102,163
AT1G12360,309,497,252,325,279,433
AT1G12370,45,59,38,25,8,38
AT1G12380,50,38,16,33,38,39
AT1G12390,514,1148,539,448,319,507
AT1G12400,173,567,264,116,161,147
AT1G12410,585,577,368,420,364,492
AT1G12411,0,0,0,0,0,0
AT1G12420,71,89,42,76,56,106
AT1G12430,77,38,50,55,58,56
AT1G12440,766,1237,862,582,464,676
AT1G12450,146,193,122,167,144,146
AT1G12460,33,28,9,34,35,37
AT1G12470,102,132,59,132,120,210
AT1G12480,10,27,11,5,7,11
AT1G12490,0,0,0,0,0,0
AT1G12500,252,237,207,266,196,191
AT1G12510,0,0,0,0,0,0
AT1G12520,330,317,335,411,375,329
AT1G12530,161,430,242,148,134,154
AT1G12540,0,0,0,0,0,0
AT1G12550,1,36,8,13,16,18
AT1G12560,35,151,59,32,84,113
AT1G12570,0,1,1,0,1,1
AT1G12580,537,436,251,323,291,345
AT1G12590,0,0,0,0,0,0
AT1G12600,31,38,51,60,25,46
AT1G12610,3,1,0,0,0,20
AT1G12615,0,0,0,0,0,0
AT1G12620,29,34,40,51,47,29
AT1G12630,0,0,0,0,0,0
AT1G12640,248,609,309,420,231,373
AT1G12650,377,682,355,372,285,415
AT1G12660,0,0,0,0,0,0
AT1G12663,0,1,0,0,0,0
AT1G12665,0,0,0,0,0,0
AT1G12672,0,1,0,3,0,0
AT1G12680,190,168,78,126,138,213
AT1G12700,4,32,4,17,4,15
AT1G12710,68,75,35,57,55,50
AT1G12730,46,50,32,40,34,51
AT1G12740,162,118,139,221,161,207
AT1G12750,34,78,83,49,43,124
AT1G12760,306,432,245,265,267,400
AT1G12770,71,51,60,76,40,79
AT1G12775,25,36,16,7,3,25
AT1G12780,300,648,637,621,220,357
AT1G12790,47,22,37,69,36,78
AT1G12800,58,39,25,103,34,66
AT1G12805,9,1,1,0,0,1
AT1G12810,369,583,385,259,229,387
AT1G12820,410,467,237,380,268,281
AT1G12830,236,499,231,236,176,246
AT1G12840,1901,3205,1814,2279,1548,2250
AT1G12845,115,419,137,145,134,111
AT1G12850,477,388,433,531,454,414
AT1G12855,0,0,0,0,0,0
AT1G12860,55,42,36,36,30,36
AT1G12870,0,0,0,0,0,0
AT1G12880,83,51,33,61,76,66
AT1G12890,8,8,2,3,5,18
AT1G12900,8,0,4,0,0,0
AT1G12910,1132,1431,783,903,638,973
AT1G12920,2171,1767,1127,2083,1493,1633
AT1G12930,85,158,63,86,103,90
AT1G12940,0,0,0,0,0,0
AT1G12950,11,26,3,9,15,21
AT1G12960,0,0,0,0,0,0
AT1G12970,163,144,63,146,66,104
AT1G12980,0,0,0,0,0,0
AT1G12990,147,228,111,207,148,261
AT1G13000,142,228,134,221,181,301
AT1G13010,0,0,0,0,0,0
AT1G13020,91,114,54,171,89,105
AT1G13030,117,182,112,123,61,119
AT1G13040,30,18,9,10,21,36
AT1G13050,31,12,5,24,28,48
AT1G13060,819,1131,727,568,328,523
AT1G13080,18,149,102,67,35,268
AT1G13090,15,37,20,4,5,32
AT1G13100,27,25,12,16,22,39
AT1G13110,107,107,82,206,111,185
AT1G13120,255,267,132,222,150,200
AT1G13130,0,11,3,0,2,1
AT1G13140,25,23,2,30,3,17
AT1G13143,4,7,2,6,1,1
AT1G13150,2,0,3,12,4,19
AT1G13160,367,280,142,340,229,220
AT1G13170,196,224,69,148,134,158
AT1G13180,133,127,87,130,67,133
AT1G13190,132,173,67,131,103,179
AT1G13195,169,241,163,183,179,204
AT1G13200,0,0,0,0,0,0
AT1G13210,135,169,72,124,107,159
AT1G13220,340,427,253,335,261,341
AT1G13230,0,1,2,0,0,0
AT1G13240,0,0,0,0,0,0
AT1G13245,172,305,297,98,111,298
AT1G13250,1,16,2,6,10,2
AT1G13260,644,238,365,590,465,1690
AT1G13270,87,60,55,78,69,76
AT1G13280,730,1487,878,1194,740,1041
AT1G13290,0,0,0,0,0,0
AT1G13300,116,258,225,142,127,240
AT1G13310,0,0,4,0,4,0
AT1G13320,486,513,242,507,327,410
AT1G13330,15,62,30,34,26,29
AT1G13340,7,2,8,11,11,9
AT1G13350,104,137,83,106,79,190
AT1G13360,279,727,429,355,305,996
AT1G13370,0,0,7,7,2,4
AT1G13380,599,690,633,559,436,490
AT1G13390,282,361,234,225,174,253
AT1G13400,0,1,1,0,3,0
AT1G13410,17,27,10,42,27,20
AT1G13420,2,28,46,6,6,9
AT1G13430,8,123,64,32,10,35
AT1G13440,5958,11294,6647,5569,3240,4889
AT1G13448,19,69,31,15,25,38
AT1G13450,355,600,362,322,333,471
AT1G13460,141,241,110,179,172,190
AT1G13470,0,0,0,0,0,0
AT1G13480,5,8,6,33,21,14
AT1G13485,0,2,0,0,0,0
AT1G13490,1,3,0,0,0,0
AT1G13500,0,2,2,0,0,0
AT1G13510,15,28,12,11,11,23
AT1G13520,8,25,3,34,1,21
AT1G13530,231,157,47,252,190,340
AT1G13540,36,48,27,72,46,43
AT1G13550,18,22,9,21,11,35
AT1G13560,997,1094,672,1088,782,778
AT1G13570,216,196,201,252,231,239
AT1G13580,116,262,159,213,143,245
AT1G13590,956,1782,1138,1059,853,1812
AT1G13600,67,149,60,20,8,5
AT1G13605,0,0,0,0,0,0
AT1G13607,0,0,0,0,0,0
AT1G13608,0,0,0,0,0,1
AT1G13609,11,0,0,0,0,18
AT1G13610,0,0,0,0,0,0
AT1G13620,172,412,139,72,57,102
AT1G13630,5,7,3,20,7,13
AT1G13635,78,480,204,45,151,81
AT1G13640,366,306,162,278,252,239
AT1G13650,0,0,0,0,0,1
AT1G13670,167,121,178,102,108,83
AT1G13680,7,0,6,10,3,4
AT1G13690,278,523,263,274,162,242
AT1G13700,120,63,38,65,55,133
AT1G13710,0,0,0,0,0,0
AT1G13720,0,0,0,0,0,0
AT1G13730,365,589,305,503,304,445
AT1G13740,52,119,53,52,58,50
AT1G13750,94,135,74,318,109,252
AT1G13755,0,0,0,0,0,0
AT1G13760,0,0,0,0,0,0
AT1G13770,139,182,65,117,68,93
AT1G13780,18,74,17,17,12,15
AT1G13790,5,3,0,0,3,0
AT1G13800,10,17,26,21,22,25
AT1G13805,0,0,0,0,0,0
AT1G13810,90,146,64,113,66,129
AT1G13820,59,91,51,39,25,30
AT1G13825,0,0,0,0,0,0
AT1G13830,16,168,103,44,25,70
AT1G13840,0,0,0,0,0,0
AT1G13850,0,0,0,0,0,0
AT1G13860,89,92,98,87,52,68
AT1G13870,64,87,49,49,40,129
AT1G13880,218,219,149,190,125,223
AT1G13890,0,3,0,0,0,0
AT1G13900,64,206,83,139,119,126
AT1G13910,40,50,40,67,35,50
AT1G13920,58,70,37,52,37,26
AT1G13930,249,787,524,163,199,451
AT1G13940,119,77,39,57,54,84
AT1G13950,366,785,520,353,259,493
AT1G13960,166,181,116,152,133,267
AT1G13970,27,76,41,39,24,70
AT1G13980,366,279,163,278,205,268
AT1G13990,341,226,160,315,243,357
AT1G14000,333,469,274,436,370,428
AT1G14010,563,1004,692,680,395,703
AT1G14020,154,186,98,188,134,186
AT1G14030,22,28,22,15,25,8
AT1G14040,39,67,33,72,90,67
AT1G14048,0,0,0,0,0,0
AT1G14060,290,609,385,394,276,344
AT1G14071,1,2,1,2,2,0
AT1G14080,163,232,203,429,144,331
AT1G14100,0,0,0,0,0,0
AT1G14110,0,0,0,0,0,0
AT1G14120,0,0,1,0,0,0
AT1G14130,80,127,101,107,62,67
AT1G14140,112,186,102,174,142,137
AT1G14150,5,22,24,6,6,10
AT1G14160,33,207,171,46,27,82
AT1G14170,94,152,105,195,121,177
AT1G14180,98,164,87,102,81,98
AT1G14185,3,14,13,14,2,23
AT1G14190,32,61,41,15,13,14
AT1G14200,197,99,79,131,154,226
AT1G14205,15,15,7,10,8,4
AT1G14210,540,834,714,712,481,541
AT1G14220,143,452,414,205,140,129
AT1G14230,208,320,167,298,270,307
AT1G14240,43,118,32,149,121,190
AT1G14250,0,0,0,1,0,0
AT1G14260,11,41,18,22,13,26
AT1G14270,17,16,11,17,11,6
AT1G14280,15,52,18,14,14,20
AT1G14290,421,776,498,458,384,494
AT1G14300,396,557,317,350,285,358
AT1G14310,121,160,93,112,82,118
AT1G14315,0,0,0,1,0,0
AT1G14320,17259,30674,17062,16266,11333,15269
AT1G14330,276,300,172,364,259,340
AT1G14340,66,185,129,71,59,82
AT1G14345,29,5,9,8,1,1
AT1G14350,143,220,129,256,130,172
AT1G14360,164,276,171,325,155,276
AT1G14370,81,45,48,83,51,102
AT1G14380,400,379,239,449,340,396
AT1G14390,106,75,37,189,102,131
AT1G14400,2342,4142,2364,2136,1401,2098
AT1G14410,276,370,212,259,174,177
AT1G14420,0,0,0,0,0,0
AT1G14430,15,10,5,5,8,10
AT1G14440,0,0,0,0,0,0
AT1G14450,1278,2576,1897,973,879,1260
AT1G14453,229,534,405,193,186,222
AT1G14455,1,2,1,3,0,0
AT1G14460,75,121,36,94,85,165
AT1G14470,3,18,1,5,8,6
AT1G14480,24,20,27,15,23,42
AT1G14490,0,4,7,6,5,5
AT1G14500,0,18,8,25,15,11
AT1G14510,564,881,408,579,441,549
AT1G14518,0,0,0,0,0,0
AT1G14520,1,18,15,5,0,2
AT1G14530,43,135,46,66,27,82
AT1G14540,15,33,16,21,38,22
AT1G14550,0,0,0,0,5,0
AT1G14560,104,199,156,124,158,136
AT1G14570,437,596,504,561,316,588
AT1G14580,27,47,59,33,29,46
AT1G14590,31,49,19,12,31,55
AT1G14600,2,14,1,6,3,8
AT1G14610,532,549,278,482,392,549
AT1G14620,927,1389,716,729,522,665
AT1G14630,0,6,0,0,0,2
AT1G14640,2,0,2,0,0,0
AT1G14642,0,0,0,0,0,0
AT1G14650,429,276,222,404,269,434
AT1G14660,32,13,23,20,33,25
AT1G14670,977,1455,737,1472,926,1285
AT1G14680,13,24,12,21,22,15
AT1G14685,542,560,411,494,406,505
AT1G14686,5,6,4,4,8,8
AT1G14687,7,9,10,0,4,51
AT1G14688,0,0,0,0,0,0
AT1G14690,332,397,194,399,231,358
AT1G14700,3,7,6,11,6,8
AT1G14710,308,161,174,295,241,284
AT1G14720,84,150,85,41,25,66
AT1G14730,415,451,327,172,198,292
AT1G14740,446,532,306,393,327,575
AT1G14750,17,16,30,10,7,43
AT1G14755,0,0,0,0,0,0
AT1G14760,0,0,0,0,0,0
AT1G14770,70,123,45,117,67,53
AT1G14780,4,17,15,16,24,56
AT1G14790,69,59,29,33,53,66
AT1G14800,0,0,0,0,0,0
AT1G14810,494,592,415,474,338,454
AT1G14820,108,212,112,129,71,120
AT1G14830,734,895,521,885,515,616
AT1G14840,72,82,54,52,43,68
AT1G14850,200,104,109,190,107,236
AT1G14860,348,735,653,355,276,792
AT1G14870,696,2087,1792,664,475,3065
AT1G14880,0,0,0,0,0,0
AT1G14890,693,651,713,533,523,611
AT1G14900,768,1232,829,816,444,774
AT1G14910,104,175,104,159,101,104
AT1G14920,200,228,167,276,166,130
AT1G14930,0,0,0,0,0,0
AT1G14940,0,0,0,0,0,0
AT1G14950,0,0,0,0,0,0
AT1G14960,0,14,18,0,4,0
AT1G14970,91,42,53,60,52,86
AT1G14980,2091,7748,3903,2307,1913,2448
AT1G14990,193,338,226,197,127,217
AT1G15000,190,112,87,175,138,152
AT1G15002,197,163,103,189,134,169
AT1G15010,110,12,10,29,28,277
AT1G15015,0,0,0,0,0,6
AT1G15020,260,327,193,291,266,302
AT1G15030,168,199,185,189,89,241
AT1G15040,274,692,979,410,128,1299
AT1G15050,22,6,12,11,7,43
AT1G15060,95,87,99,93,72,92
AT1G15080,116,88,90,75,41,54
AT1G15085,0,1,0,0,0,0
AT1G15090,0,0,0,0,0,0
AT1G15100,675,1218,1062,376,319,450
AT1G15110,333,163,203,304,235,310
AT1G15120,2501,8374,4041,2203,1945,2676
AT1G15125,1,4,2,1,0,0
AT1G15130,298,174,142,243,201,299
AT1G15140,164,170,196,230,188,196
AT1G15150,0,0,0,0,0,0
AT1G15160,4,15,4,10,8,10
AT1G15165,5,3,3,4,9,4
AT1G15170,192,133,67,166,117,193
AT1G15175,26,52,31,33,18,75
AT1G15180,44,26,13,55,36,31
AT1G15190,16,14,18,26,13,25
AT1G15200,650,464,403,540,396,516
AT1G15210,627,559,446,814,655,844
AT1G15215,113,112,103,97,75,96
AT1G15220,144,219,124,141,71,125
AT1G15230,458,584,351,350,325,460
AT1G15240,249,218,167,191,170,190
AT1G15250,680,903,484,564,389,495
AT1G15260,1,9,2,6,1,5
AT1G15270,2017,6774,3624,1700,1512,2168
AT1G15280,329,267,201,303,246,358
AT1G15290,35,65,47,44,42,74
AT1G15310,87,134,66,139,111,95
AT1G15320,0,4,3,0,0,0
AT1G15330,193,76,56,254,140,215
AT1G15340,836,1134,579,932,488,891
AT1G15350,900,1477,857,628,534,839
AT1G15360,0,0,0,0,0,0
AT1G15370,704,1507,873,825,536,888
AT1G15380,2246,7046,5653,1483,1136,3015
AT1G15385,32,34,66,72,25,78
AT1G15390,383,456,309,319,253,342
AT1G15400,681,1092,903,534,445,1064
AT1G15405,45,415,237,38,56,117
AT1G15410,110,182,95,131,87,116
AT1G15415,23,32,9,11,29,19
AT1G15420,648,545,480,631,431,453
AT1G15430,231,90,110,143,127,226
AT1G15440,214,148,98,286,194,235
AT1G15450,0,0,0,0,0,0
AT1G15460,7,13,7,0,0,16
AT1G15470,193,206,114,183,132,196
AT1G15480,135,90,93,126,78,101
AT1G15490,46,50,35,76,74,40
AT1G15500,1174,556,649,1166,965,987
AT1G15510,0,41,18,26,14,12
AT1G15520,5,24,5,10,8,3
AT1G15530,3,3,3,7,1,11
AT1G15540,0,1,0,0,0,1
AT1G15550,209,240,119,175,135,151
AT1G15570,193,324,139,207,169,219
AT1G15580,3,3,1,0,0,0
AT1G15590,0,0,0,0,0,0
AT1G15600,0,0,0,0,0,0
AT1G15610,24,52,43,157,82,128
AT1G15620,26,80,63,176,108,141
AT1G15625,18,116,84,146,123,314
AT1G15630,52,162,65,283,165,232
AT1G15640,84,198,122,312,151,267
AT1G15650,0,0,0,0,0,0
AT1G15660,141,183,74,211,101,234
AT1G15670,565,307,343,536,435,889
AT1G15680,5,0,0,1,0,0
AT1G15690,3088,1877,1530,3635,1794,2905
AT1G15700,82,86,77,81,51,83
AT1G15710,115,90,145,138,111,86
AT1G15720,77,72,46,75,51,59
AT1G15730,64,62,36,60,29,51
AT1G15740,248,381,311,247,226,427
AT1G15750,474,450,411,563,497,657
AT1G15757,0,0,0,0,0,0
AT1G15760,107,244,103,76,62,83
AT1G15770,8,11,4,10,1,14
AT1G15772,1,7,4,5,3,2
AT1G15780,88,147,85,117,96,131
AT1G15790,59,73,77,45,40,92
AT1G15800,202,212,155,182,99,211
AT1G15810,314,392,254,322,246,261
AT1G15820,41,61,32,17,26,23
AT1G15825,0,0,0,0,0,0
AT1G15830,0,0,1,0,0,0
AT1G15840,0,0,0,0,0,0
AT1G15850,0,0,0,0,0,0
AT1G15860,270,596,425,320,222,358
AT1G15870,14,46,43,35,23,38
AT1G15880,371,890,504,445,347,506
AT1G15885,56,89,45,42,22,30
AT1G15890,23,24,19,16,5,57
AT1G15900,40,51,23,30,34,24
AT1G15910,382,254,132,352,183,218
AT1G15920,526,580,385,471,389,563
AT1G15930,12282,7889,8146,9280,7557,8199
AT1G15940,227,278,112,210,122,198
AT1G15950,1481,1033,891,1155,802,844
AT1G15960,536,417,367,418,248,332
AT1G15970,228,309,123,213,140,171
AT1G15980,6,1,1,1,0,0
AT1G15990,0,0,0,0,0,0
AT1G16000,629,1675,860,609,519,638
AT1G16010,260,375,199,338,281,326
AT1G16020,147,123,99,190,145,131
AT1G16022,34,181,79,21,20,45
AT1G16025,5,15,19,1,0,3
AT1G16030,22,44,20,13,27,47
AT1G16040,340,624,333,242,249,210
AT1G16060,39,144,68,35,42,36
AT1G16070,92,132,69,63,52,51
AT1G16080,49,104,71,70,52,85
AT1G16090,5,4,1,3,1,18
AT1G16100,0,0,0,0,0,0
AT1G16110,12,19,17,44,15,60
AT1G16120,1,3,3,2,4,10
AT1G16130,15,6,6,5,8,17
AT1G16150,13,34,33,32,2,53
AT1G16160,41,27,33,43,21,31
AT1G16170,550,940,685,540,395,492
AT1G16180,1780,2544,1852,2337,1521,2127
AT1G16190,376,283,315,436,319,319
AT1G16210,313,374,284,383,261,418
AT1G16220,100,122,80,66,72,82
AT1G16225,0,18,10,2,7,10
AT1G16230,0,4,2,0,3,0
AT1G16240,892,1483,979,738,534,1041
AT1G16250,79,87,22,50,41,53
AT1G16260,3,4,6,28,27,21
AT1G16270,215,96,117,272,195,216
AT1G16280,130,219,115,219,112,168
AT1G16290,0,0,0,0,0,0
AT1G16300,199,269,183,283,164,304
AT1G16310,23,28,35,35,41,72
AT1G16320,129,184,81,111,108,98
AT1G16330,38,64,50,91,62,57
AT1G16340,172,318,126,199,181,185
AT1G16350,640,619,381,712,398,600
AT1G16360,13,31,4,13,1,11
AT1G16370,18,26,25,54,56,93
AT1G16380,0,0,0,0,0,11
AT1G16390,5,19,16,14,38,14
AT1G16400,0,40,7,0,54,6
AT1G16410,0,0,0,0,0,0
AT1G16420,0,1,2,4,3,28
AT1G16430,80,296,87,72,72,91
AT1G16440,0,18,3,5,25,10
AT1G16445,17,25,17,25,3,13
AT1G16450,0,0,0,0,0,0
AT1G16460,624,836,415,587,457,543
AT1G16470,673,1783,928,799,515,696
AT1G16480,65,50,8,25,11,22
AT1G16489,23,67,52,23,27,23
AT1G16490,3,28,21,18,14,6
AT1G16500,14,170,105,25,8,21
AT1G16510,8,45,29,2,3,3
AT1G16515,1,19,15,2,2,7
AT1G16520,242,335,135,163,124,181
AT1G16530,0,2,5,0,0,0
AT1G16540,26,101,56,58,87,101
AT1G16560,692,1079,600,978,734,831
AT1G16570,157,276,129,205,111,214
AT1G16590,39,77,33,31,12,14
AT1G16610,1107,641,868,1258,819,937
AT1G16630,66,116,100,62,45,112
AT1G16635,25,40,11,13,15,6
AT1G16640,11,55,12,7,10,6
AT1G16650,72,57,46,122,63,90
AT1G16670,37,94,52,74,46,104
AT1G16680,114,157,97,118,123,105
AT1G16690,87,72,54,82,56,97
AT1G16700,1494,2684,1416,1340,964,1387
AT1G16705,0,1,1,0,0,0
AT1G16710,228,233,105,198,173,242
AT1G16720,27,30,20,13,8,27
AT1G16730,0,0,1,0,0,0
AT1G16740,627,1383,789,657,467,634
AT1G16750,0,3,4,3,1,0
AT1G16760,0,0,0,0,0,0
AT1G16770,0,3,1,1,0,0
AT1G16780,21,19,12,21,21,0
AT1G16790,65,115,68,68,49,56
AT1G16800,145,205,120,127,109,179
AT1G16810,1163,1995,1041,1086,780,1111
AT1G16820,34,93,35,29,36,40
AT1G16825,30,135,50,36,32,58
AT1G16830,50,14,25,32,35,27
AT1G16840,291,583,489,348,237,545
AT1G16850,3,19,8,3,8,16
AT1G16860,412,509,369,485,368,508
AT1G16870,351,559,334,481,334,407
AT1G16880,498,1122,601,472,332,651
AT1G16890,2334,4390,2633,1957,1395,2085
AT1G16900,390,275,201,379,207,291
AT1G16905,11,3,29,81,16,49
AT1G16910,1,0,0,1,0,0
AT1G16916,226,567,265,196,158,216
AT1G16920,1973,3106,1572,1547,1115,1570
AT1G16930,104,88,66,93,69,118
AT1G16940,0,0,0,0,0,0
AT1G16945,0,0,0,0,0,0
AT1G16950,0,0,0,0,0,0
AT1G16960,0,0,0,0,0,0
AT1G16970,178,233,154,244,162,206
AT1G16980,0,0,0,0,0,0
AT1G17000,0,0,0,0,0,0
AT1G17010,0,0,0,0,0,0
AT1G17020,2,6,8,13,20,30
AT1G17030,1,3,0,10,5,2
AT1G17040,56,51,29,44,56,51
AT1G17050,100,150,85,107,64,79
AT1G17060,113,157,130,270,200,377
AT1G17065,10,12,9,33,19,42
AT1G17070,54,104,62,95,68,67
AT1G17080,738,1465,1059,793,626,1176
AT1G17090,46,126,63,37,36,70
AT1G17100,10,4,24,6,3,8
AT1G17110,221,248,150,213,185,176
AT1G17120,261,195,177,213,232,219
AT1G17130,288,529,321,323,204,295
AT1G17140,93,109,59,47,44,60
AT1G17145,133,146,108,99,86,117
AT1G17147,99,275,201,58,61,273
AT1G17150,0,1,0,0,0,0
AT1G17160,240,206,123,232,122,191
AT1G17170,1183,1140,667,1217,865,1111
AT1G17180,1204,920,569,1164,806,811
AT1G17190,444,992,484,653,336,664
AT1G17200,4,5,3,12,15,9
AT1G17210,506,343,245,369,370,355
AT1G17220,52,38,19,31,36,58
AT1G17230,25,12,23,3,22,37
AT1G17232,22,13,13,4,24,31
AT1G17235,3,6,2,20,11,23
AT1G17240,10,10,11,2,22,8
AT1G17250,15,16,13,13,8,8
AT1G17255,29,54,24,29,17,18
AT1G17260,0,0,0,1,0,0
AT1G17270,100,110,62,56,35,80
AT1G17280,446,681,433,492,348,447
AT1G17285,547,875,297,347,265,305
AT1G17290,782,714,460,991,573,713
AT1G17300,125,155,122,102,115,86
AT1G17310,0,1,0,0,0,1
AT1G17330,84,161,92,85,54,114
AT1G17340,11,154,53,39,35,131
AT1G17345,0,0,0,11,13,23
AT1G17350,333,485,208,298,176,296
AT1G17360,174,163,86,131,145,161
AT1G17370,809,493,515,958,648,842
AT1G17380,1,0,0,0,0,5
AT1G17400,54,62,15,99,27,46
AT1G17410,180,196,141,151,114,163
AT1G17420,16,4,0,0,0,8
AT1G17430,255,435,166,326,234,306
AT1G17440,42,77,84,120,126,148
AT1G17450,30,55,48,59,32,78
AT1G17455,255,596,288,241,213,384
AT1G17460,53,56,42,68,45,71
AT1G17470,786,777,478,689,619,670
AT1G17480,32,30,13,14,12,27
AT1G17490,149,374,215,166,128,212
AT1G17500,105,158,83,202,236,298
AT1G17510,371,666,334,263,204,276
AT1G17520,305,231,175,243,196,222
AT1G17530,575,364,292,425,380,447
AT1G17540,1,3,0,2,2,0
AT1G17545,0,0,0,0,0,0
AT1G17550,199,250,100,149,150,142
AT1G17560,168,342,179,150,85,152
AT1G17570,0,0,0,0,0,0
AT1G17580,57,91,66,101,98,129
AT1G17590,35,102,34,49,44,60
AT1G17600,0,0,0,2,0,3
AT1G17610,0,0,0,1,0,1
AT1G17615,0,0,0,0,0,0
AT1G17620,235,280,268,359,262,446
AT1G17630,0,18,4,15,9,3
AT1G17640,53,44,25,42,17,38
AT1G17650,66,89,37,53,46,39
AT1G17660,0,0,0,0,0,0
AT1G17665,58,51,21,40,46,39
AT1G17670,0,0,0,0,0,0
AT1G17680,99,142,81,128,112,122
AT1G17690,179,216,81,234,145,168
AT1G17700,0,3,0,2,0,0
AT1G17710,2,0,0,1,0,0
AT1G17720,391,583,355,427,303,437
AT1G17730,211,467,304,215,144,245
AT1G17744,49,69,35,49,44,49
AT1G17745,423,540,241,392,343,554
AT1G17750,26,12,11,16,18,11
AT1G17760,109,158,107,132,108,90
AT1G17770,0,0,0,0,0,0
AT1G17780,111,165,124,98,59,94
AT1G17790,117,76,59,84,69,68
AT1G17800,0,0,0,0,0,0
AT1G17810,0,0,0,0,1,0
AT1G17820,42,49,12,35,0,0
AT1G17830,4,1,0,14,0,0
AT1G17840,20,30,19,34,26,22
AT1G17850,88,92,75,132,98,98
AT1G17860,722,2032,1764,1089,629,1795
AT1G17870,44,26,14,20,14,50
AT1G17880,4997,7508,5797,4470,3083,4098
AT1G17890,559,1032,637,1066,674,869
AT1G17910,9,0,0,0,0,0
AT1G17920,3,29,8,12,30,17
AT1G17930,183,177,54,121,76,121
AT1G17940,72,96,46,78,57,80
AT1G17950,0,19,3,11,2,6
AT1G17960,0,4,8,1,3,16
AT1G17970,261,362,218,230,193,264
AT1G17980,179,190,126,167,81,140
AT1G17990,0,3,0,0,1,0
AT1G18000,33,14,0,52,11,38
AT1G18010,0,31,43,14,21,26
AT1G18020,8,1,3,0,0,7
AT1G18030,28,109,38,44,48,49
AT1G18040,122,216,127,160,120,128
AT1G18050,0,0,0,0,0,0
AT1G18060,52,105,44,36,30,23
AT1G18070,534,731,505,711,507,646
AT1G18075,2,5,2,4,4,6
AT1G18080,5082,3546,3976,5468,3071,4423
AT1G18090,50,76,42,51,33,73
AT1G18100,24,310,116,19,37,240
AT1G18130,0,0,0,0,0,0
AT1G18140,9,7,4,6,4,4
AT1G18150,340,407,308,439,404,424
AT1G18160,128,216,127,195,163,283
AT1G18170,30,53,20,23,16,35
AT1G18180,79,96,61,63,31,68
AT1G18190,80,130,89,110,87,101
AT1G18193,0,4,9,3,2,4
AT1G18197,0,0,5,0,0,2
AT1G18200,1,27,39,8,11,46
AT1G18210,1298,1795,1390,1276,938,1267
AT1G18220,0,0,0,0,0,0
AT1G18250,268,622,542,240,172,275
AT1G18260,324,203,129,266,153,301
AT1G18265,27,105,31,63,35,72
AT1G18270,180,285,203,190,220,413
AT1G18280,11,11,13,8,5,18
AT1G18290,38,43,26,38,41,151
AT1G18300,164,53,26,22,27,494
AT1G18310,0,0,0,1,0,2
AT1G18320,20,41,23,31,32,12
AT1G18330,171,197,90,113,144,72
AT1G18335,86,108,72,58,64,126
AT1G18340,193,209,111,199,117,135
AT1G18350,0,0,0,0,0,0
AT1G18360,72,100,45,81,89,53
AT1G18370,80,173,113,93,80,142
AT1G18382,14,29,15,27,19,25
AT1G18390,47,97,75,74,64,147
AT1G18400,0,0,0,2,3,0
AT1G18410,13,7,4,10,0,1
AT1G18415,130,61,51,94,76,118
AT1G18420,39,26,13,28,25,50
AT1G18430,0,0,0,0,0,0
AT1G18440,43,44,30,58,42,31
AT1G18450,937,617,495,845,491,670
AT1G18460,145,180,106,92,63,106
AT1G18470,330,391,286,258,248,433
AT1G18480,298,194,176,409,263,252
AT1G18485,7,4,11,3,11,4
AT1G18486,0,0,0,1,0,0
AT1G18490,92,211,164,126,56,82
AT1G18500,369,178,157,434,244,397
AT1G18510,0,0,0,0,0,0
AT1G18520,0,0,0,0,0,0
AT1G18530,0,0,0,5,0,0
AT1G18540,6190,11325,6740,6770,4840,5767
AT1G18550,41,72,41,45,20,66
AT1G18560,63,26,27,43,37,48
AT1G18570,19,4,10,23,94,61
AT1G18580,143,197,146,193,181,181
AT1G18590,55,81,35,59,35,83
AT1G18600,94,309,130,155,91,127
AT1G18610,53,45,28,82,34,60
AT1G18620,72,132,64,128,99,138
AT1G18630,122,163,145,76,61,73
AT1G18640,690,1155,591,631,432,695
AT1G18650,122,103,114,64,58,76
AT1G18660,99,162,115,160,139,154
AT1G18670,51,44,31,47,49,22
AT1G18680,114,95,72,94,68,92
AT1G18690,68,129,53,83,68,75
AT1G18700,212,231,142,207,174,227
AT1G18710,0,0,0,0,0,0
AT1G18720,325,802,584,459,296,623
AT1G18730,0,0,0,0,0,0
AT1G18735,0,0,0,0,0,0
AT1G18740,473,170,115,175,114,800
AT1G18745,139,191,124,105,106,114
AT1G18750,12,8,14,9,16,7
AT1G18760,0,0,0,0,0,0
AT1G18770,0,0,0,0,0,0
AT1G18773,38,53,25,18,18,29
AT1G18780,0,0,0,0,0,0
AT1G18790,0,0,0,0,0,0
AT1G18800,445,1041,572,583,423,653
AT1G18810,0,0,0,1,0,0
AT1G18820,0,0,0,0,0,0
AT1G18830,0,0,0,6,0,0
AT1G18835,0,13,3,10,2,18
AT1G18840,426,591,285,448,335,394
AT1G18850,78,174,106,204,99,97
AT1G18860,51,96,53,41,36,110
AT1G18870,4,3,2,0,0,0
AT1G18871,0,0,0,0,0,0
AT1G18879,0,3,0,0,1,0
AT1G18880,495,755,597,503,609,501
AT1G18890,296,330,289,233,272,300
AT1G18900,128,114,54,126,108,112
AT1G18910,141,109,53,89,58,125
AT1G18940,4,28,29,8,6,39
AT1G18950,178,234,112,167,84,210
AT1G18960,0,0,1,0,0,0
AT1G18970,11,72,89,6,6,132
AT1G18975,39,167,165,110,73,174
AT1G18980,84,362,276,177,164,356
AT1G18990,1,0,4,5,0,0
AT1G19000,1535,2331,1400,1251,971,1336
AT1G19010,53,68,70,53,45,66
AT1G19020,20,33,53,9,14,384
AT1G19025,20,25,13,18,10,61
AT1G19040,4,0,1,0,0,0
AT1G19050,7,177,88,9,8,6
AT1G19060,0,0,0,0,0,0
AT1G19070,4,9,1,3,1,2
AT1G19080,127,228,133,75,64,97
AT1G19086,0,0,0,0,0,0
AT1G19090,0,0,0,0,0,0
AT1G19100,30,42,19,17,27,51
AT1G19110,316,292,220,226,243,391
AT1G19115,8,80,32,61,29,37
AT1G19120,642,1231,596,558,392,570
AT1G19130,653,1272,661,722,460,642
AT1G19140,177,307,220,183,101,151
AT1G19150,1,0,0,0,0,0
AT1G19160,0,1,1,5,3,6
AT1G19170,105,246,144,130,123,111
AT1G19180,583,326,216,362,319,2250
AT1G19190,10,25,16,24,14,24
AT1G19200,2,2,1,13,2,15
AT1G19210,22,5,3,2,0,155
AT1G19220,96,123,85,67,61,77
AT1G19230,13,40,19,20,27,39
AT1G19240,143,395,257,123,93,185
AT1G19250,0,0,5,0,5,68
AT1G19260,0,0,0,0,0,0
AT1G19270,94,86,66,121,85,99
AT1G19290,53,92,30,60,62,75
AT1G19300,119,511,260,156,241,131
AT1G19310,383,470,346,333,291,480
AT1G19320,0,0,0,0,0,0
AT1G19330,8,26,29,14,7,8
AT1G19340,28,28,32,33,29,35
AT1G19350,830,1159,727,911,777,978
AT1G19360,890,1250,715,1134,841,1063
AT1G19370,211,246,104,320,191,312
AT1G19371,0,0,0,0,0,0
AT1G19373,0,0,0,0,0,0
AT1G19376,0,0,0,0,0,0
AT1G19380,1,6,3,2,15,13
AT1G19390,0,0,0,0,0,6
AT1G19394,5,3,4,4,8,7
AT1G19396,59,102,74,40,20,73
AT1G19397,31,28,31,25,30,47
AT1G19400,387,467,272,473,387,1004
AT1G19410,0,3,0,0,0,0
AT1G19430,226,251,92,195,116,263
AT1G19440,188,201,131,206,175,226
AT1G19450,294,332,192,460,418,383
AT1G19460,0,0,0,0,0,0
AT1G19464,0,0,0,0,0,0
AT1G19470,0,0,0,0,0,0
AT1G19480,71,109,83,112,49,84
AT1G19485,139,231,70,121,152,187
AT1G19490,118,60,29,61,32,56
AT1G19500,0,0,0,0,1,0
AT1G19510,0,0,0,0,1,0
AT1G19520,153,246,189,292,104,260
AT1G19530,897,129,228,2599,1628,7895
AT1G19540,26,55,36,58,48,58
AT1G19550,0,0,0,3,0,4
AT1G19565,0,0,0,0,0,0
AT1G19570,212,975,614,90,103,161
AT1G19580,557,667,436,427,319,423
AT1G19600,566,494,345,449,487,490
AT1G19610,0,0,0,7,0,0
AT1G19620,0,0,0,0,0,0
AT1G19630,0,0,2,2,0,0
AT1G19640,2,0,0,0,0,0
AT1G19650,13,17,3,10,6,4
AT1G19660,178,478,280,158,147,437
AT1G19670,0,0,0,0,0,0
AT1G19680,484,376,217,386,389,367
AT1G19690,69,127,58,78,58,79
AT1G19700,31,86,48,10,29,114
AT1G19710,72,221,113,186,131,163
AT1G19715,12,19,15,12,9,27
AT1G19720,41,16,7,7,22,5
AT1G19730,258,383,176,202,118,183
AT1G19740,109,175,118,120,82,113
AT1G19750,6,9,2,2,4,4
AT1G19770,270,167,161,205,167,608
AT1G19780,34,34,15,32,26,64
AT1G19790,0,0,0,0,0,0
AT1G19800,333,405,257,335,209,288
AT1G19830,4,0,0,0,0,0
AT1G19835,546,497,306,510,462,583
AT1G19840,55,62,35,41,38,61
AT1G19850,414,310,223,381,336,372
AT1G19860,135,217,89,133,129,85
AT1G19870,974,957,368,819,517,818
AT1G19880,352,248,171,403,221,267
AT1G19890,0,0,0,0,0,0
AT1G19900,0,29,3,4,2,13
AT1G19910,2476,4864,2971,2192,1673,3115
AT1G19920,719,936,405,631,409,462
AT1G19930,0,0,0,0,0,0
AT1G19940,2,34,7,9,4,4
AT1G19950,79,64,51,58,30,60
AT1G19960,368,1295,531,417,425,1479
AT1G19968,165,203,129,115,124,62
AT1G19970,87,138,69,77,43,70
AT1G19980,83,115,82,93,53,71
AT1G19990,135,416,158,173,124,136
AT1G20000,0,0,0,0,0,0
AT1G20010,1245,2137,1038,1787,1000,1419
AT1G20015,1,3,1,0,1,0
AT1G20020,1,8,1,4,0,4
AT1G20030,18,80,48,23,22,66
AT1G20040,0,0,0,0,0,0
AT1G20050,2037,3330,2077,2166,1527,2365
AT1G20060,41,32,21,34,40,47
AT1G20065,58,42,60,28,40,23
AT1G20070,96,311,185,65,68,185
AT1G20080,0,2,4,0,4,7
AT1G20090,1179,1777,1020,1016,707,1056
AT1G20100,805,1294,713,781,702,945
AT1G20110,228,277,189,371,297,476
AT1G20120,8,3,1,4,0,2
AT1G20130,0,2,0,2,2,0
AT1G20132,0,0,0,0,0,0
AT1G20135,0,0,0,0,0,0
AT1G20140,219,506,290,225,181,184
AT1G20150,8,2,3,0,1,7
AT1G20160,968,493,267,1040,1620,1163
AT1G20170,0,0,0,0,0,0
AT1G20180,0,0,0,0,0,0
AT1G20190,393,1398,468,647,413,634
AT1G20200,1075,1306,789,1124,665,846
AT1G20210,0,0,0,0,0,0
AT1G20220,853,462,399,975,499,679
AT1G20225,348,744,485,299,212,442
AT1G20230,7,7,7,22,9,25
AT1G20240,0,0,0,0,0,2
AT1G20250,0,0,0,0,0,0
AT1G20260,856,1343,751,1125,751,1230
AT1G20270,57,159,86,100,86,77
AT1G20280,0,0,0,0,0,0
AT1G20290,0,0,0,0,0,0
AT1G20300,64,90,44,131,79,59
AT1G20310,0,0,0,0,0,5
AT1G20320,0,0,0,0,0,0
AT1G20330,1539,1023,963,1696,1002,1237
AT1G20340,31,30,29,15,3,4
AT1G20350,0,0,1,0,0,0
AT1G20360,0,0,0,0,0,0
AT1G20370,181,228,132,200,142,155
AT1G20375,0,0,0,0,0,0
AT1G20380,107,55,45,86,104,38
AT1G20400,0,0,0,0,0,0
AT1G20405,0,0,0,0,0,0
AT1G20410,162,169,87,126,95,113
AT1G20420,0,0,0,0,0,0
AT1G20430,557,1345,744,479,446,493
AT1G20440,1626,2602,1768,2127,1571,3453
AT1G20450,511,1392,707,709,398,1155
AT1G20460,221,467,304,252,272,310
AT1G20470,16,18,13,13,23,16
AT1G20480,38,40,28,44,77,79
AT1G20490,360,68,128,219,241,259
AT1G20500,0,0,0,0,0,0
AT1G20510,89,116,55,146,102,203
AT1G20515,11,6,8,7,11,13
AT1G20520,1,0,3,3,7,14
AT1G20530,92,30,26,57,59,56
AT1G20540,281,378,212,281,215,220
AT1G20550,26,114,59,62,81,54
AT1G20560,199,178,129,240,208,188
AT1G20570,14,23,6,22,19,6
AT1G20575,414,646,370,440,309,443
AT1G20580,1710,3192,1798,1431,1077,1479
AT1G20590,0,0,0,0,0,0
AT1G20600,0,0,0,1,0,0
AT1G20610,214,414,177,203,154,289
AT1G20620,420,121,92,725,410,417
AT1G20630,459,234,172,528,320,312
AT1G20640,143,187,86,87,64,160
AT1G20650,44,147,78,37,60,87
AT1G20670,203,108,124,196,176,209
AT1G20680,0,0,0,0,0,0
AT1G20683,0,0,0,0,0,0
AT1G20687,0,0,0,0,0,0
AT1G20690,81,112,43,48,34,113
AT1G20691,83,113,49,58,35,110
AT1G20693,1046,2998,1561,1474,986,1911
AT1G20696,1461,4794,2395,2399,1437,2455
AT1G20700,16,146,125,73,36,36
AT1G20710,0,0,0,0,0,0
AT1G20720,19,14,13,43,20,36
AT1G20730,0,0,0,0,0,0
AT1G20735,0,0,0,0,0,0
AT1G20740,0,0,0,0,0,0
AT1G20750,0,0,0,0,0,0
AT1G20760,221,142,98,156,160,200
AT1G20770,290,695,282,368,257,415
AT1G20780,79,41,45,74,61,74
AT1G20790,0,0,0,0,0,0
AT1G20795,0,0,0,0,0,0
AT1G20800,0,0,0,0,0,0
AT1G20803,0,0,0,0,0,0
AT1G20810,30,61,56,25,21,27
AT1G20816,97,240,58,46,65,78
AT1G20820,0,0,0,0,0,0
AT1G20823,68,224,166,65,54,194
AT1G20830,88,111,74,88,65,70
AT1G20840,677,724,621,761,480,914
AT1G20850,454,1562,737,974,1379,788
AT1G20860,0,2,2,0,1,0
AT1G20870,8,3,4,3,1,1
AT1G20875,0,0,0,0,0,0
AT1G20880,69,89,86,101,86,124
AT1G20890,244,371,184,200,175,295
AT1G20900,490,421,412,507,463,479
AT1G20910,103,93,73,101,86,123
AT1G20920,460,413,279,336,308,533
AT1G20923,0,0,1,0,0,0
AT1G20925,2,2,0,1,0,4
AT1G20930,111,251,115,145,74,157
AT1G20940,0,0,0,0,0,0
AT1G20950,357,832,396,789,368,543
AT1G20960,742,669,451,551,361,648
AT1G20970,393,533,231,495,373,522
AT1G20980,184,360,187,321,243,342
AT1G20990,0,3,2,1,1,0
AT1G21000,471,915,644,457,326,840
AT1G21010,50,140,109,52,26,104
AT1G21050,582,919,552,246,314,407
AT1G21060,49,41,21,21,20,18
AT1G21065,408,794,471,320,243,488
AT1G21070,164,189,119,157,71,142
AT1G21080,622,449,308,507,432,620
AT1G21090,632,709,551,733,488,565
AT1G21100,7,47,84,5,6,238
AT1G21110,0,20,16,2,2,43
AT1G21120,4,3,4,6,1,20
AT1G21130,7,3,1,1,4,37
AT1G21140,5,398,694,28,52,48
AT1G21150,34,53,30,48,39,29
AT1G21160,166,212,115,149,142,198
AT1G21170,96,106,71,113,77,102
AT1G21190,599,1583,751,569,436,749
AT1G21200,110,152,104,135,86,120
AT1G21202,0,0,0,0,0,0
AT1G21210,1,7,14,6,3,16
AT1G21230,0,0,0,0,0,5
AT1G21240,0,0,0,0,0,0
AT1G21245,0,0,0,0,0,0
AT1G21250,2,0,0,11,18,57
AT1G21270,115,100,80,113,86,111
AT1G21280,130,95,116,83,80,100
AT1G21310,17098,11992,11859,18342,14103,21109
AT1G21313,904,719,676,1195,1103,1397
AT1G21320,5,0,0,7,9,6
AT1G21323,0,0,0,0,0,0
AT1G21326,0,4,1,8,1,30
AT1G21340,20,33,24,89,23,63
AT1G21350,89,81,40,72,61,63
AT1G21360,22,63,66,17,20,96
AT1G21370,100,250,172,180,171,263
AT1G21380,184,253,245,298,183,377
AT1G21390,48,67,30,56,22,72
AT1G21395,0,0,0,0,0,0
AT1G21400,24,9,23,81,33,163
AT1G21410,42,57,32,69,33,73
AT1G21420,0,0,0,0,0,0
AT1G21430,0,0,0,0,0,0
AT1G21440,58,185,112,72,98,95
AT1G21450,234,379,260,272,261,474
AT1G21460,3,21,17,15,12,19
AT1G21470,0,0,0,0,0,0
AT1G21475,0,0,0,0,0,0
AT1G21480,139,154,132,152,109,181
AT1G21500,1,6,0,0,0,0
AT1G21510,10,1,5,3,7,8
AT1G21520,49,7,3,44,37,77
AT1G21528,6,3,0,3,6,9
AT1G21529,0,0,0,1,0,0
AT1G21530,0,3,7,7,5,2
AT1G21540,0,0,0,0,0,0
AT1G21550,0,0,0,0,1,0
AT1G21560,151,322,191,269,204,176
AT1G21580,271,127,95,154,180,206
AT1G21590,35,82,24,16,36,98
AT1G21600,180,121,144,245,162,262
AT1G21610,210,127,111,157,135,183
AT1G21620,0,0,0,0,0,0
AT1G21630,375,365,357,421,347,475
AT1G21640,69,104,64,92,79,125
AT1G21650,78,101,77,61,41,72
AT1G21651,28,41,27,41,41,78
AT1G21660,356,309,218,364,246,286
AT1G21670,23,27,25,54,43,82
AT1G21680,360,184,202,381,445,1087
AT1G21690,531,607,385,539,339,439
AT1G21695,3,15,8,24,8,11
AT1G21700,201,193,126,258,171,238
AT1G21710,365,556,276,346,252,265
AT1G21720,903,2238,1308,998,659,989
AT1G21722,1,2,0,2,0,0
AT1G21730,357,285,193,333,206,258
AT1G21738,2,0,2,0,0,0
AT1G21740,302,288,135,218,194,271
AT1G21750,1784,2782,1518,3526,1545,2355
AT1G21760,236,383,231,196,142,308
AT1G21770,512,1149,697,404,336,886
AT1G21780,563,1022,652,443,403,740
AT1G21790,40,78,39,50,25,79
AT1G21800,0,0,0,0,0,0
AT1G21810,3,10,1,0,5,10
AT1G21830,179,285,155,146,123,198
AT1G21835,0,0,0,0,0,0
AT1G21840,224,245,120,108,90,120
AT1G21850,1,0,0,0,0,1
AT1G21860,0,2,2,0,0,0
AT1G21864,0,0,0,0,1,0
AT1G21866,0,0,0,0,0,0
AT1G21870,0,0,0,0,0,0
AT1G21880,236,333,330,294,269,281
AT1G21890,0,84,7,12,0,0
AT1G21900,416,789,507,512,340,590
AT1G21910,29,2,5,12,19,52
AT1G21920,298,518,314,321,236,588
AT1G21925,0,0,0,0,0,0
AT1G21928,0,0,0,0,0,0
AT1G21930,409,1141,510,295,262,462
AT1G21940,0,0,0,0,0,0
AT1G21950,0,0,0,0,0,0
AT1G21960,0,0,0,0,0,0
AT1G21970,0,0,0,0,0,0
AT1G21980,222,256,116,207,280,220
AT1G21990,14,13,6,2,2,0
AT1G22000,0,3,0,1,5,0
AT1G22010,0,0,0,0,0,0
AT1G22015,0,0,0,0,0,0
AT1G22020,133,125,85,126,78,155
AT1G22030,43,48,35,39,25,19
AT1G22040,98,142,97,84,95,172
AT1G22050,149,216,195,75,74,140
AT1G22060,210,199,92,107,120,180
AT1G22065,166,495,399,133,136,120
AT1G22070,167,193,139,232,157,293
AT1G22080,0,2,1,1,0,0
AT1G22090,0,0,0,0,0,0
AT1G22100,0,0,0,0,0,2
AT1G22110,1,0,1,3,7,1
AT1G22120,0,0,0,0,0,0
AT1G22130,2,0,0,0,0,0
AT1G22140,322,771,424,234,202,320
AT1G22150,0,0,0,0,0,0
AT1G22160,3,9,5,0,1,1
AT1G22170,238,314,129,161,82,157
AT1G22180,65,129,82,71,61,139
AT1G22190,1131,795,610,863,694,1399
AT1G22200,396,489,442,569,328,378
AT1G22210,0,0,0,0,0,0
AT1G22220,39,47,24,15,13,30
AT1G22230,264,277,199,169,143,184
AT1G22240,0,0,0,0,0,0
AT1G22250,0,0,0,0,0,0
AT1G22260,0,5,6,2,3,5
AT1G22270,951,1569,1321,728,620,981
AT1G22275,20,25,10,16,29,33
AT1G22280,174,284,155,251,235,390
AT1G22290,0,1,0,0,0,0
AT1G22300,3010,7815,3703,4711,3112,4068
AT1G22310,96,109,73,101,81,97
AT1G22320,0,0,0,0,0,0
AT1G22330,266,205,224,302,184,226
AT1G22340,11,6,2,4,7,17
AT1G22360,560,367,290,890,526,754
AT1G22370,3,27,10,16,6,18
AT1G22380,0,0,0,0,0,0
AT1G22400,198,155,113,314,212,241
AT1G22403,69,92,45,36,29,65
AT1G22410,723,1176,604,854,724,1057
AT1G22420,0,0,0,1,0,0
AT1G22430,0,6,4,0,0,9
AT1G22440,376,594,280,553,387,708
AT1G22450,1034,2366,1340,1315,813,1172
AT1G22460,17,61,30,35,33,22
AT1G22470,129,243,161,91,89,249
AT1G22480,1,4,9,0,0,0
AT1G22490,7,31,17,5,5,1
AT1G22500,148,312,255,140,101,494
AT1G22510,138,213,192,160,120,194
AT1G22520,510,1677,852,559,389,523
AT1G22530,697,524,587,607,579,829
AT1G22540,49,97,78,51,43,105
AT1G22550,21,43,34,57,22,46
AT1G22570,32,18,16,119,31,87
AT1G22590,0,5,2,0,0,0
AT1G22600,0,0,0,0,0,0
AT1G22610,325,206,100,344,218,255
AT1G22620,513,363,220,483,362,436
AT1G22630,2,0,0,0,0,0
AT1G22640,257,503,298,302,238,375
AT1G22650,20,28,8,5,0,2
AT1G22660,80,80,46,88,70,42
AT1G22670,3,0,0,1,0,2
AT1G22680,0,1,2,0,0,2
AT1G22690,0,1,0,0,0,0
AT1G22700,139,170,100,129,87,137
AT1G22710,93,366,302,97,163,351
AT1G22720,0,0,0,0,0,0
AT1G22730,152,178,83,137,135,157
AT1G22740,197,230,223,236,155,185
AT1G22750,227,323,238,68,34,133
AT1G22760,0,0,0,0,0,0
AT1G22770,74,123,72,256,199,296
AT1G22780,5587,10068,5284,5040,3612,4837
AT1G22790,261,454,266,256,196,254
AT1G22800,207,288,162,104,122,79
AT1G22810,5,7,2,2,0,8
AT1G22830,32,29,19,14,26,36
AT1G22840,2597,7295,3842,2816,2178,2905
AT1G22850,187,135,121,137,126,122
AT1G22860,31,115,58,84,76,67
AT1G22870,98,115,81,96,104,74
AT1G22880,390,137,1160,732,442,993
AT1G22882,122,102,56,134,140,207
AT1G22885,102,558,443,85,74,252
AT1G22890,3,11,4,19,8,33
AT1G22900,0,1,1,0,0,0
AT1G22910,273,528,369,360,305,308
AT1G22920,330,653,365,340,243,308
AT1G22930,212,272,154,165,190,372
AT1G22940,176,98,89,137,112,163
AT1G22950,107,167,98,123,89,77
AT1G22960,159,125,44,104,113,98
AT1G22970,306,448,230,233,174,311
AT1G22980,21,48,21,23,44,7
AT1G22985,22,45,29,17,21,39
AT1G22990,13,31,69,16,7,66
AT1G23000,146,303,132,149,97,104
AT1G23010,34,24,11,24,10,11
AT1G23020,401,114,68,249,143,578
AT1G23030,487,315,217,373,336,450
AT1G23037,0,0,0,0,0,0
AT1G23040,164,373,293,207,152,377
AT1G23050,147,134,93,116,99,206
AT1G23052,157,126,101,109,97,153
AT1G23060,30,145,57,67,65,110
AT1G23070,0,2,0,0,0,0
AT1G23080,527,521,301,388,248,317
AT1G23090,0,5,0,0,0,1
AT1G23100,130,863,386,177,144,227
AT1G23110,0,18,9,0,4,5
AT1G23120,30,125,94,15,19,214
AT1G23130,0,0,0,0,0,0
AT1G23140,12,47,40,11,1,59
AT1G23145,0,0,0,0,0,0
AT1G23147,0,0,0,0,0,0
AT1G23150,64,49,37,81,54,65
AT1G23160,0,22,41,2,0,2
AT1G23170,81,125,73,133,88,106
AT1G23180,57,67,30,68,27,29
AT1G23190,663,704,602,1021,592,810
AT1G23200,0,0,0,0,0,0
AT1G23201,22,8,9,7,14,22
AT1G23205,132,88,98,122,122,167
AT1G23210,3,8,14,4,1,14
AT1G23220,167,420,176,191,140,185
AT1G23230,98,67,29,76,47,98
AT1G23240,0,0,0,0,0,0
AT1G23250,0,0,0,0,0,0
AT1G23260,333,570,457,334,230,427
AT1G23270,0,0,1,2,0,0
AT1G23280,669,891,424,713,464,559
AT1G23290,4122,10504,6114,4167,3095,4350
AT1G23300,4159,10523,6106,4123,3016,4330
AT1G23310,525,361,214,408,282,370
AT1G23320,0,0,0,0,0,0
AT1G23330,76,138,93,109,65,84
AT1G23340,89,161,92,98,70,70
AT1G23350,2,15,6,4,0,7
AT1G23360,55,86,32,22,21,35
AT1G23380,177,304,145,150,88,109
AT1G23390,94,127,91,127,99,164
AT1G23400,750,1513,756,724,565,732
AT1G23410,660,1460,664,721,544,640
AT1G23420,0,0,0,0,0,0
AT1G23440,821,1148,871,716,562,1197
AT1G23450,0,2,0,17,4,3
AT1G23460,49,104,80,87,148,46
AT1G23465,12,8,12,7,3,1
AT1G23480,204,165,86,306,217,282
AT1G23490,3793,7045,4253,4051,2874,3971
AT1G23500,0,0,0,0,0,0
AT1G23510,0,9,0,0,2,4
AT1G23520,0,0,0,0,0,0
AT1G23530,58,116,67,24,44,63
AT1G23540,3,3,0,2,3,0
AT1G23550,22,47,14,21,18,6
AT1G23560,47,51,39,39,57,86
AT1G23570,0,0,0,0,0,0
AT1G23580,0,1,0,0,0,0
AT1G23590,0,0,0,0,0,0
AT1G23600,0,0,0,0,0,0
AT1G23610,0,0,0,0,0,0
AT1G23640,0,0,0,0,0,0
AT1G23645,0,0,0,0,0,0
AT1G23650,0,0,0,0,0,0
AT1G23660,0,0,0,0,0,0
AT1G23670,0,0,0,0,0,0
AT1G23680,0,0,0,0,0,0
AT1G23690,0,0,0,0,0,0
AT1G23700,0,0,0,0,0,0
AT1G23710,114,162,83,68,28,298
AT1G23720,1868,3042,3628,3115,3725,4340
AT1G23730,1,0,0,2,1,1
AT1G23740,5,0,2,0,0,0
AT1G23750,444,1224,601,534,361,505
AT1G23760,247,120,80,208,275,237
AT1G23770,0,0,0,0,0,0
AT1G23780,204,302,150,259,186,305
AT1G23790,16,39,28,41,29,43
AT1G23800,348,166,182,291,310,372
AT1G23810,0,0,0,0,0,0
AT1G23820,1003,1534,865,1061,834,1043
AT1G23830,30,94,43,78,34,107
AT1G23840,1,1,8,16,15,31
AT1G23850,246,257,138,246,168,327
AT1G23860,880,501,408,647,394,656
AT1G23870,380,400,244,514,356,682
AT1G23880,56,68,37,28,22,64
AT1G23890,181,265,142,149,148,154
AT1G23900,228,234,183,228,216,246
AT1G23910,0,0,0,0,0,0
AT1G23915,0,0,0,0,0,0
AT1G23935,147,198,75,124,79,92
AT1G23950,107,179,83,149,122,157
AT1G23960,413,647,323,493,290,474
AT1G23965,0,6,3,0,0,0
AT1G23970,68,67,55,45,29,46
AT1G23980,40,139,55,72,37,52
AT1G23985,3,16,6,6,4,3
AT1G23995,3,2,1,0,1,1
AT1G24000,0,6,0,0,0,0
AT1G24010,0,0,0,0,0,0
AT1G24020,0,7,1,0,0,0
AT1G24030,53,107,77,38,69,78
AT1G24040,111,165,92,90,60,108
AT1G24050,1624,1875,1036,1552,1343,1449
AT1G24060,0,0,0,0,0,0
AT1G24062,0,0,0,0,0,0
AT1G24068,3,18,8,2,1,0
AT1G24070,0,0,1,0,0,0
AT1G24080,0,0,0,0,0,0
AT1G24090,17,115,60,83,53,53
AT1G24095,53,79,61,80,46,79
AT1G24100,58,182,91,150,87,188
AT1G24110,0,0,0,1,0,0
AT1G24120,296,407,177,238,220,283
AT1G24130,156,104,75,54,31,119
AT1G24140,3,8,9,7,22,32
AT1G24145,0,0,0,0,0,0
AT1G24147,0,0,0,0,0,0
AT1G24148,0,0,0,0,0,0
AT1G24150,2,33,7,7,12,22
AT1G24159,0,0,0,1,0,0
AT1G24160,212,338,136,244,238,252
AT1G24170,226,197,141,231,182,293
AT1G24180,1207,1783,1003,1167,747,1165
AT1G24190,257,283,136,157,143,256
AT1G24200,0,0,0,0,0,0
AT1G24210,15,20,9,5,0,6
AT1G24220,0,0,0,0,0,0
AT1G24230,0,0,0,0,0,0
AT1G24240,277,518,266,290,198,243
AT1G24250,0,0,0,0,0,0
AT1G24256,0,0,0,0,0,0
AT1G24260,0,0,0,0,0,0
AT1G24265,30,96,40,72,30,70
AT1G24267,352,327,255,388,311,293
AT1G24270,0,0,3,1,0,0
AT1G24280,103,129,107,194,130,95
AT1G24290,45,36,47,105,53,41
AT1G24300,53,78,52,56,82,92
AT1G24310,161,194,160,198,134,131
AT1G24320,39,90,43,132,106,197
AT1G24330,45,32,18,36,25,30
AT1G24340,171,134,93,156,118,126
AT1G24350,210,531,342,250,167,346
AT1G24360,1165,2893,1498,1624,867,1454
AT1G24380,1,0,0,1,0,0
AT1G24388,0,0,0,0,0,0
AT1G24390,0,0,0,0,0,0
AT1G24400,0,0,0,0,0,0
AT1G24405,6,11,2,0,1,5
AT1G24420,0,1,0,0,0,0
AT1G24430,0,8,0,1,0,5
AT1G24440,145,252,179,111,88,196
AT1G24450,324,557,287,256,153,242
AT1G24460,231,357,210,278,203,336
AT1G24470,0,0,0,2,0,0
AT1G24475,0,0,0,0,0,0
AT1G24480,0,15,11,7,16,19
AT1G24485,0,0,8,1,0,0
AT1G24490,74,142,65,83,96,74
AT1G24510,1959,2646,1101,1952,1176,1602
AT1G24520,0,0,0,0,0,0
AT1G24530,4,37,33,18,9,48
AT1G24540,0,0,0,0,0,0
AT1G24545,1,0,0,0,0,1
AT1G24560,282,226,129,217,142,227
AT1G24570,0,0,0,0,0,0
AT1G24575,6,6,2,4,1,10
AT1G24577,1,4,0,0,1,0
AT1G24580,0,0,0,0,0,0
AT1G24590,0,0,0,0,0,0
AT1G24600,50,82,38,17,34,72
AT1G24610,217,109,165,186,128,203
AT1G24620,18,35,20,16,19,36
AT1G24625,128,271,219,116,106,135
AT1G24650,0,0,0,0,0,0
AT1G24660,0,0,0,0,0,0
AT1G24706,143,93,84,94,90,178
AT1G24735,18,42,36,16,10,21
AT1G24764,235,359,142,256,173,245
AT1G24793,291,548,331,318,181,221
AT1G24800,158,57,45,243,69,191
AT1G24807,0,0,0,0,0,0
AT1G24822,0,0,0,0,0,0
AT1G24851,12,43,0,23,10,43
AT1G24880,1009,1553,785,512,341,730
AT1G24881,1014,870,490,788,701,663
AT1G24909,3,1,0,1,3,0
AT1G24996,963,1213,816,577,445,840
AT1G25025,0,0,0,0,0,0
AT1G25054,284,95,212,184,277,317
AT1G25055,0,0,0,0,0,63
AT1G25083,0,0,1,0,0,0
AT1G25097,0,0,0,0,0,0
AT1G25098,3481,5359,3087,2131,1600,2970
AT1G25112,0,0,0,0,0,0
AT1G25141,4,3,2,4,6,5
AT1G25145,31,8,49,114,19,9
AT1G25150,46,522,202,120,33,49
AT1G25155,3,1,0,1,3,0
AT1G25175,351,351,262,376,206,416
AT1G25180,14,1,19,38,0,30
AT1G25210,0,0,0,0,0,0
AT1G25211,372,407,260,390,230,281
AT1G25220,499,619,451,428,272,450
AT1G25230,1130,1704,1484,932,769,997
AT1G25240,0,1,3,0,9,6
AT1G25250,16,49,36,11,9,17
AT1G25260,2181,3045,1424,2219,1450,1742
AT1G25270,0,0,0,0,0,0
AT1G25275,1805,1220,1226,2605,1964,2912
AT1G25277,7,0,3,4,7,8
AT1G25280,449,585,338,523,442,579
AT1G25290,126,98,61,69,61,63
AT1G25300,0,0,0,0,0,0
AT1G25310,0,0,0,2,0,0
AT1G25320,139,111,80,189,174,149
AT1G25330,0,0,2,2,2,1
AT1G25340,0,0,0,0,0,0
AT1G25350,361,527,284,469,311,443
AT1G25360,13,32,5,35,7,26
AT1G25370,2,18,18,5,2,16
AT1G25375,70,91,54,95,67,86
AT1G25380,290,237,210,401,274,300
AT1G25390,46,64,46,39,23,70
AT1G25400,6,14,10,12,6,50
AT1G25410,0,0,0,0,0,0
AT1G25420,297,404,212,277,212,302
AT1G25422,0,2,3,0,0,0
AT1G25425,6,15,15,13,7,17
AT1G25440,0,11,3,0,0,5
AT1G25450,35,31,27,158,46,135
AT1G25460,16,32,24,67,49,80
AT1G25470,97,147,100,130,91,85
AT1G25480,69,115,35,98,45,79
AT1G25490,704,936,534,844,503,765
AT1G25500,276,190,120,227,219,189
AT1G25510,249,255,135,323,218,197
AT1G25520,107,239,171,167,103,179
AT1G25530,379,278,232,267,377,217
AT1G25540,151,68,66,79,68,134
AT1G25550,526,778,529,781,480,804
AT1G25560,153,332,182,128,113,255
AT1G25570,84,112,71,118,96,120
AT1G25580,182,227,117,202,166,197
AT1G25682,243,409,175,245,178,351
AT1G25988,0,0,0,0,0,0
AT1G26090,82,102,69,73,49,104
AT1G26100,107,364,185,125,111,107
AT1G26110,1348,981,706,1374,917,1195
AT1G26120,99,119,67,128,117,155
AT1G26130,11,12,8,13,9,46
AT1G26140,0,0,0,0,0,0
AT1G26150,76,38,24,76,83,64
AT1G26160,90,176,103,137,92,119
AT1G26170,115,173,98,149,126,139
AT1G26180,253,266,100,194,167,173
AT1G26190,41,42,38,88,40,77
AT1G26200,0,16,18,7,0,22
AT1G26208,56,33,13,64,39,46
AT1G26210,20,15,10,11,10,18
AT1G26218,47,108,71,32,30,54
AT1G26220,23,14,3,19,11,16
AT1G26225,1,1,0,0,0,0
AT1G26230,2,2,0,0,0,0
AT1G26233,0,0,1,0,0,0
AT1G26235,0,0,0,0,0,0
AT1G26240,0,0,0,0,0,0
AT1G26250,1,33,30,10,25,117
AT1G26255,0,23,31,11,21,125
AT1G26260,79,234,76,119,79,80
AT1G26270,839,630,311,721,463,700
AT1G26290,10,16,19,26,13,18
AT1G26300,296,422,239,332,233,355
AT1G26310,0,0,0,0,0,0
AT1G26320,0,0,0,0,0,0
AT1G26330,17,64,30,54,36,56
AT1G26340,230,473,269,275,174,229
AT1G26350,0,0,0,0,0,0
AT1G26355,0,0,0,0,0,0
AT1G26360,0,3,5,0,13,8
AT1G26370,171,97,65,140,97,141
AT1G26380,0,0,0,0,0,0
AT1G26390,0,0,0,0,0,0
AT1G26400,0,0,0,0,0,0
AT1G26410,0,0,0,0,0,0
AT1G26420,0,5,2,0,0,3
AT1G26430,0,0,0,0,0,0
AT1G26440,281,480,277,223,247,525
AT1G26450,83,156,154,56,121,173
AT1G26460,328,375,170,434,305,321
AT1G26470,736,1384,653,628,456,659
AT1G26480,0,0,0,0,0,0
AT1G26490,0,0,0,0,0,0
AT1G26500,2,5,6,6,12,8
AT1G26510,0,1,0,1,0,0
AT1G26515,0,0,0,0,0,0
AT1G26520,128,137,84,104,77,70
AT1G26530,43,44,25,21,17,21
AT1G26540,0,0,2,3,0,1
AT1G26550,905,2083,1012,938,618,852
AT1G26558,0,0,0,0,0,0
AT1G26560,0,0,0,0,0,0
AT1G26570,0,17,18,1,1,10
AT1G26580,463,370,245,430,426,522
AT1G26590,12,7,3,4,0,0
AT1G26600,0,0,0,0,0,0
AT1G26610,20,14,1,8,6,9
AT1G26620,71,68,37,85,60,72
AT1G26630,9242,13805,10587,9708,6135,8834
AT1G26640,325,518,288,384,241,406
AT1G26650,115,331,156,164,102,148
AT1G26660,147,148,158,139,117,114
AT1G26665,728,722,376,473,367,604
AT1G26670,944,1670,793,909,733,1231
AT1G26680,84,134,41,62,45,39
AT1G26690,213,578,347,276,165,295
AT1G26700,44,50,28,79,71,64
AT1G26710,0,0,0,0,0,0
AT1G26720,0,0,0,1,0,0
AT1G26730,60,67,33,47,30,73
AT1G26740,351,833,549,379,313,426
AT1G26750,560,1169,637,558,410,602
AT1G26760,58,135,53,56,39,103
AT1G26761,0,0,0,0,0,0
AT1G26762,1,1,1,2,0,0
AT1G26770,2,0,2,1,1,19
AT1G26773,0,0,0,0,0,0
AT1G26780,0,0,0,0,0,0
AT1G26790,5,12,17,0,0,0
AT1G26795,0,0,0,0,0,0
AT1G26796,0,0,0,0,0,0
AT1G26797,0,0,0,0,0,0
AT1G26798,0,0,0,0,0,0
AT1G26799,0,3,0,1,0,0
AT1G26800,99,162,97,143,83,266
AT1G26810,23,51,32,24,18,49
AT1G26815,0,0,0,0,0,0
AT1G26820,10,142,89,160,167,102
AT1G26830,283,326,167,222,208,243
AT1G26840,94,271,179,123,114,141
AT1G26850,1220,939,600,1447,983,1054
AT1G26870,162,66,41,128,67,72
AT1G26880,3588,6813,4371,3357,2680,3519
AT1G26890,5,5,8,24,7,13
AT1G26900,63,73,38,57,52,89
AT1G26910,178,310,185,143,100,112
AT1G26920,415,664,359,428,351,446
AT1G26921,0,0,0,0,0,0
AT1G26930,329,239,163,301,258,318
AT1G26940,234,483,241,239,141,242
AT1G26945,262,384,212,400,254,390
AT1G26960,162,225,206,229,217,287
AT1G26970,11,42,30,19,19,25
AT1G26973,0,0,0,0,0,0
AT1G26975,0,0,0,0,0,0
AT1G26976,0,0,0,0,0,0
AT1G26985,0,0,0,0,0,0
AT1G27000,524,682,411,527,416,589
AT1G27008,1,1,0,1,0,1
AT1G27020,5,9,12,6,17,24
AT1G27030,126,179,101,112,125,255
AT1G27040,0,0,0,1,0,0
AT1G27045,0,0,0,0,0,0
AT1G27050,143,202,166,195,158,162
AT1G27060,28,33,34,49,38,48
AT1G27070,79,68,41,61,49,79
AT1G27080,12,0,0,4,1,1
AT1G27090,918,675,571,1010,753,801
AT1G27100,272,129,122,187,91,400
AT1G27110,17,23,21,28,18,22
AT1G27120,89,85,23,41,51,16
AT1G27130,768,1155,930,1014,708,958
AT1G27135,0,0,0,0,0,0
AT1G27140,191,419,253,175,169,161
AT1G27150,325,323,253,365,234,385
AT1G27160,0,0,0,0,0,2
AT1G27170,50,64,41,32,37,69
AT1G27180,43,65,25,47,40,65
AT1G27190,255,328,150,358,216,258
AT1G27200,51,48,58,66,44,88
AT1G27210,100,274,130,132,90,190
AT1G27220,0,0,0,0,0,0
AT1G27240,0,0,0,0,0,0
AT1G27250,0,0,0,0,0,0
AT1G27260,0,0,0,3,0,0
AT1G27270,0,0,0,0,0,0
AT1G27280,0,0,0,0,0,0
AT1G27290,512,1047,854,499,415,1125
AT1G27300,669,988,479,605,391,735
AT1G27310,1610,2495,1880,1504,1201,1789
AT1G27320,200,224,145,145,193,317
AT1G27330,1034,3015,1561,1219,1053,1463
AT1G27340,538,459,288,447,441,500
AT1G27350,926,2393,1219,1002,721,1040
AT1G27360,36,33,33,20,24,31
AT1G27370,44,38,36,38,50,44
AT1G27380,40,162,87,16,34,46
AT1G27385,231,314,189,133,110,135
AT1G27390,206,399,308,345,249,301
AT1G27400,4498,6806,4964,4908,3582,4774
AT1G27410,35,23,9,48,18,29
AT1G27420,20,38,39,62,55,92
AT1G27430,77,82,54,92,81,138
AT1G27435,669,1313,931,579,549,618
AT1G27440,155,330,218,176,234,140
AT1G27450,2891,3903,2770,2727,1911,2861
AT1G27460,124,117,40,103,60,118
AT1G27461,0,0,0,0,0,0
AT1G27470,233,223,96,229,177,240
AT1G27480,0,0,0,0,0,0
AT1G27490,0,0,0,0,0,0
AT1G27500,70,81,34,72,43,98
AT1G27510,236,210,181,223,142,222
AT1G27520,175,204,139,122,200,211
AT1G27530,1202,1858,1214,1117,821,1133
AT1G27535,0,0,0,0,0,0
AT1G27540,349,351,261,366,294,327
AT1G27550,0,0,0,0,0,0
AT1G27555,0,0,0,0,0,0
AT1G27565,176,0,90,2,0,108
AT1G27570,0,0,0,0,0,0
AT1G27580,0,4,0,0,0,0
AT1G27595,147,100,75,115,101,185
AT1G27600,306,320,254,358,275,373
AT1G27610,1,5,2,1,6,2
AT1G27620,61,35,43,28,46,25
AT1G27630,168,314,137,202,152,261
AT1G27640,23,18,21,26,20,22
AT1G27650,1411,669,694,1065,887,1119
AT1G27660,126,315,101,92,103,104
AT1G27670,69,111,71,116,74,200
AT1G27680,49,182,73,92,84,75
AT1G27690,43,78,52,68,43,72
AT1G27695,143,204,187,117,110,141
AT1G27700,162,278,165,153,122,147
AT1G27710,0,0,0,0,0,0
AT1G27720,14,16,12,16,18,28
AT1G27730,670,40,46,90,53,1769
AT1G27740,25,72,43,19,63,73
AT1G27750,120,83,109,179,106,97
AT1G27752,82,108,88,111,110,147
AT1G27760,278,279,194,312,240,239
AT1G27770,217,156,126,292,254,345
AT1G27820,0,10,1,2,0,0
AT1G27840,108,179,107,99,156,141
AT1G27850,88,139,71,132,129,165
AT1G27860,0,1,0,1,0,0
AT1G27870,0,0,0,0,0,0
AT1G27880,35,22,20,50,36,25
AT1G27890,6,0,2,12,2,5
AT1G27900,173,134,101,156,110,192
AT1G27910,73,60,14,61,41,60
AT1G27920,74,118,53,93,50,84
AT1G27921,274,157,147,186,170,162
AT1G27930,251,540,245,380,274,257
AT1G27940,0,0,0,0,0,0
AT1G27950,11,64,62,22,8,10
AT1G27960,101,91,35,84,57,75
AT1G27970,854,2903,1945,1014,805,1095
AT1G27980,84,84,51,131,73,99
AT1G27990,1,4,1,0,0,1
AT1G28000,0,0,1,0,0,1
AT1G28005,0,0,0,0,0,0
AT1G28010,0,0,0,0,0,0
AT1G28020,0,0,0,0,0,0
AT1G28030,0,0,0,0,0,0
AT1G28040,0,1,0,1,0,1
AT1G28050,73,74,50,105,72,101
AT1G28060,424,277,208,360,274,292
AT1G28070,183,274,184,141,95,202
AT1G28080,60,71,72,32,40,55
AT1G28090,129,160,102,76,110,140
AT1G28100,197,273,126,285,298,135
AT1G28110,417,537,431,445,302,332
AT1G28120,257,486,278,303,196,314
AT1G28130,187,298,206,346,178,359
AT1G28135,3,7,4,9,5,8
AT1G28140,214,270,191,165,143,263
AT1G28150,243,215,207,167,119,258
AT1G28160,0,0,6,0,0,0
AT1G28170,0,13,0,1,1,1
AT1G28180,0,0,0,0,1,0
AT1G28190,285,330,171,244,194,318
AT1G28200,402,392,366,360,244,432
AT1G28210,16,40,17,30,32,32
AT1G28220,0,0,0,0,0,0
AT1G28230,12,0,1,11,8,32
AT1G28240,154,134,112,204,167,181
AT1G28250,538,1062,547,375,300,561
AT1G28260,169,77,56,218,171,309
AT1G28265,0,1,1,0,1,3
AT1G28270,0,4,4,5,0,0
AT1G28280,193,252,300,201,226,306
AT1G28290,4035,2431,3019,7781,3777,4593
AT1G28300,0,0,0,0,0,0
AT1G28305,0,0,0,0,0,0
AT1G28306,0,0,0,0,0,0
AT1G28310,242,331,191,221,213,227
AT1G28320,77,144,69,82,54,128
AT1G28327,0,4,5,2,1,0
AT1G28330,2767,3941,2937,3092,2213,5325
AT1G28335,0,0,0,0,0,0
AT1G28340,219,227,169,271,164,224
AT1G28350,166,93,103,218,174,253
AT1G28360,9,17,6,7,4,0
AT1G28370,0,0,1,1,1,9
AT1G28375,0,0,0,0,0,0
AT1G28380,88,31,43,61,40,71
AT1G28390,71,91,53,68,66,70
AT1G28395,293,469,441,284,230,270
AT1G28400,428,762,760,353,357,379
AT1G28410,226,287,129,225,139,199
AT1G28420,311,312,205,277,227,328
AT1G28430,0,0,0,0,0,0
AT1G28440,236,166,93,146,134,178
AT1G28450,0,0,8,0,1,1
AT1G28460,0,0,0,0,0,0
AT1G28470,26,73,45,51,32,41
AT1G28480,4,8,6,2,2,108
AT1G28490,291,407,278,305,209,311
AT1G28500,0,0,0,0,0,0
AT1G28510,302,509,280,332,294,276
AT1G28520,212,206,109,180,154,160
AT1G28530,44,70,34,59,45,30
AT1G28540,103,258,165,126,110,182
AT1G28550,27,72,36,36,35,40
AT1G28560,40,35,20,24,25,38
AT1G28570,6,6,0,0,0,0
AT1G28580,595,380,432,604,464,856
AT1G28590,0,0,0,0,0,0
AT1G28600,5,6,1,11,5,21
AT1G28610,0,13,6,0,2,2
AT1G28630,0,0,0,0,0,0
AT1G28640,0,0,0,0,0,0
AT1G28650,0,0,0,0,0,0
AT1G28660,1,23,9,7,0,6
AT1G28670,21,47,43,22,21,14
AT1G28680,205,269,152,174,146,222
AT1G28685,113,106,65,102,70,69
AT1G28690,2,3,2,6,10,0
AT1G28695,0,0,0,0,0,0
AT1G28700,0,0,0,0,0,0
AT1G28710,5,30,20,37,22,31
AT1G28715,58,86,64,90,59,80
AT1G28720,0,0,0,0,0,0
AT1G28730,0,0,0,0,0,0
AT1G28740,0,0,0,0,0,0
AT1G28750,0,0,0,0,0,0
AT1G28760,96,83,43,85,45,107
AT1G28765,24,5,3,21,8,12
AT1G28770,0,0,0,0,0,0
AT1G28780,0,0,0,0,0,0
AT1G28790,0,0,0,0,0,0
AT1G28800,0,0,0,0,0,0
AT1G28810,0,0,0,0,0,0
AT1G28815,50,89,56,75,41,75
AT1G28820,0,0,0,0,0,0
AT1G28830,0,0,0,0,0,0
AT1G28840,0,0,0,0,0,0
AT1G28850,0,0,0,0,0,0
AT1G28860,0,0,0,0,0,0
AT1G28870,0,0,0,0,0,0
AT1G28880,0,0,0,0,0,0
AT1G28890,0,0,0,0,0,0
AT1G28900,0,0,0,0,0,0
AT1G28910,0,0,0,0,0,0
AT1G28920,0,0,0,0,0,0
AT1G28930,0,0,0,0,0,0
AT1G28940,0,0,0,0,0,0
AT1G28950,0,0,0,0,0,0
AT1G28960,252,293,218,209,173,359
AT1G28970,0,0,0,0,0,0
AT1G28980,0,0,0,0,0,0
AT1G28990,0,0,0,0,0,0
AT1G29000,0,2,0,0,0,4
AT1G29005,0,0,0,0,0,0
AT1G29010,0,1,0,1,0,0
AT1G29020,45,166,83,255,185,256
AT1G29025,276,310,217,435,303,513
AT1G29030,59,98,80,150,81,150
AT1G29040,276,681,406,293,176,317
AT1G29041,0,0,0,0,0,1
AT1G29050,273,489,328,218,172,506
AT1G29060,107,247,152,122,98,113
AT1G29070,465,623,535,341,260,371
AT1G29071,6,6,8,2,1,2
AT1G29080,0,0,0,0,0,0
AT1G29090,0,0,0,0,0,0
AT1G29100,0,0,0,8,11,10
AT1G29110,0,0,0,0,0,0
AT1G29120,187,148,115,211,142,195
AT1G29140,0,0,0,0,0,0
AT1G29150,1157,1210,1016,1446,791,1070
AT1G29160,125,201,156,105,79,65
AT1G29170,157,85,54,75,71,61
AT1G29179,13,24,9,8,4,2
AT1G29180,11,29,2,6,11,19
AT1G29195,61,44,53,71,69,77
AT1G29200,34,38,17,13,6,22
AT1G29210,0,0,0,0,0,0
AT1G29220,158,276,141,204,143,182
AT1G29230,1,13,5,2,1,7
AT1G29240,51,16,14,72,31,51
AT1G29250,1623,4405,2347,1755,1282,1520
AT1G29260,344,447,262,330,264,347
AT1G29265,0,0,0,0,0,0
AT1G29270,10,16,27,20,6,11
AT1G29280,622,706,582,875,607,1124
AT1G29290,25,15,34,67,30,51
AT1G29300,110,66,80,90,76,129
AT1G29310,685,865,609,775,469,656
AT1G29320,284,332,221,350,272,348
AT1G29330,392,650,294,415,292,519
AT1G29340,130,79,81,110,118,185
AT1G29350,962,731,561,1053,802,785
AT1G29355,91,138,83,99,82,111
AT1G29357,211,288,206,224,179,301
AT1G29370,1103,715,554,977,678,973
AT1G29380,36,58,38,40,46,25
AT1G29390,137,285,139,143,86,155
AT1G29395,0,14,2,0,0,0
AT1G29400,185,241,112,279,204,312
AT1G29410,74,127,60,73,59,60
AT1G29418,239,608,256,159,260,230
AT1G29420,0,7,3,2,0,0
AT1G29430,0,0,0,0,0,0
AT1G29435,0,0,0,0,0,0
AT1G29440,0,0,0,0,0,0
AT1G29450,0,0,0,0,0,0
AT1G29460,0,0,0,0,0,0
AT1G29465,75,108,83,45,43,146
AT1G29470,843,1747,752,1095,725,974
AT1G29480,0,0,0,0,0,0
AT1G29490,0,0,0,0,0,0
AT1G29500,3,4,3,0,5,0
AT1G29510,0,0,0,0,0,0
AT1G29520,455,644,417,149,186,232
AT1G29530,106,106,98,106,65,87
AT1G29535,116,323,163,90,70,96
AT1G29540,4,20,5,0,6,3
AT1G29550,72,259,113,73,47,76
AT1G29560,2,3,4,3,11,3
AT1G29570,0,0,0,0,0,0
AT1G29580,0,0,0,0,0,0
AT1G29590,14,36,20,9,6,16
AT1G29600,0,20,9,0,1,7
AT1G29620,0,0,0,0,0,0
AT1G29630,106,178,92,119,82,122
AT1G29640,126,144,106,149,91,388
AT1G29660,0,0,0,0,2,0
AT1G29670,0,6,3,0,0,0
AT1G29680,2,0,0,0,0,0
AT1G29690,84,49,49,99,77,124
AT1G29700,38,52,50,29,22,37
AT1G29710,68,66,45,47,44,88
AT1G29720,0,0,0,0,0,0
AT1G29730,22,14,36,58,51,49
AT1G29740,29,43,28,53,25,19
AT1G29750,42,30,28,41,23,32
AT1G29760,197,197,67,126,110,178
AT1G29770,4,3,7,13,7,18
AT1G29775,1,0,0,0,2,1
AT1G29780,2,5,3,2,3,1
AT1G29785,288,527,390,265,215,218
AT1G29790,302,430,327,480,328,391
AT1G29800,84,104,49,68,65,86
AT1G29810,208,343,198,149,85,140
AT1G29820,279,232,153,261,246,247
AT1G29830,13,17,3,21,14,21
AT1G29840,86,147,71,64,45,43
AT1G29850,966,1591,970,876,646,995
AT1G29860,0,11,0,7,16,0
AT1G29870,0,0,0,0,0,0
AT1G29880,319,385,233,475,323,350
AT1G29890,233,428,248,330,210,272
AT1G29900,961,527,404,892,639,757
AT1G29910,44,97,18,0,6,5
AT1G29920,71,41,14,0,0,0
AT1G29930,138,246,52,26,23,20
AT1G29940,221,223,161,254,233,271
AT1G29950,523,622,414,465,476,528
AT1G29960,72,149,83,61,46,57
AT1G29962,0,0,0,0,0,0
AT1G29965,436,627,475,472,373,371
AT1G29970,291,660,526,230,211,472
AT1G29980,433,413,212,435,205,255
AT1G29990,649,1558,862,579,508,656
AT1G30000,217,278,176,297,158,266
AT1G30010,37,31,15,26,26,26
AT1G30020,11,11,4,3,4,9
AT1G30040,2,0,7,10,21,14
AT1G30050,6,11,11,4,7,10
AT1G30060,0,0,0,0,0,0
AT1G30070,141,323,217,146,117,134
AT1G30080,127,83,55,77,139,73
AT1G30090,118,112,52,159,84,135
AT1G30100,1,0,0,0,0,0
AT1G30110,241,563,407,307,253,605
AT1G30120,1042,1420,837,932,581,776
AT1G30130,345,441,423,382,253,561
AT1G30135,0,0,4,1,0,5
AT1G30140,0,6,0,0,0,0
AT1G30160,0,0,0,0,0,0
AT1G30170,0,0,0,0,0,0
AT1G30190,0,0,0,0,0,0
AT1G30200,192,209,166,164,164,216
AT1G30210,0,5,0,1,0,0
AT1G30220,0,0,0,6,0,2
AT1G30230,8894,6891,4805,6765,4897,6195
AT1G30240,23,61,49,85,54,59
AT1G30250,0,0,0,1,1,0
AT1G30260,42,276,134,27,14,296
AT1G30270,378,800,449,539,466,767
AT1G30280,31,52,29,9,25,35
AT1G30282,11,26,12,3,5,10
AT1G30290,22,41,25,39,18,22
AT1G30300,160,349,168,247,141,198
AT1G30320,211,165,69,176,147,244
AT1G30330,96,152,83,134,121,111
AT1G30350,0,0,0,0,0,0
AT1G30360,913,1286,852,903,702,878
AT1G30370,2,3,11,1,0,9
AT1G30380,23,93,49,2,4,10
AT1G30400,282,394,255,337,282,633
AT1G30410,111,82,20,75,58,73
AT1G30420,85,45,35,86,52,113
AT1G30430,0,0,0,0,0,0
AT1G30440,955,484,440,744,640,619
AT1G30450,124,112,94,125,107,169
AT1G30455,1,0,0,1,0,1
AT1G30460,136,95,81,113,90,156
AT1G30470,145,141,101,180,140,196
AT1G30473,13,31,27,15,15,18
AT1G30475,61,79,69,24,37,55
AT1G30480,189,249,140,242,141,206
AT1G30490,128,90,67,96,141,55
AT1G30500,27,91,58,16,7,28
AT1G30510,910,1865,861,982,697,632
AT1G30515,19,17,7,5,4,4
AT1G30520,16,27,25,20,27,15
AT1G30530,8,7,0,6,1,3
AT1G30540,109,129,101,127,68,104
AT1G30545,50,134,35,75,52,58
AT1G30550,342,717,282,413,274,253
AT1G30560,0,0,0,0,0,0
AT1G30570,114,59,43,53,55,87
AT1G30580,2334,3520,1812,2668,1701,2357
AT1G30590,261,628,316,361,342,345
AT1G30600,117,80,65,124,65,135
AT1G30610,36,50,32,31,23,42
AT1G30620,127,106,110,144,117,160
AT1G30630,1627,3456,1918,2276,1431,1736
AT1G30640,67,78,48,48,46,112
AT1G30650,121,104,95,150,148,300
AT1G30660,0,0,1,0,0,1
AT1G30670,0,0,0,0,0,0
AT1G30680,162,102,48,96,59,117
AT1G30690,430,734,308,321,249,574
AT1G30700,38,48,75,22,5,94
AT1G30710,0,0,0,0,0,0
AT1G30720,41,76,77,74,41,205
AT1G30730,60,41,49,84,48,135
AT1G30740,0,4,0,1,1,0
AT1G30750,390,970,461,1012,582,535
AT1G30755,50,99,78,67,54,103
AT1G30757,17,45,41,16,16,60
AT1G30760,778,178,129,1534,1659,1398
AT1G30780,0,0,0,0,0,0
AT1G30790,0,0,0,0,0,0
AT1G30795,0,0,0,0,0,0
AT1G30800,4,8,4,2,3,3
AT1G30810,61,117,46,48,63,101
AT1G30814,0,0,1,1,1,0
AT1G30820,1128,799,683,1273,835,1252
AT1G30825,154,281,110,140,120,157
AT1G30830,0,0,0,0,0,0
AT1G30840,85,141,109,136,144,134
AT1G30845,57,177,48,48,36,59
AT1G30850,2,7,6,7,11,9
AT1G30860,10,15,5,13,7,11
AT1G30870,44,200,88,74,147,235
AT1G30880,772,1201,679,617,490,621
AT1G30890,457,904,503,426,269,471
AT1G30900,120,168,105,145,128,210
AT1G30910,204,233,196,237,187,239
AT1G30920,0,0,0,0,0,0
AT1G30925,0,0,0,0,0,0
AT1G30930,0,3,0,0,0,0
AT1G30950,0,0,0,8,0,0
AT1G30960,86,109,48,101,46,81
AT1G30970,583,423,372,532,522,420
AT1G30972,0,0,0,0,0,0
AT1G30974,0,0,0,0,0,0
AT1G30990,30,118,85,51,58,116
AT1G31000,0,0,0,1,0,0
AT1G31010,70,99,74,75,44,74
AT1G31020,288,679,314,300,235,284
AT1G31040,55,37,23,31,16,35
AT1G31050,128,269,201,53,125,188
AT1G31070,172,332,137,114,107,116
AT1G31080,0,0,0,0,0,0
AT1G31090,0,0,0,0,0,0
AT1G31095,0,0,0,0,0,0
AT1G31110,0,0,0,0,0,0
AT1G31120,76,138,140,91,84,126
AT1G31130,346,557,344,586,386,624
AT1G31140,0,0,0,0,0,0
AT1G31150,102,109,92,134,74,132
AT1G31160,318,600,339,316,183,326
AT1G31163,0,0,0,0,0,0
AT1G31170,116,175,89,82,69,132
AT1G31173,0,0,0,0,0,0
AT1G31175,41,100,42,74,70,58
AT1G31180,501,612,296,519,304,391
AT1G31190,63,57,39,34,31,53
AT1G31200,2,9,2,0,0,3
AT1G31220,110,120,95,112,85,131
AT1G31230,78,133,101,148,113,127
AT1G31240,20,2,4,10,6,12
AT1G31243,3,0,0,0,3,2
AT1G31250,0,0,0,0,0,0
AT1G31255,0,0,0,0,0,0
AT1G31258,6,12,11,4,7,10
AT1G31260,0,0,0,1,0,0
AT1G31270,0,0,0,0,0,0
AT1G31280,27,17,23,27,28,35
AT1G31290,2,0,0,0,0,1
AT1G31300,453,778,424,417,315,424
AT1G31310,16,18,8,5,8,3
AT1G31320,116,58,74,42,38,83
AT1G31330,60,165,68,17,14,52
AT1G31335,32,100,95,96,59,66
AT1G31340,211,547,292,269,146,231
AT1G31350,37,76,38,25,18,54
AT1G31358,0,0,0,0,0,0
AT1G31360,136,93,72,145,98,105
AT1G31370,0,0,0,0,0,0
AT1G31380,0,0,0,0,0,0
AT1G31390,0,0,0,0,0,0
AT1G31400,0,0,0,0,0,0
AT1G31410,67,72,61,98,63,67
AT1G31420,313,262,196,207,246,296
AT1G31430,21,6,4,13,6,9
AT1G31440,290,399,204,313,270,274
AT1G31450,0,0,0,0,0,0
AT1G31460,52,174,83,45,27,74
AT1G31470,64,95,92,111,91,70
AT1G31480,98,32,40,82,70,126
AT1G31485,2,2,4,5,4,1
AT1G31490,21,17,8,20,14,29
AT1G31500,127,182,116,165,117,148
AT1G31510,0,0,0,0,0,0
AT1G31520,0,0,0,0,0,0
AT1G31530,0,0,0,0,0,0
AT1G31540,65,72,52,50,58,150
AT1G31550,0,0,0,0,0,0
AT1G31555,0,0,0,0,0,0
AT1G31580,0,14,1,6,4,48
AT1G31600,331,384,256,293,318,348
AT1G31620,0,0,0,0,0,0
AT1G31630,0,0,0,0,0,0
AT1G31640,0,0,0,0,0,0
AT1G31650,63,55,31,80,37,75
AT1G31660,346,552,265,440,237,356
AT1G31670,1,0,0,0,0,0
AT1G31690,0,0,0,0,0,0
AT1G31710,74,132,130,66,83,50
AT1G31720,19,104,56,26,22,35
AT1G31730,233,395,213,323,286,399
AT1G31740,0,0,0,0,0,0
AT1G31750,1,3,2,16,3,5
AT1G31760,263,316,195,326,186,159
AT1G31770,1377,814,611,1053,1562,747
AT1G31772,0,12,5,1,2,4
AT1G31780,465,350,364,516,365,456
AT1G31790,19,19,10,16,10,11
AT1G31800,14,14,7,28,23,15
AT1G31810,41,79,38,44,42,81
AT1G31812,5141,17956,10033,3769,3534,4827
AT1G31814,91,143,86,96,111,86
AT1G31817,419,722,519,567,333,405
AT1G31820,2,3,0,1,0,1
AT1G31830,348,424,208,276,295,377
AT1G31835,52,115,27,22,33,27
AT1G31840,1,13,9,14,5,14
AT1G31850,802,668,492,915,580,777
AT1G31860,891,1309,599,678,504,678
AT1G31870,75,98,68,112,62,91
AT1G31880,28,23,20,27,14,23
AT1G31885,26,87,70,51,32,144
AT1G31910,1241,1499,759,1226,1232,1169
AT1G31920,11,4,4,5,0,0
AT1G31930,166,134,88,185,158,173
AT1G31935,242,594,228,136,138,246
AT1G31940,163,399,205,168,164,184
AT1G31950,387,510,245,709,652,443
AT1G31960,0,0,0,1,3,0
AT1G31970,954,1231,587,786,653,817
AT1G31990,5,0,7,2,2,2
AT1G32000,0,0,0,0,0,0
AT1G32010,0,0,0,0,0,0
AT1G32020,0,0,0,0,0,0
AT1G32030,0,0,0,0,0,0
AT1G32050,2046,2976,1604,1834,1337,1757
AT1G32060,2,12,1,5,2,0
AT1G32070,94,204,105,110,78,161
AT1G32080,5,0,0,0,0,0
AT1G32090,184,121,115,250,152,248
AT1G32100,412,666,458,344,394,545
AT1G32120,0,2,4,2,2,1
AT1G32127,262,482,230,204,165,364
AT1G32130,392,646,289,466,323,505
AT1G32140,0,0,0,0,0,0
AT1G32150,93,118,71,134,77,117
AT1G32160,207,150,97,142,88,174
AT1G32170,545,868,665,707,519,1215
AT1G32172,0,0,5,6,4,1
AT1G32180,0,0,0,0,0,0
AT1G32190,338,194,208,332,195,203
AT1G32200,109,96,60,111,56,105
AT1G32210,2140,5053,2557,2224,1695,2269
AT1G32220,18,72,37,34,12,47
AT1G32225,0,0,0,0,0,0
AT1G32230,952,1157,756,1045,809,1186
AT1G32240,117,105,71,168,132,73
AT1G32250,0,0,0,0,0,0
AT1G32260,213,341,135,196,180,218
AT1G32270,7,18,19,13,6,33
AT1G32280,0,0,0,0,0,0
AT1G32300,0,0,0,0,0,0
AT1G32310,119,373,189,166,127,210
AT1G32320,0,1,0,0,0,0
AT1G32330,130,104,104,116,127,82
AT1G32337,0,0,0,0,0,0
AT1G32340,77,151,58,81,60,85
AT1G32350,0,0,0,0,0,0
AT1G32360,137,102,87,159,98,216
AT1G32361,0,0,0,0,0,0
AT1G32370,295,433,230,242,205,278
AT1G32375,0,0,0,0,1,0
AT1G32380,318,340,167,291,212,279
AT1G32385,2,2,2,0,0,0
AT1G32400,640,644,530,671,480,697
AT1G32410,192,360,288,150,153,252
AT1G32415,5,31,5,13,14,21
AT1G32420,0,0,0,0,0,0
AT1G32430,0,0,0,0,0,0
AT1G32440,202,290,216,304,167,199
AT1G32450,2264,12963,8638,3285,859,605
AT1G32460,1347,4242,3492,978,683,1428
AT1G32470,11,36,23,8,4,1
AT1G32480,0,0,0,1,0,0
AT1G32490,356,412,214,270,177,326
AT1G32500,129,181,132,161,156,134
AT1G32510,0,2,2,0,6,0
AT1G32520,4,6,1,0,0,2
AT1G32530,44,88,47,84,43,52
AT1G32540,1,2,2,16,3,6
AT1G32550,44,80,39,26,14,32
AT1G32560,0,0,2,2,0,0
AT1G32570,1,0,0,0,0,0
AT1G32575,0,0,0,0,0,0
AT1G32580,679,879,800,752,635,793
AT1G32582,0,0,0,0,0,0
AT1G32583,123,33,14,64,37,89
AT1G32585,5,0,0,0,0,0
AT1G32600,0,0,0,0,0,0
AT1G32610,38,61,65,55,42,57
AT1G32620,0,0,0,0,0,0
AT1G32630,650,751,317,389,244,990
AT1G32640,657,663,281,378,207,942
AT1G32650,0,0,0,0,0,0
AT1G32660,0,0,0,0,0,0
AT1G32690,61,168,84,54,52,108
AT1G32700,1435,2625,2080,1298,1117,2090
AT1G32710,1,0,0,0,0,3
AT1G32713,0,4,2,1,1,0
AT1G32720,0,0,0,0,0,0
AT1G32730,125,135,126,104,80,114
AT1G32740,26,41,33,21,14,18
AT1G32750,234,207,159,242,168,283
AT1G32760,86,95,73,139,84,98
AT1G32763,0,0,0,0,0,0
AT1G32770,0,0,0,0,0,0
AT1G32780,0,0,0,0,0,0
AT1G32790,876,1310,627,869,614,1061
AT1G32810,113,120,97,106,95,189
AT1G32850,0,0,0,0,0,0
AT1G32860,134,120,110,164,148,97
AT1G32870,45,59,23,20,26,31
AT1G32880,0,1,1,0,1,1
AT1G32900,15,37,25,33,5,12
AT1G32910,0,0,0,0,0,0
AT1G32920,1282,644,414,521,334,2502
AT1G32928,75,135,144,20,25,204
AT1G32930,218,298,166,235,147,182
AT1G32940,14,26,9,17,18,38
AT1G32950,0,2,3,3,4,12
AT1G32960,0,1,0,1,6,5
AT1G32970,0,0,0,0,0,0
AT1G32975,0,0,0,0,0,0
AT1G32980,0,0,0,0,0,0
AT1G32990,213,293,170,161,109,133
AT1G32992,0,1,2,2,2,0
AT1G33010,0,0,0,0,0,0
AT1G33020,0,0,0,1,0,0
AT1G33030,13,24,11,88,78,73
AT1G33040,357,871,541,540,386,418
AT1G33050,437,447,294,350,340,346
AT1G33055,214,648,550,269,204,904
AT1G33060,179,155,96,204,104,136
AT1G33070,0,0,0,0,0,0
AT1G33080,129,103,52,35,40,53
AT1G33090,5,23,5,12,3,4
AT1G33100,0,0,0,9,0,0
AT1G33102,79,109,38,65,40,60
AT1G33110,702,424,205,549,489,417
AT1G33120,6558,6995,5551,6118,4662,5851
AT1G33140,10344,12584,9930,9866,7575,9092
AT1G33170,110,64,55,107,115,87
AT1G33220,0,0,0,0,0,0
AT1G33230,353,662,376,416,391,436
AT1G33240,438,705,391,470,410,453
AT1G33250,354,316,218,465,386,393
AT1G33260,6,59,11,0,1,7
AT1G33265,336,593,365,264,242,276
AT1G33270,170,186,134,159,144,157
AT1G33280,56,12,62,142,29,155
AT1G33290,117,86,49,68,74,104
AT1G33320,0,13,7,0,0,2
AT1G33330,146,107,110,103,77,103
AT1G33340,46,10,20,6,34,24
AT1G33350,8,26,19,32,30,16
AT1G33355,0,0,0,0,0,0
AT1G33360,151,222,102,183,232,244
AT1G33370,0,0,0,0,0,0
AT1G33390,36,28,30,49,41,50
AT1G33400,123,139,50,129,110,93
AT1G33410,57,198,95,154,134,152
AT1G33415,193,112,86,168,139,198
AT1G33420,142,59,55,128,91,154
AT1G33430,2,0,3,0,1,1
AT1G33440,25,26,17,13,14,9
AT1G33470,917,887,735,861,772,675
AT1G33475,49,23,21,11,10,27
AT1G33480,83,93,104,115,63,83
AT1G33490,239,297,189,179,123,216
AT1G33500,7,36,8,9,6,9
AT1G33520,561,720,336,448,373,505
AT1G33530,0,0,0,0,0,0
AT1G33540,96,130,40,120,92,66
AT1G33560,44,21,9,37,29,35
AT1G33590,162,139,115,278,148,195
AT1G33600,0,1,15,0,0,20
AT1G33607,0,0,0,0,0,0
AT1G33610,78,14,39,77,59,107
AT1G33612,50,64,53,140,64,102
AT1G33615,6,11,2,3,10,12
AT1G33640,0,0,0,0,0,0
AT1G33670,0,0,5,0,0,0
AT1G33680,421,228,259,374,327,383
AT1G33700,242,187,169,182,136,252
AT1G33710,0,0,0,0,0,0
AT1G33720,0,0,0,0,0,0
AT1G33730,0,0,0,0,0,0
AT1G33750,276,316,220,573,331,338
AT1G33760,0,0,0,0,0,0
AT1G33770,74,153,68,75,56,100
AT1G33780,166,281,124,142,125,173
AT1G33790,358,197,94,813,365,446
AT1G33800,358,980,483,651,486,763
AT1G33810,211,430,296,207,162,201
AT1G33811,0,0,0,0,0,0
AT1G33820,0,0,0,0,0,0
AT1G33830,0,0,0,1,0,0
AT1G33840,4,12,17,11,12,37
AT1G33850,0,0,0,0,0,0
AT1G33860,0,0,0,0,0,0
AT1G33870,0,2,0,0,0,0
AT1G33880,0,0,0,0,1,0
AT1G33890,0,1,0,0,0,0
AT1G33900,0,1,0,0,0,0
AT1G33910,0,0,0,0,0,0
AT1G33920,0,0,0,0,0,0
AT1G33930,0,0,0,0,0,0
AT1G33940,0,0,0,0,0,0
AT1G33945,0,0,0,0,0,0
AT1G33950,0,0,0,0,0,0
AT1G33960,0,0,0,0,0,0
AT1G33970,61,86,91,79,79,170
AT1G33980,462,324,218,358,283,369
AT1G33990,327,533,269,358,183,388
AT1G34000,142,259,216,66,51,72
AT1G34010,228,432,225,246,174,198
AT1G34015,0,0,0,0,0,0
AT1G34020,334,305,302,438,330,334
AT1G34030,3598,7410,3856,3812,2993,3694
AT1G34040,10,72,50,9,7,22
AT1G34042,0,0,0,0,0,0
AT1G34046,0,0,0,0,0,0
AT1G34047,10,0,0,0,3,0
AT1G34049,0,0,0,0,0,0
AT1G34050,0,1,0,4,1,13
AT1G34060,4,13,0,1,6,9
AT1G34065,119,219,101,134,98,79
AT1G34070,0,0,0,0,0,0
AT1G34095,0,0,0,0,0,0
AT1G34110,455,309,233,430,350,364
AT1G34120,44,34,49,61,30,48
AT1G34130,263,363,140,402,196,313
AT1G34140,0,0,1,5,0,3
AT1G34150,250,164,122,160,110,118
AT1G34160,56,47,25,43,22,35
AT1G34170,0,0,0,0,0,0
AT1G34180,7,13,14,27,17,48
AT1G34190,325,338,237,317,255,485
AT1G34200,171,179,121,156,151,112
AT1G34210,119,70,51,61,37,70
AT1G34220,248,324,221,221,224,252
AT1G34245,0,0,0,0,0,0
AT1G34260,61,64,26,43,30,67
AT1G34270,102,124,57,90,77,82
AT1G34290,0,0,0,0,0,0
AT1G34300,119,88,60,132,121,130
AT1G34310,0,0,0,0,0,0
AT1G34315,4,9,5,6,7,6
AT1G34317,11,13,6,22,5,24
AT1G34320,377,312,169,259,212,377
AT1G34340,21,68,33,42,43,51
AT1G34350,258,626,495,438,265,321
AT1G34355,43,23,42,47,29,76
AT1G34360,86,75,86,171,86,90
AT1G34370,363,487,350,571,371,708
AT1G34380,8,64,35,34,22,38
AT1G34390,0,0,0,0,0,0
AT1G34392,0,0,0,0,0,0
AT1G34400,0,0,0,0,0,0
AT1G34403,0,0,0,0,0,0
AT1G34410,0,0,0,0,0,0
AT1G34418,662,1337,744,480,388,648
AT1G34420,5,6,8,5,2,10
AT1G34430,376,380,348,582,306,392
AT1G34440,0,0,0,0,0,0
AT1G34460,15,14,2,11,1,14
AT1G34470,108,153,91,115,101,101
AT1G34480,4,8,3,9,5,11
AT1G34490,0,0,0,0,0,0
AT1G34500,0,3,0,0,0,0
AT1G34510,0,0,1,0,8,7
AT1G34520,0,0,0,0,4,1
AT1G34540,0,3,0,0,9,0
AT1G34550,195,172,122,201,145,184
AT1G34560,0,0,0,1,0,0
AT1G34570,48,80,43,36,20,60
AT1G34575,0,0,0,0,0,0
AT1G34580,0,0,0,0,0,0
AT1G34630,349,333,211,309,230,379
AT1G34640,4,19,6,6,6,6
AT1G34650,0,0,0,0,0,0
AT1G34670,0,7,0,11,0,9
AT1G34750,72,82,75,148,105,173
AT1G34760,49,51,41,68,56,62
AT1G34770,150,258,125,163,124,118
AT1G34780,148,187,85,134,103,122
AT1G34790,0,0,0,0,0,0
AT1G34792,0,0,0,0,0,0
AT1G34795,0,0,0,0,0,0
AT1G34800,0,0,0,0,0,0
AT1G34805,0,0,0,0,0,0
AT1G34807,0,0,0,0,0,0
AT1G34810,0,0,0,0,0,0
AT1G34812,0,0,0,0,0,0
AT1G34815,0,0,0,0,0,0
AT1G34817,0,0,0,0,0,0
AT1G34820,0,0,0,0,0,0
AT1G34822,0,0,0,0,0,0
AT1G34825,0,0,0,0,0,0
AT1G34827,0,0,0,0,0,0
AT1G34830,0,0,0,0,0,0
AT1G34840,0,0,0,0,0,0
AT1G34844,23,28,20,28,36,28
AT1G34850,0,0,0,0,0,0
AT1G34855,0,0,0,0,0,0
AT1G34860,0,0,0,0,0,0
AT1G34910,0,0,0,0,0,0
AT1G34930,0,0,0,0,0,0
AT1G35030,0,0,0,0,0,0
AT1G35035,0,0,0,0,0,0
AT1G35040,0,0,0,0,0,0
AT1G35140,9,1,1,19,34,54
AT1G35150,0,0,0,0,0,0
AT1G35160,3042,5363,3343,3073,2459,2515
AT1G35170,0,0,0,0,0,0
AT1G35180,0,1,3,0,0,0
AT1G35181,0,0,0,0,0,0
AT1G35183,0,0,0,0,0,0
AT1G35190,164,485,278,209,151,242
AT1G35210,26,13,3,0,10,91
AT1G35215,0,0,0,0,0,0
AT1G35220,248,120,113,229,159,232
AT1G35230,5,8,3,13,3,10
AT1G35240,0,0,0,0,0,0
AT1G35242,0,0,0,0,0,0
AT1G35250,0,0,3,0,0,3
AT1G35255,1,15,19,11,15,8
AT1G35260,52,137,97,87,89,78
AT1G35290,0,0,0,0,0,0
AT1G35310,1,0,0,0,0,0
AT1G35320,172,408,186,186,138,187
AT1G35330,7,9,0,15,6,6
AT1G35340,63,136,84,57,63,78
AT1G35350,14,35,6,18,24,20
AT1G35353,0,0,0,0,0,0
AT1G35365,0,0,0,0,0,0
AT1G35375,0,0,0,0,0,0
AT1G35400,0,0,0,0,0,0
AT1G35410,0,0,0,0,0,0
AT1G35420,3,0,0,0,0,0
AT1G35430,111,212,155,104,96,127
AT1G35435,0,0,0,0,0,0
AT1G35440,0,0,0,0,0,0
AT1G35460,50,81,61,37,31,53
AT1G35467,0,0,0,0,0,0
AT1G35470,115,195,127,152,101,148
AT1G35490,0,0,0,0,0,0
AT1G35500,0,0,0,0,0,0
AT1G35501,0,0,0,0,0,0
AT1G35510,112,89,77,85,44,86
AT1G35515,0,7,10,0,0,0
AT1G35516,804,1123,490,620,566,763
AT1G35520,0,0,0,0,0,0
AT1G35530,19,22,6,17,12,13
AT1G35537,0,0,0,0,0,0
AT1G35540,0,0,0,0,0,0
AT1G35545,10,7,13,14,9,15
AT1G35550,0,0,0,0,0,0
AT1G35560,8,30,33,1,3,4
AT1G35580,1478,953,797,1165,884,2146
AT1G35610,87,86,36,64,34,62
AT1G35614,0,0,0,0,0,0
AT1G35617,0,0,0,0,0,0
AT1G35620,437,551,224,523,294,461
AT1G35625,2,2,1,1,0,15
AT1G35630,0,0,0,0,0,0
AT1G35660,78,53,29,51,27,53
AT1G35670,295,315,193,381,219,454
AT1G35680,410,845,407,440,253,310
AT1G35710,40,31,23,23,32,12
AT1G35720,1070,4032,1996,1832,1207,1475
AT1G35730,0,6,0,1,4,2
AT1G35750,0,0,0,0,0,0
AT1G35780,400,569,436,607,360,507
AT1G35820,0,0,0,0,0,0
AT1G35830,1,7,4,3,1,3
AT1G35850,0,0,0,0,0,0
AT1G35860,0,0,0,0,0,0
AT1G35880,0,3,0,0,0,0
AT1G35890,0,0,0,0,0,0
AT1G35895,0,0,0,0,0,0
AT1G35910,17,20,19,58,31,39
AT1G36000,0,0,0,0,0,0
AT1G36005,0,0,0,0,0,0
AT1G36020,0,0,0,0,0,0
AT1G36030,0,0,0,0,0,0
AT1G36050,636,903,522,646,561,812
AT1G36060,448,423,431,1333,1215,739
AT1G36070,124,81,42,120,71,128
AT1G36078,0,0,0,0,0,0
AT1G36085,0,0,0,0,0,0
AT1G36095,0,0,0,0,0,0
AT1G36100,0,0,0,0,0,0
AT1G36150,0,0,0,0,0,0
AT1G36160,163,321,143,197,178,247
AT1G36180,16,11,9,9,26,21
AT1G36230,0,0,0,0,0,0
AT1G36240,0,0,0,0,0,0
AT1G36272,0,0,0,0,0,0
AT1G36280,53,141,63,146,66,132
AT1G36310,501,758,336,481,376,361
AT1G36320,89,121,62,82,46,84
AT1G36325,0,0,0,0,0,0
AT1G36340,0,0,0,0,0,0
AT1G36350,0,0,0,0,0,0
AT1G36370,240,220,135,339,193,201
AT1G36380,156,459,248,142,111,260
AT1G36390,111,242,113,121,92,126
AT1G36510,0,0,0,0,0,0
AT1G36580,0,0,0,0,0,0
AT1G36622,2,12,10,3,1,14
AT1G36623,0,0,0,0,0,0
AT1G36627,0,0,0,0,0,0
AT1G36640,0,26,11,0,3,27
AT1G36675,0,1,0,0,0,0
AT1G36730,1190,1075,555,1065,864,819
AT1G36745,0,0,0,0,0,0
AT1G36756,0,0,0,0,0,0
AT1G36920,0,0,0,0,0,1
AT1G36922,0,0,0,0,0,1
AT1G36925,0,0,0,0,0,0
AT1G36940,33,27,17,36,32,26
AT1G36942,0,0,0,0,0,0
AT1G36950,0,0,0,0,0,0
AT1G36960,0,0,0,0,0,0
AT1G36970,0,0,0,0,0,0
AT1G36980,1526,2090,1387,1051,887,1630
AT1G36990,84,140,51,71,70,87
AT1G36992,0,7,1,1,2,1
AT1G37000,0,0,0,0,0,0
AT1G37010,0,0,0,0,0,0
AT1G37020,0,0,0,0,0,0
AT1G37113,0,0,0,0,0,0
AT1G37130,641,734,461,1017,776,844
AT1G37140,0,0,0,0,0,0
AT1G37150,59,62,17,39,17,13
AT1G38065,72,44,30,72,50,86
AT1G38131,103,87,46,81,49,53
AT1G38790,0,0,0,0,0,0
AT1G39060,0,0,0,0,0,0
AT1G39070,0,0,0,0,0,0
AT1G40083,0,0,0,0,0,0
AT1G40086,0,0,0,0,0,0
AT1G40087,0,0,0,0,0,0
AT1G40090,0,0,0,0,0,0
AT1G40104,0,0,0,0,0,0
AT1G40129,0,0,0,0,0,0
AT1G40390,0,0,0,0,0,0
AT1G41820,0,0,0,0,0,0
AT1G41830,386,465,296,659,377,444
AT1G41880,4776,12891,6509,5148,3647,4465
AT1G41920,0,0,0,0,0,0
AT1G42080,0,0,0,0,0,0
AT1G42120,0,0,0,0,0,0
AT1G42190,0,0,0,0,0,0
AT1G42430,176,104,105,150,125,165
AT1G42440,267,349,194,317,198,357
AT1G42470,65,135,76,109,74,137
AT1G42480,410,607,463,561,356,474
AT1G42525,0,0,0,0,0,0
AT1G42540,41,76,26,82,55,106
AT1G42550,0,3,2,0,3,5
AT1G42560,0,0,0,0,0,0
AT1G42615,0,0,0,0,0,0
AT1G42680,0,0,0,0,0,0
AT1G42700,0,0,0,0,0,0
AT1G42710,0,0,0,0,0,0
AT1G42960,1519,4335,2135,1694,1213,1478
AT1G42970,9,4,2,5,0,0
AT1G42980,0,0,0,1,1,0
AT1G42990,255,368,214,293,246,370
AT1G43000,0,3,0,1,0,1
AT1G43005,0,0,0,0,0,0
AT1G43010,3,0,1,1,3,4
AT1G43020,64,61,27,59,51,64
AT1G43040,22,19,20,10,16,19
AT1G43080,0,0,0,0,0,0
AT1G43090,0,0,0,0,0,0
AT1G43100,0,0,0,0,0,0
AT1G43130,600,678,410,536,373,740
AT1G43140,0,6,1,2,5,3
AT1G43145,0,0,0,0,0,0
AT1G43160,44,49,47,38,9,184
AT1G43170,13632,14042,7555,13417,7615,10091
AT1G43171,0,1,0,0,0,0
AT1G43190,744,975,577,964,623,738
AT1G43245,115,82,47,54,77,77
AT1G43260,0,0,0,0,0,0
AT1G43310,0,0,0,0,0,0
AT1G43320,0,0,0,0,0,0
AT1G43330,0,0,0,0,0,0
AT1G43415,0,0,0,0,0,0
AT1G43560,198,266,194,120,109,144
AT1G43580,537,492,263,509,275,405
AT1G43600,0,0,0,0,0,0
AT1G43605,0,0,0,0,0,0
AT1G43610,0,0,0,0,0,0
AT1G43620,91,57,32,97,60,53
AT1G43630,0,0,0,0,0,0
AT1G43640,0,0,0,0,0,3
AT1G43650,39,112,93,35,62,28
AT1G43665,0,0,0,0,0,0
AT1G43666,0,0,0,0,0,0
AT1G43667,0,0,0,0,0,0
AT1G43670,429,403,230,695,413,546
AT1G43680,0,2,1,0,0,0
AT1G43690,289,306,207,352,236,315
AT1G43700,375,399,340,371,231,430
AT1G43710,1369,1670,967,1530,1044,965
AT1G43720,0,0,0,0,0,0
AT1G43722,0,0,0,0,0,0
AT1G43730,0,0,0,0,0,0
AT1G43760,0,0,0,0,0,0
AT1G43765,46,97,37,49,39,48
AT1G43770,70,64,22,50,31,28
AT1G43780,0,0,0,0,0,0
AT1G43790,104,726,527,458,631,692
AT1G43800,0,2,0,1,1,0
AT1G43810,0,0,0,0,0,0
AT1G43815,0,0,0,0,0,0
AT1G43820,0,0,0,0,0,0
AT1G43825,0,0,0,0,0,0
AT1G43850,199,256,126,253,200,249
AT1G43860,314,344,238,366,251,364
AT1G43890,689,1530,786,730,468,780
AT1G43900,296,329,228,285,204,266
AT1G43910,185,197,120,209,196,313
AT1G43950,0,0,0,0,0,0
AT1G43970,0,0,0,0,0,0
AT1G43980,18,10,13,14,12,5
AT1G44000,176,251,122,143,107,121
AT1G44010,0,2,0,0,0,4
AT1G44020,11,32,10,30,16,31
AT1G44030,5,3,10,0,19,5
AT1G44050,44,108,80,158,70,190
AT1G44080,0,0,0,0,0,0
AT1G44085,0,0,0,0,0,0
AT1G44090,3,0,0,0,0,0
AT1G44100,108,97,70,86,44,117
AT1G44110,120,182,107,122,71,142
AT1G44120,48,37,41,47,77,46
AT1G44125,54,47,51,50,75,62
AT1G44130,0,1,0,0,0,0
AT1G44160,12,59,50,9,16,114
AT1G44170,421,393,200,458,326,368
AT1G44180,334,72,30,360,301,393
AT1G44191,0,0,0,0,0,0
AT1G44224,0,0,0,0,0,0
AT1G44318,0,2,14,7,1,6
AT1G44350,36,39,29,46,32,37
AT1G44414,6,7,2,9,4,0
AT1G44446,114,51,39,34,23,63
AT1G44478,1,0,0,0,0,0
AT1G44542,0,6,4,0,0,10
AT1G44575,9,15,4,2,0,0
AT1G44608,105,218,144,60,74,72
AT1G44740,3,10,9,7,2,10
AT1G44750,169,284,144,219,170,216
AT1G44760,216,414,198,313,189,234
AT1G44770,400,702,488,462,341,592
AT1G44780,137,141,73,118,72,74
AT1G44790,68,173,114,102,46,95
AT1G44800,555,1757,1436,827,486,430
AT1G44810,500,792,389,456,314,428
AT1G44820,120,316,166,193,133,187
AT1G44830,21,34,10,8,6,20
AT1G44835,299,522,322,267,211,292
AT1G44890,0,5,0,1,1,3
AT1G44895,0,0,0,0,0,0
AT1G44900,345,307,155,287,192,214
AT1G44910,191,213,112,230,148,180
AT1G44920,125,78,103,116,62,79
AT1G44940,0,0,0,0,0,0
AT1G44941,0,0,0,0,0,0
AT1G44960,145,235,173,185,155,189
AT1G44970,70,69,30,133,99,109
AT1G44980,0,0,0,0,0,0
AT1G44990,0,0,0,0,0,0
AT1G45000,1074,1620,958,1341,921,1102
AT1G45010,0,1,0,3,1,1
AT1G45015,87,368,227,120,79,289
AT1G45050,216,262,194,238,144,221
AT1G45063,0,0,0,2,0,0
AT1G45100,0,0,0,0,0,0
AT1G45110,15,65,34,34,45,33
AT1G45130,449,568,226,757,437,691
AT1G45145,1261,3251,1810,1492,1111,3314
AT1G45150,48,36,23,31,42,55
AT1G45160,90,147,65,72,101,132
AT1G45163,31,69,31,26,27,27
AT1G45165,18,39,26,32,17,18
AT1G45170,147,396,180,139,149,148
AT1G45180,55,61,21,23,13,29
AT1G45190,0,0,0,0,0,0
AT1G45191,0,0,0,0,0,0
AT1G45201,0,0,2,1,0,0
AT1G45207,132,112,76,214,80,95
AT1G45215,0,0,0,0,0,0
AT1G45221,0,0,0,0,0,0
AT1G45223,0,0,0,0,0,0
AT1G45229,6,10,6,5,7,9
AT1G45230,44,113,63,57,41,55
AT1G45231,67,54,37,33,32,68
AT1G45233,97,122,78,146,99,71
AT1G45234,0,0,0,0,0,0
AT1G45238,0,0,0,0,0,0
AT1G45240,0,0,0,0,0,0
AT1G45242,0,0,0,0,0,0
AT1G45243,0,1,0,0,0,0
AT1G45244,0,0,0,0,0,0
AT1G45246,0,0,0,0,0,0
AT1G45248,21,29,32,17,11,17
AT1G45249,143,100,70,55,60,121
AT1G45332,150,130,105,220,126,165
AT1G45403,0,0,0,0,0,0
AT1G45474,4,5,3,0,1,3
AT1G45545,0,1,1,1,1,6
AT1G45616,5,0,0,0,0,0
AT1G45688,466,561,326,426,313,425
AT1G45976,364,473,276,282,212,369
AT1G46264,670,1013,349,611,380,377
AT1G46336,0,0,0,0,0,0
AT1G46408,0,0,0,0,0,0
AT1G46480,1,4,0,1,0,0
AT1G46554,130,278,162,139,95,226
AT1G46696,0,0,0,0,0,0
AT1G46768,98,155,157,52,104,257
AT1G46840,0,0,0,0,0,0
AT1G46912,0,0,0,0,0,0
AT1G46984,11,1,0,0,0,0
AT1G47056,127,96,48,74,68,95
AT1G47128,859,1188,711,952,474,1461
AT1G47130,0,0,0,0,0,0
AT1G47200,856,1199,1123,1013,687,808
AT1G47210,114,496,226,280,198,288
AT1G47220,0,0,0,0,0,0
AT1G47230,259,216,143,209,134,177
AT1G47240,47,126,105,142,73,129
AT1G47250,465,826,535,482,360,478
AT1G47260,1481,2862,1432,1599,982,1419
AT1G47265,0,0,0,0,0,0
AT1G47270,213,195,98,193,128,196
AT1G47271,60,51,33,27,27,29
AT1G47278,537,1300,628,458,381,501
AT1G47280,1,6,9,1,5,2
AT1G47290,489,483,282,545,278,419
AT1G47300,0,0,0,0,0,0
AT1G47310,145,321,199,238,159,239
AT1G47317,0,0,0,0,0,0
AT1G47330,93,245,166,133,91,109
AT1G47340,68,93,43,77,70,45
AT1G47350,0,2,0,0,0,0
AT1G47370,0,0,0,0,0,0
AT1G47380,153,286,142,249,179,321
AT1G47389,0,0,0,0,0,0
AT1G47390,0,0,0,0,0,0
AT1G47395,263,30,10,20,22,425
AT1G47400,201,20,9,17,13,376
AT1G47410,121,356,189,189,154,184
AT1G47420,2214,3867,2030,2258,1443,2231
AT1G47450,0,0,0,0,0,0
AT1G47470,0,0,0,0,0,0
AT1G47480,98,158,106,55,44,115
AT1G47485,0,0,0,0,0,0
AT1G47490,658,550,507,743,502,573
AT1G47495,0,0,0,0,0,0
AT1G47497,0,0,0,0,0,0
AT1G47500,286,246,177,355,241,252
AT1G47510,102,35,10,108,58,90
AT1G47530,559,230,197,236,214,256
AT1G47540,0,0,0,0,0,0
AT1G47550,227,298,121,240,195,285
AT1G47560,3,22,14,16,12,18
AT1G47570,278,457,203,286,258,272
AT1G47578,16,19,7,16,14,15
AT1G47580,38,32,10,23,19,29
AT1G47600,6,36,14,57,18,31
AT1G47603,3,14,31,21,28,61
AT1G47610,0,0,0,2,3,0
AT1G47620,6,4,20,79,31,36
AT1G47640,975,1298,935,1086,680,967
AT1G47655,3,40,24,0,1,10
AT1G47657,0,0,0,0,0,0
AT1G47660,0,0,0,0,0,0
AT1G47670,1352,1224,809,942,699,811
AT1G47680,0,0,0,0,0,0
AT1G47690,0,0,0,0,0,0
AT1G47695,0,0,0,0,0,0
AT1G47700,0,0,0,0,0,0
AT1G47710,234,303,147,340,189,226
AT1G47720,57,132,42,94,76,61
AT1G47730,0,0,0,0,0,0
AT1G47740,500,601,532,545,528,609
AT1G47750,113,117,102,111,97,119
AT1G47760,12,33,10,21,7,25
AT1G47765,0,0,0,0,0,0
AT1G47770,0,0,0,0,0,0
AT1G47780,0,0,0,0,0,0
AT1G47786,0,0,0,0,0,0
AT1G47790,0,0,0,0,5,3
AT1G47800,0,0,0,0,0,0
AT1G47810,0,0,0,0,0,0
AT1G47813,0,0,0,0,0,0
AT1G47820,206,327,159,123,82,129
AT1G47830,486,1277,736,571,436,593
AT1G47840,356,192,205,335,299,259
AT1G47845,0,0,0,0,0,0
AT1G47870,34,64,28,79,30,39
AT1G47885,0,0,0,0,0,0
AT1G47890,0,0,0,0,0,4
AT1G47900,209,194,117,219,143,216
AT1G47915,0,0,0,0,0,0
AT1G47920,0,0,1,0,0,0
AT1G47940,0,0,0,0,0,0
AT1G47960,226,215,151,222,219,390
AT1G47970,319,399,288,358,265,359
AT1G47980,0,0,0,0,0,0
AT1G47990,1,0,0,0,3,1
AT1G48000,20,10,8,35,34,52
AT1G48010,0,0,0,0,0,0
AT1G48020,2,3,0,0,2,2
AT1G48030,469,687,395,658,413,638
AT1G48040,69,50,51,99,43,109
AT1G48050,94,108,60,82,52,90
AT1G48060,0,0,0,0,0,2
AT1G48070,36,14,51,141,38,146
AT1G48080,0,0,0,0,0,0
AT1G48090,108,168,102,114,90,227
AT1G48095,0,0,0,0,0,0
AT1G48100,0,3,5,2,0,0
AT1G48110,182,154,99,177,215,203
AT1G48120,33,63,29,43,49,38
AT1G48130,0,0,0,0,0,0
AT1G48140,328,797,411,305,220,360
AT1G48145,0,0,0,0,0,0
AT1G48150,0,0,0,1,0,0
AT1G48160,574,1150,787,639,542,685
AT1G48170,261,730,413,298,208,317
AT1G48175,244,309,100,137,123,138
AT1G48180,0,0,0,0,0,0
AT1G48190,0,0,0,0,0,0
AT1G48195,3,5,1,4,0,2
AT1G48200,561,1071,575,494,394,494
AT1G48210,158,103,154,123,115,211
AT1G48220,0,0,0,1,0,0
AT1G48230,294,527,314,513,300,338
AT1G48240,167,260,179,201,147,232
AT1G48260,14,10,11,11,2,0
AT1G48267,1,1,0,1,3,3
AT1G48270,118,177,113,118,93,136
AT1G48280,27,74,44,32,30,47
AT1G48285,0,0,0,0,0,0
AT1G48300,1950,1630,1066,1369,1103,2591
AT1G48310,99,125,36,137,69,89
AT1G48315,115,134,80,100,81,158
AT1G48320,58,116,60,66,66,134
AT1G48325,10,0,0,8,12,8
AT1G48330,179,613,228,244,188,210
AT1G48350,523,892,447,395,297,447
AT1G48355,58,105,51,56,33,56
AT1G48360,178,121,44,111,85,78
AT1G48370,78,109,49,134,72,96
AT1G48380,266,276,220,296,185,240
AT1G48390,16,55,11,15,16,28
AT1G48400,0,4,0,0,0,0
AT1G48405,6,0,0,3,0,0
AT1G48410,735,771,355,549,573,608
AT1G48420,576,719,349,427,306,391
AT1G48430,169,76,94,130,169,219
AT1G48440,900,1297,903,790,579,862
AT1G48450,332,338,203,209,190,291
AT1G48460,116,169,72,68,90,90
AT1G48470,0,0,0,1,0,0
AT1G48480,89,121,67,80,69,51
AT1G48490,127,130,75,115,69,161
AT1G48500,2,31,30,7,2,4
AT1G48510,128,173,140,224,123,147
AT1G48520,146,184,62,107,80,80
AT1G48530,0,1,1,1,0,0
AT1G48540,37,43,27,21,22,55
AT1G48550,189,246,137,162,125,101
AT1G48560,78,83,41,89,70,67
AT1G48570,146,133,83,192,126,159
AT1G48580,25,27,16,28,30,27
AT1G48590,0,0,0,0,0,0
AT1G48600,1086,1991,1223,1152,1299,1072
AT1G48605,213,194,118,153,107,146
AT1G48610,296,593,350,346,249,238
AT1G48620,395,402,282,389,344,508
AT1G48630,4260,7767,4220,4003,2385,3295
AT1G48635,201,384,223,256,198,322
AT1G48640,37,42,24,96,47,25
AT1G48650,223,203,160,188,192,197
AT1G48660,0,0,0,0,0,0
AT1G48670,3,11,10,4,9,14
AT1G48690,24,52,26,31,17,54
AT1G48698,7,40,21,10,20,11
AT1G48700,1,3,7,4,8,5
AT1G48720,0,1,0,2,1,2
AT1G48725,0,0,0,0,0,0
AT1G48730,0,0,0,0,0,0
AT1G48740,12,9,6,36,14,14
AT1G48742,0,0,0,0,0,0
AT1G48745,29,96,53,18,19,65
AT1G48750,1376,10141,6328,243,252,772
AT1G48760,1692,10425,6591,468,456,1059
AT1G48770,66,115,45,54,34,69
AT1G48780,11,12,15,15,26,20
AT1G48790,304,482,350,312,263,396
AT1G48800,0,0,0,0,0,0
AT1G48820,0,1,0,2,0,0
AT1G48830,2869,6046,2828,2722,1844,2636
AT1G48840,48,37,31,24,52,79
AT1G48850,637,521,452,574,435,529
AT1G48860,362,219,217,323,257,318
AT1G48870,0,0,2,0,0,0
AT1G48880,49,66,33,43,43,48
AT1G48900,288,313,259,450,323,355
AT1G48910,0,0,0,0,0,0
AT1G48912,0,0,0,0,0,0
AT1G48920,2657,2238,1770,4275,2900,3341
AT1G48930,24,89,30,28,65,125
AT1G48940,0,0,0,0,0,0
AT1G48950,418,207,144,379,211,232
AT1G48953,0,0,0,0,0,0
AT1G48960,63,74,66,29,30,53
AT1G48970,101,119,113,156,117,182
AT1G48980,2,0,0,0,0,0
AT1G48990,0,0,0,0,0,0
AT1G49000,0,19,24,0,1,4
AT1G49005,16,14,12,28,13,27
AT1G49010,8,0,4,13,3,10
AT1G49015,0,0,0,0,0,0
AT1G49020,0,0,0,0,0,0
AT1G49030,272,242,240,393,242,317
AT1G49032,133,280,170,145,151,288
AT1G49040,253,113,116,156,120,206
AT1G49050,148,261,129,284,238,399
AT1G49100,0,0,2,0,0,0
AT1G49110,38,50,20,45,30,46
AT1G49120,0,0,0,0,0,0
AT1G49130,0,3,0,4,0,0
AT1G49140,857,1092,1076,837,639,924
AT1G49150,0,0,2,1,0,0
AT1G49160,36,60,38,15,40,76
AT1G49170,89,202,173,106,77,189
AT1G49180,37,33,29,25,35,30
AT1G49190,0,0,0,0,0,0
AT1G49200,17,83,91,8,10,9
AT1G49205,6,65,50,5,5,7
AT1G49210,1,0,6,3,5,0
AT1G49220,0,3,0,1,0,0
AT1G49225,0,0,0,0,0,1
AT1G49230,2,75,50,15,7,20
AT1G49240,3518,4637,3115,3140,2929,3891
AT1G49245,88,204,138,87,93,86
AT1G49250,0,0,0,0,1,0
AT1G49260,0,0,0,0,0,0
AT1G49270,0,0,0,0,0,0
AT1G49280,0,0,0,0,0,0
AT1G49290,0,0,0,0,0,0
AT1G49300,745,1359,842,753,521,991
AT1G49310,239,1911,1582,82,108,1373
AT1G49320,26,325,252,50,20,93
AT1G49330,0,0,0,1,0,0
AT1G49340,209,234,155,181,106,175
AT1G49350,135,170,90,176,105,135
AT1G49360,156,123,90,151,117,183
AT1G49380,15,35,10,23,21,23
AT1G49390,107,93,59,86,56,125
AT1G49400,416,779,459,343,314,337
AT1G49405,14,15,1,0,5,8
AT1G49410,1821,5550,2944,1635,1429,1833
AT1G49420,0,0,0,0,0,0
AT1G49430,0,0,0,0,0,2
AT1G49435,0,0,0,0,0,0
AT1G49450,0,0,3,0,0,0
AT1G49460,0,0,0,0,0,0
AT1G49470,380,950,623,354,327,267
AT1G49475,133,227,101,104,81,84
AT1G49480,952,1397,756,852,657,738
AT1G49490,10,27,13,2,8,8
AT1G49500,289,1312,868,245,204,649
AT1G49510,200,490,274,205,169,174
AT1G49520,35,57,24,21,31,34
AT1G49530,0,11,7,4,2,1
AT1G49540,131,138,73,138,83,174
AT1G49560,60,82,30,32,24,23
AT1G49570,107,37,35,1304,916,2854
AT1G49580,154,164,124,194,145,245
AT1G49590,300,581,314,300,257,283
AT1G49600,1499,1568,920,1480,1136,1161
AT1G49610,3,0,2,0,0,0
AT1G49620,33,85,41,32,21,50
AT1G49630,64,62,73,58,79,70
AT1G49640,0,0,0,0,0,0
AT1G49650,9,4,11,26,37,17
AT1G49660,133,334,171,131,105,140
AT1G49670,135,245,137,257,131,143
AT1G49680,0,0,0,0,0,0
AT1G49690,0,0,0,0,0,0
AT1G49700,0,0,2,0,4,4
AT1G49710,53,79,50,74,57,113
AT1G49715,0,0,0,0,0,0
AT1G49720,179,172,147,418,369,526
AT1G49730,46,50,51,62,62,45
AT1G49740,94,104,78,86,59,147
AT1G49750,0,0,0,0,0,0
AT1G49760,1487,1588,754,1389,895,1101
AT1G49770,0,0,0,0,0,0
AT1G49780,160,148,99,181,149,121
AT1G49790,2,3,9,1,1,0
AT1G49800,0,0,0,0,0,0
AT1G49810,0,0,0,0,0,0
AT1G49820,349,600,339,387,262,434
AT1G49830,0,1,0,0,0,0
AT1G49832,41,58,42,18,14,33
AT1G49840,140,145,67,107,76,83
AT1G49850,340,509,315,244,253,318
AT1G49860,78,359,126,117,100,196
AT1G49870,69,213,70,56,43,133
AT1G49880,61,158,52,50,27,86
AT1G49890,219,172,129,159,159,191
AT1G49900,7,4,4,2,0,5
AT1G49910,55,60,36,51,44,82
AT1G49920,11,0,0,0,0,0
AT1G49930,0,0,0,0,0,0
AT1G49938,0,0,0,0,0,4
AT1G49940,6,6,11,0,4,9
AT1G49950,421,441,299,407,287,356
AT1G49952,1,1,0,0,0,1
AT1G49960,15,8,11,6,7,12
AT1G49970,397,431,373,389,273,371
AT1G49975,0,0,1,0,0,0
AT1G49980,38,51,48,36,73,44
AT1G49990,0,4,0,8,0,0
AT1G50000,24,44,33,36,22,30
AT1G50010,5950,4305,3376,5443,3859,4847
AT1G50020,124,258,200,112,80,114
AT1G50030,138,129,64,135,101,158
AT1G50040,13,12,7,16,11,5
AT1G50050,240,8,39,1400,671,736
AT1G50055,63,125,73,42,58,52
AT1G50060,223,175,1455,792,290,1108
AT1G50070,0,0,0,0,0,0
AT1G50080,0,0,0,1,1,0
AT1G50090,6,7,10,172,85,186
AT1G50100,0,0,0,0,0,0
AT1G50110,229,405,273,300,124,185
AT1G50120,174,204,151,174,155,215
AT1G50140,150,295,111,150,173,198
AT1G50160,0,0,0,0,0,0
AT1G50170,75,125,99,123,85,188
AT1G50180,0,1,3,1,3,6
AT1G50190,12,9,0,1,0,2
AT1G50200,944,536,414,915,674,1007
AT1G50220,0,0,0,0,0,0
AT1G50240,53,68,42,79,78,89
AT1G50250,24,29,14,14,0,19
AT1G50260,53,37,22,41,36,58
AT1G50270,7,13,3,9,6,8
AT1G50280,4,11,2,0,1,8
AT1G50290,44,138,89,28,17,60
AT1G50300,205,122,103,126,76,187
AT1G50310,6,3,3,8,1,11
AT1G50320,237,287,270,164,153,315
AT1G50325,0,0,0,0,0,0
AT1G50340,0,0,0,0,0,0
AT1G50350,0,0,0,0,1,0
AT1G50360,57,79,27,57,52,82
AT1G50370,1005,1332,891,933,807,928
AT1G50380,249,213,113,309,160,259
AT1G50390,3,2,3,1,1,4
AT1G50400,4,12,21,4,7,8
AT1G50410,125,195,100,158,136,221
AT1G50420,352,381,190,378,250,364
AT1G50430,1118,1747,871,1491,855,1276
AT1G50440,115,224,118,151,120,179
AT1G50450,32,35,13,32,16,29
AT1G50460,72,147,54,65,73,67
AT1G50470,0,0,0,0,0,0
AT1G50480,765,702,402,724,416,731
AT1G50490,1232,2578,1292,1019,725,1254
AT1G50500,273,302,221,425,269,305
AT1G50510,216,327,235,238,178,226
AT1G50520,102,103,97,190,114,173
AT1G50530,0,0,0,0,0,0
AT1G50560,70,111,98,130,76,190
AT1G50570,433,433,269,396,260,307
AT1G50575,179,243,99,208,137,119
AT1G50580,107,122,98,153,137,106
AT1G50590,12,0,9,16,8,18
AT1G50600,358,450,234,476,365,398
AT1G50610,0,0,1,0,0,0
AT1G50620,170,116,115,162,112,155
AT1G50630,236,321,263,202,192,288
AT1G50640,546,591,528,504,451,576
AT1G50650,0,0,0,0,0,0
AT1G50659,106,87,25,109,68,60
AT1G50660,555,554,270,600,536,489
AT1G50670,456,918,552,538,404,488
AT1G50680,0,0,0,0,0,0
AT1G50690,0,0,0,0,0,0
AT1G50700,29,60,31,45,32,46
AT1G50710,368,505,287,388,331,402
AT1G50720,6,5,3,10,1,0
AT1G50730,62,187,72,130,103,137
AT1G50732,0,4,1,1,0,0
AT1G50740,412,687,366,498,331,719
AT1G50745,126,39,22,27,21,247
AT1G50750,2,1,1,4,6,4
AT1G50760,0,0,0,0,0,0
AT1G50770,0,2,0,0,0,0
AT1G50780,0,0,0,0,0,0
AT1G50790,37,40,6,18,7,28
AT1G50820,0,0,0,0,0,0
AT1G50830,0,0,0,0,3,0
AT1G50840,77,60,30,42,42,64
AT1G50870,0,0,0,0,0,0
AT1G50880,0,0,0,0,0,0
AT1G50890,61,43,46,39,44,48
AT1G50900,86,163,102,58,60,77
AT1G50910,56,133,63,74,57,72
AT1G50920,2328,1328,980,2293,1608,1768
AT1G50930,68,119,88,16,43,45
AT1G50940,240,269,164,210,127,242
AT1G50950,5,12,6,19,8,19
AT1G50960,0,0,0,0,0,0
AT1G50970,83,19,26,23,45,46
AT1G50980,0,0,0,0,0,0
AT1G50990,0,0,0,0,0,0
AT1G51000,0,0,0,0,0,0
AT1G51010,0,0,0,0,3,0
AT1G51020,0,0,0,4,0,0
AT1G51030,0,0,2,2,3,9
AT1G51035,6,29,31,77,4,7
AT1G51040,0,0,0,0,0,0
AT1G51055,1,0,0,3,1,8
AT1G51060,774,3067,2140,1463,1187,1442
AT1G51070,630,1328,889,550,370,714
AT1G51080,14,50,15,22,12,16
AT1G51090,0,0,0,0,0,0
AT1G51100,9,25,22,18,13,20
AT1G51110,1,1,3,1,9,3
AT1G51120,0,0,0,0,0,0
AT1G51130,199,171,115,131,115,108
AT1G51140,92,252,146,62,39,161
AT1G51150,0,0,0,0,0,0
AT1G51160,609,1398,855,646,560,651
AT1G51170,141,476,293,129,89,186
AT1G51172,0,0,0,0,0,0
AT1G51190,162,159,81,240,140,128
AT1G51200,2907,3796,2468,2237,1948,2682
AT1G51210,0,0,0,0,0,0
AT1G51220,26,21,12,30,33,30
AT1G51230,0,0,0,0,0,0
AT1G51240,0,0,0,0,0,0
AT1G51250,0,0,0,0,0,0
AT1G51260,19,19,9,14,8,16
AT1G51270,17,23,24,9,15,42
AT1G51290,0,0,0,0,0,0
AT1G51300,0,0,0,0,0,0
AT1G51310,104,67,38,71,39,41
AT1G51320,0,0,0,0,0,0
AT1G51330,0,0,0,0,0,0
AT1G51340,15,15,9,6,11,10
AT1G51350,57,33,68,110,85,64
AT1G51355,5,31,29,13,12,14
AT1G51360,63,133,125,48,50,80
AT1G51370,29,28,12,12,11,33
AT1G51380,31,132,74,62,32,73
AT1G51390,174,415,199,177,120,127
AT1G51400,90,130,65,43,30,137
AT1G51402,24,39,24,16,6,28
AT1G51405,18,36,21,11,5,21
AT1G51410,0,0,0,0,0,0
AT1G51420,225,341,186,524,323,550
AT1G51430,85,117,58,50,59,83
AT1G51440,0,0,0,0,0,0
AT1G51450,84,78,75,106,70,75
AT1G51460,2,2,3,3,9,9
AT1G51470,18,30,22,47,24,34
AT1G51480,1,10,5,0,0,11
AT1G51490,0,0,0,0,0,0
AT1G51500,0,2,0,0,0,0
AT1G51510,1301,1941,1140,1295,968,1334
AT1G51520,23,68,17,17,24,12
AT1G51530,0,0,0,2,0,0
AT1G51538,0,0,0,0,0,0
AT1G51540,144,104,137,190,154,209
AT1G51550,121,97,74,95,49,90
AT1G51560,89,161,113,146,92,98
AT1G51570,404,395,205,435,345,416
AT1G51580,88,66,77,117,81,85
AT1G51590,297,318,178,312,206,219
AT1G51600,188,297,177,210,138,164
AT1G51610,99,91,59,66,86,77
AT1G51620,2,24,5,3,6,23
AT1G51630,475,608,381,499,225,417
AT1G51640,48,62,55,59,61,74
AT1G51645,67,74,62,64,68,65
AT1G51650,3866,7135,3477,2955,2509,3199
AT1G51660,79,133,96,113,121,128
AT1G51670,0,8,0,3,0,0
AT1G51680,450,726,464,360,460,827
AT1G51690,737,626,436,619,478,584
AT1G51700,16,41,41,8,21,37
AT1G51710,335,555,344,421,223,345
AT1G51720,155,154,95,78,118,131
AT1G51730,698,1041,495,690,523,717
AT1G51740,102,177,116,93,102,112
AT1G51745,214,139,80,160,139,140
AT1G51760,399,651,294,437,258,557
AT1G51770,10,11,4,2,5,6
AT1G51780,0,0,0,0,0,0
AT1G51790,33,54,34,40,49,51
AT1G51800,57,86,70,95,41,152
AT1G51805,0,0,0,0,0,0
AT1G51810,0,0,0,0,0,0
AT1G51820,0,1,0,0,0,0
AT1G51823,0,0,0,0,0,0
AT1G51830,19,174,99,42,43,193
AT1G51840,1,71,34,8,17,62
AT1G51850,197,377,288,329,252,450
AT1G51860,86,83,52,28,59,146
AT1G51870,0,2,1,0,0,2
AT1G51880,0,18,4,1,1,7
AT1G51890,0,21,12,3,3,35
AT1G51900,0,0,0,0,0,0
AT1G51910,0,0,0,0,0,0
AT1G51913,0,0,0,0,0,0
AT1G51915,0,0,0,0,0,0
AT1G51920,0,0,1,0,0,0
AT1G51930,0,0,0,1,0,0
AT1G51940,112,143,56,219,133,134
AT1G51950,95,136,97,97,101,145
AT1G51960,4,2,3,10,2,3
AT1G51965,53,64,54,99,48,79
AT1G51970,0,0,0,0,0,0
AT1G51980,1183,1551,883,1376,929,1160
AT1G51990,0,0,0,0,0,0
AT1G52000,0,0,0,0,0,0
AT1G52030,0,0,0,0,0,0
AT1G52040,0,0,0,0,0,0
AT1G52050,60,95,377,626,116,712
AT1G52060,90,165,468,767,104,676
AT1G52070,905,557,3100,3471,812,4154
AT1G52080,51,91,33,54,56,84
AT1G52100,28,1,0,8,5,8
AT1G52110,4,2,0,0,1,6
AT1G52120,9,17,10,0,2,17
AT1G52130,2,1,3,7,6,34
AT1G52140,68,148,127,82,108,103
AT1G52150,323,256,146,215,269,195
AT1G52155,29,110,111,70,59,93
AT1G52160,89,62,39,80,54,70
AT1G52170,0,0,0,0,0,0
AT1G52180,0,0,0,0,0,0
AT1G52185,0,0,0,0,0,0
AT1G52190,53,76,59,66,31,80
AT1G52191,0,1,0,0,0,0
AT1G52200,353,1134,1268,381,305,1131
AT1G52220,7,15,3,0,0,1
AT1G52230,17,18,3,1,6,1
AT1G52240,24,49,36,22,36,34
AT1G52245,148,312,201,182,160,166
AT1G52260,160,144,91,177,114,132
AT1G52270,0,2,0,3,0,0
AT1G52280,346,875,498,518,376,387
AT1G52290,5,0,4,3,9,1
AT1G52300,6892,10754,7676,6461,5413,6478
AT1G52310,99,196,109,148,172,120
AT1G52315,14,44,11,11,20,0
AT1G52320,130,120,68,90,86,142
AT1G52325,0,0,0,0,0,0
AT1G52330,38,102,85,48,34,99
AT1G52340,253,490,281,320,208,355
AT1G52342,212,236,190,273,180,1188
AT1G52343,62,4,10,50,69,81
AT1G52347,111,240,168,95,90,229
AT1G52350,0,0,0,0,0,0
AT1G52360,475,781,244,571,422,585
AT1G52370,201,353,210,249,143,224
AT1G52380,649,550,492,710,456,671
AT1G52390,0,0,0,1,0,0
AT1G52400,10,8,0,2,0,9
AT1G52410,3,0,1,1,0,7
AT1G52415,7,13,8,2,7,1
AT1G52420,252,257,171,347,200,398
AT1G52430,8,2,1,0,1,1
AT1G52440,0,3,0,0,0,0
AT1G52450,6,19,5,23,10,6
AT1G52460,0,0,0,0,0,0
AT1G52470,0,0,0,0,0,0
AT1G52490,0,0,0,0,0,0
AT1G52495,0,0,0,0,0,0
AT1G52500,206,189,138,225,160,168
AT1G52510,13,4,5,17,7,3
AT1G52520,43,51,31,61,64,56
AT1G52530,10,29,31,21,18,32
AT1G52540,202,253,131,151,140,165
AT1G52550,21,33,36,29,31,27
AT1G52560,0,0,1,0,0,0
AT1G52565,33,102,48,33,48,88
AT1G52570,0,2,4,2,0,4
AT1G52580,0,1,0,0,0,0
AT1G52590,53,48,42,32,17,21
AT1G52600,689,1649,885,900,477,867
AT1G52603,0,0,0,0,0,0
AT1G52615,0,0,1,0,0,0
AT1G52618,41,62,58,21,9,26
AT1G52620,18,11,10,25,9,11
AT1G52630,89,110,70,103,71,53
AT1G52640,8,9,6,9,19,13
AT1G52650,7,6,4,3,1,1
AT1G52660,16,13,6,20,15,31
AT1G52670,501,1370,671,599,351,488
AT1G52680,0,2,0,0,0,0
AT1G52690,0,0,0,0,0,6
AT1G52695,0,0,0,0,0,0
AT1G52700,27,0,1,0,11,0
AT1G52710,480,589,366,529,404,592
AT1G52720,671,1487,929,967,667,885
AT1G52730,278,443,309,292,233,281
AT1G52740,2313,3893,2117,1946,1427,1810
AT1G52750,454,172,174,337,288,378
AT1G52760,1774,1696,1158,1447,962,1594
AT1G52770,0,0,0,0,0,0
AT1G52780,143,141,78,109,140,148
AT1G52790,0,0,0,0,0,0
AT1G52800,1,1,0,0,0,1
AT1G52810,0,0,0,0,0,0
AT1G52820,6,6,5,3,0,0
AT1G52825,64,211,111,56,59,85
AT1G52827,0,0,0,0,0,0
AT1G52830,0,1,2,0,0,0
AT1G52855,0,0,1,0,1,1
AT1G52857,0,0,0,1,0,0
AT1G52860,0,0,0,0,0,0
AT1G52870,43,21,21,5,7,4
AT1G52880,1,11,10,1,8,6
AT1G52890,0,0,0,0,0,5
AT1G52900,0,0,0,0,0,0
AT1G52905,189,340,175,155,129,164
AT1G52910,550,767,703,676,519,634
AT1G52920,4,20,6,12,4,12
AT1G52930,761,1125,619,827,635,762
AT1G52940,0,0,0,0,0,0
AT1G52950,0,4,0,1,0,0
AT1G52970,0,0,0,0,0,0
AT1G52980,577,809,327,736,429,552
AT1G52990,0,0,0,1,0,0
AT1G53000,614,891,467,542,386,480
AT1G53010,0,0,0,0,0,0
AT1G53023,0,0,0,0,0,0
AT1G53025,74,60,32,50,37,83
AT1G53030,114,268,155,104,88,116
AT1G53035,77,120,57,49,73,69
AT1G53040,205,326,244,394,296,312
AT1G53050,252,144,115,195,224,260
AT1G53060,6,13,15,4,1,12
AT1G53070,125,220,142,125,102,134
AT1G53080,0,0,0,0,0,0
AT1G53090,0,12,11,3,6,7
AT1G53100,0,0,0,1,0,0
AT1G53110,35,63,34,47,18,59
AT1G53120,157,148,73,142,111,109
AT1G53130,34,84,21,112,73,76
AT1G53140,162,176,63,154,58,149
AT1G53160,0,0,0,0,0,0
AT1G53163,64,72,94,47,54,42
AT1G53165,104,222,108,162,134,164
AT1G53170,156,145,139,153,79,214
AT1G53180,232,279,250,393,222,456
AT1G53190,161,182,153,193,88,129
AT1G53200,82,102,71,97,111,73
AT1G53210,764,1122,798,1030,644,880
AT1G53220,0,0,0,0,0,0
AT1G53230,0,1,0,0,0,0
AT1G53233,0,2,0,0,1,1
AT1G53240,3549,4097,3557,5140,2994,3418
AT1G53250,32,24,10,16,12,15
AT1G53260,0,0,0,0,0,0
AT1G53265,0,0,0,0,0,0
AT1G53270,7,7,5,5,1,6
AT1G53280,292,339,197,326,184,304
AT1G53282,0,0,0,0,0,0
AT1G53285,0,0,0,0,0,0
AT1G53290,193,261,185,261,173,181
AT1G53300,318,225,131,275,187,239
AT1G53310,505,770,327,648,475,775
AT1G53320,1036,1357,664,892,686,903
AT1G53325,0,0,0,0,0,0
AT1G53330,32,31,10,15,7,30
AT1G53340,4,11,19,17,13,35
AT1G53345,46,77,40,45,32,72
AT1G53350,47,11,6,11,10,47
AT1G53360,0,0,0,0,0,0
AT1G53366,0,0,0,0,0,0
AT1G53370,0,0,0,0,0,0
AT1G53380,433,552,232,392,275,353
AT1G53390,119,97,57,110,82,88
AT1G53400,231,468,383,212,179,379
AT1G53410,0,0,0,0,0,0
AT1G53420,17,1,1,1,6,7
AT1G53430,35,41,44,54,53,42
AT1G53440,62,67,51,69,67,119
AT1G53450,105,129,41,92,87,105
AT1G53460,81,176,100,78,83,119
AT1G53470,125,191,80,166,134,227
AT1G53480,929,1084,634,843,682,947
AT1G53490,148,159,110,165,146,144
AT1G53500,266,262,188,291,226,280
AT1G53510,151,207,128,192,155,200
AT1G53520,106,358,131,76,45,109
AT1G53530,128,319,164,111,93,144
AT1G53540,6,7,2,0,0,0
AT1G53541,0,3,0,1,0,1
AT1G53542,12,56,27,19,16,17
AT1G53550,0,2,0,0,0,0
AT1G53560,377,308,228,259,263,805
AT1G53570,158,195,133,147,106,230
AT1G53580,419,1025,725,497,357,974
AT1G53590,143,287,148,228,125,213
AT1G53600,5,7,3,7,14,10
AT1G53610,0,2,2,1,0,1
AT1G53620,0,5,0,0,4,5
AT1G53625,1,18,11,1,4,16
AT1G53633,21,98,84,9,8,44
AT1G53635,14,93,97,3,1,65
AT1G53640,1,4,3,0,1,2
AT1G53645,325,180,208,345,234,270
AT1G53650,97,105,73,85,46,47
AT1G53655,0,0,0,0,0,0
AT1G53660,28,41,35,53,36,21
AT1G53670,88,139,106,42,45,93
AT1G53680,104,281,211,320,179,229
AT1G53683,0,0,0,0,0,0
AT1G53687,0,0,0,0,0,0
AT1G53690,0,0,0,0,0,1
AT1G53700,27,29,26,29,38,23
AT1G53705,0,0,0,0,0,0
AT1G53708,1,9,28,8,8,22
AT1G53710,278,239,114,259,202,302
AT1G53720,233,253,106,200,144,242
AT1G53730,137,138,109,189,101,142
AT1G53750,1406,2153,1221,1828,944,1444
AT1G53760,494,605,419,440,400,382
AT1G53770,138,178,72,123,70,158
AT1G53780,265,172,149,288,302,360
AT1G53790,10,16,5,28,34,31
AT1G53800,71,100,55,75,56,88
AT1G53801,3,2,4,2,0,1
AT1G53815,0,0,0,0,0,0
AT1G53820,0,0,0,0,0,0
AT1G53830,28,128,131,97,75,110
AT1G53840,451,318,244,620,321,819
AT1G53850,614,1556,840,769,454,655
AT1G53860,100,76,50,101,51,57
AT1G53870,0,0,0,0,0,0
AT1G53875,0,1,0,0,0,0
AT1G53880,206,232,172,217,158,281
AT1G53885,32,108,88,51,24,142
AT1G53887,54,62,54,57,60,89
AT1G53890,0,0,0,0,0,0
AT1G53900,4,30,7,3,3,10
AT1G53903,32,108,88,51,24,142
AT1G53910,851,1046,753,1227,1029,1206
AT1G53920,154,176,258,252,152,236
AT1G53930,0,0,0,0,0,0
AT1G53935,0,1,4,2,1,0
AT1G53940,12,44,40,2,19,30
AT1G53945,0,0,0,0,0,0
AT1G53950,18,44,23,10,15,47
AT1G53970,15,15,9,17,9,37
AT1G53980,11,18,16,9,9,36
AT1G53990,6,5,7,1,10,8
AT1G54000,728,1621,1136,1676,802,1515
AT1G54010,25,38,48,89,29,85
AT1G54020,3,0,0,0,2,11
AT1G54030,507,470,503,1136,532,779
AT1G54040,0,0,0,0,0,0
AT1G54050,33,57,24,22,30,8
AT1G54060,262,263,149,306,194,306
AT1G54070,0,0,1,0,0,1
AT1G54080,1026,1115,802,1240,869,1099
AT1G54090,224,144,94,254,163,206
AT1G54095,0,6,23,0,4,9
AT1G54100,2450,1147,901,3836,2294,3617
AT1G54110,88,153,63,48,66,49
AT1G54115,171,204,159,229,221,250
AT1G54120,96,129,113,126,67,137
AT1G54130,255,222,137,149,179,227
AT1G54140,132,188,151,188,98,181
AT1G54150,144,290,149,183,76,187
AT1G54160,2,22,3,4,0,8
AT1G54170,327,269,233,429,273,301
AT1G54180,91,185,93,116,72,79
AT1G54200,46,56,26,25,56,35
AT1G54210,73,175,86,40,49,111
AT1G54215,1,4,6,0,0,1
AT1G54217,63,118,65,58,40,65
AT1G54220,69,32,41,106,68,78
AT1G54230,0,0,0,0,0,0
AT1G54240,0,0,0,0,0,0
AT1G54250,255,380,325,207,174,238
AT1G54260,68,134,65,70,87,108
AT1G54270,1134,848,660,1416,958,1032
AT1G54280,0,6,0,3,1,3
AT1G54290,56,124,67,73,47,91
AT1G54300,0,0,0,0,0,0
AT1G54310,168,118,55,139,109,114
AT1G54320,831,853,766,878,604,1030
AT1G54330,30,17,18,34,31,25
AT1G54340,168,298,109,168,87,128
AT1G54350,39,34,35,51,36,15
AT1G54355,0,6,5,1,4,1
AT1G54360,391,421,337,451,341,513
AT1G54370,350,315,294,366,326,401
AT1G54380,107,143,67,166,87,138
AT1G54385,123,194,91,147,154,132
AT1G54390,350,425,263,374,224,281
AT1G54400,9,18,21,30,48,5
AT1G54410,6876,14603,7692,9766,9067,10825
AT1G54420,0,0,0,0,0,0
AT1G54440,130,207,104,150,142,157
AT1G54445,0,0,0,0,0,0
AT1G54450,57,59,36,64,26,57
AT1G54460,414,724,324,457,363,480
AT1G54470,0,0,0,0,0,0
AT1G54475,0,0,2,0,0,0
AT1G54490,162,194,153,214,131,320
AT1G54500,61,146,54,33,14,73
AT1G54510,119,123,119,165,147,115
AT1G54520,98,145,114,87,45,151
AT1G54530,10,71,37,16,12,17
AT1G54540,9,22,9,12,9,10
AT1G54550,0,0,0,0,0,0
AT1G54560,0,3,0,5,0,1
AT1G54570,41,63,31,117,73,51
AT1G54575,67,54,40,65,45,97
AT1G54580,4245,11383,6133,3932,2949,3797
AT1G54590,0,0,1,1,0,0
AT1G54610,485,455,230,442,289,386
AT1G54620,0,0,0,1,0,0
AT1G54630,2750,6425,3647,2629,1691,2433
AT1G54640,0,0,0,0,0,0
AT1G54650,104,101,71,77,57,60
AT1G54670,0,0,0,0,0,0
AT1G54680,50,126,69,66,53,76
AT1G54690,647,1368,1180,771,620,716
AT1G54700,0,0,0,0,0,0
AT1G54710,104,159,126,129,173,221
AT1G54720,0,0,0,0,0,0
AT1G54730,114,131,79,148,113,118
AT1G54740,30,73,61,39,26,170
AT1G54760,0,0,0,0,0,0
AT1G54770,339,581,256,325,160,187
AT1G54773,2,1,0,2,1,1
AT1G54775,0,0,0,0,0,0
AT1G54780,13,7,11,14,6,6
AT1G54790,11,86,33,26,67,23
AT1G54820,0,1,1,7,1,0
AT1G54830,364,369,395,480,294,453
AT1G54840,53,33,27,39,23,17
AT1G54850,87,152,92,100,57,90
AT1G54860,0,0,0,0,0,0
AT1G54870,0,0,0,0,0,0
AT1G54890,297,386,200,609,400,340
AT1G54920,206,253,112,180,195,210
AT1G54930,0,2,0,0,0,0
AT1G54940,3,12,3,4,14,22
AT1G54950,8,11,11,2,8,19
AT1G54953,0,0,0,0,0,0
AT1G54957,0,0,0,0,0,0
AT1G54960,51,97,31,49,45,80
AT1G54970,0,2,5,3,41,20
AT1G54980,0,2,0,0,0,0
AT1G54990,356,509,310,391,295,353
AT1G55000,181,270,167,138,113,166
AT1G55010,0,0,1,1,0,0
AT1G55020,7,16,19,39,13,26
AT1G55030,0,0,0,0,0,0
AT1G55040,6,18,11,35,28,27
AT1G55050,14,7,2,22,4,21
AT1G55060,0,0,0,0,0,0
AT1G55070,0,0,0,0,0,0
AT1G55080,188,302,201,218,139,192
AT1G55090,158,167,86,166,87,136
AT1G55110,47,64,24,63,45,93
AT1G55120,50,101,22,188,102,94
AT1G55130,226,214,114,236,142,127
AT1G55140,124,184,115,129,59,138
AT1G55150,187,170,136,178,117,226
AT1G55152,118,197,108,90,74,120
AT1G55160,542,894,618,506,429,517
AT1G55170,135,118,94,127,95,80
AT1G55175,0,0,0,0,0,2
AT1G55180,91,49,46,44,59,67
AT1G55190,243,583,361,258,246,317
AT1G55200,5,3,6,29,32,12
AT1G55205,202,641,281,215,129,147
AT1G55207,5,1,0,0,0,1
AT1G55210,218,454,428,230,251,358
AT1G55220,0,0,0,0,0,0
AT1G55230,0,0,5,0,0,4
AT1G55240,0,9,9,3,1,2
AT1G55250,117,77,57,95,49,108
AT1G55260,0,0,0,0,0,0
AT1G55265,32,108,42,28,14,13
AT1G55270,182,151,86,144,112,133
AT1G55280,39,48,27,27,38,25
AT1G55290,5,10,8,1,19,6
AT1G55300,99,121,84,90,72,87
AT1G55310,555,368,326,425,405,604
AT1G55320,22,50,22,39,17,52
AT1G55325,129,105,78,97,79,175
AT1G55330,4631,6134,4386,3070,3214,3214
AT1G55335,3778,4854,3403,2389,2539,2513
AT1G55340,445,656,326,412,264,413
AT1G55350,142,109,102,128,141,166
AT1G55360,1430,2149,1112,1305,726,1069
AT1G55365,10,30,31,10,10,41
AT1G55370,24,35,32,13,19,33
AT1G55380,21,39,27,33,48,23
AT1G55390,23,2,24,46,44,73
AT1G55420,16,25,8,29,26,43
AT1G55430,90,58,57,231,90,199
AT1G55440,2,0,1,4,5,2
AT1G55450,33,61,47,69,56,128
AT1G55460,85,152,96,138,89,123
AT1G55475,23,88,64,31,34,65
AT1G55480,4,45,15,1,6,5
AT1G55490,264,231,116,209,130,192
AT1G55500,225,357,164,423,317,284
AT1G55510,119,141,90,144,113,196
AT1G55520,379,619,376,435,312,464
AT1G55525,0,0,0,0,0,0
AT1G55530,282,225,128,213,139,290
AT1G55535,210,166,188,193,194,236
AT1G55540,90,79,59,123,92,91
AT1G55546,0,0,0,0,0,0
AT1G55550,0,0,0,0,0,4
AT1G55560,0,0,0,0,0,0
AT1G55570,0,0,0,0,0,0
AT1G55580,23,27,14,1,12,23
AT1G55590,95,74,85,92,53,125
AT1G55591,0,0,0,0,0,0
AT1G55600,0,0,0,0,0,1
AT1G55610,78,41,29,46,60,40
AT1G55620,237,136,95,124,131,151
AT1G55625,0,0,0,0,0,0
AT1G55630,66,62,38,61,81,61
AT1G55640,0,23,8,1,1,5
AT1G55650,0,0,0,0,0,0
AT1G55660,0,0,0,0,0,0
AT1G55670,28,58,14,1,3,1
AT1G55673,13,21,4,0,2,0
AT1G55675,128,179,84,69,59,116
AT1G55680,291,316,212,232,134,299
AT1G55690,251,395,162,306,270,252
AT1G55700,13,6,10,46,20,28
AT1G55710,0,0,0,0,0,0
AT1G55720,0,0,0,0,0,0
AT1G55730,368,413,215,374,288,423
AT1G55740,158,278,155,130,171,122
AT1G55750,96,171,82,119,99,100
AT1G55755,11,8,5,2,0,1
AT1G55760,100,131,118,102,81,70
AT1G55770,0,0,1,0,0,3
AT1G55775,0,3,4,3,1,11
AT1G55790,0,0,0,0,0,0
AT1G55800,0,1,1,0,0,0
AT1G55803,4,3,2,1,1,7
AT1G55805,299,610,330,237,236,324
AT1G55810,158,182,204,172,143,248
AT1G55820,100,119,84,139,105,139
AT1G55830,110,116,73,119,114,88
AT1G55840,578,806,399,601,455,722
AT1G55850,975,391,195,1135,861,1366
AT1G55860,146,208,113,156,183,297
AT1G55865,17,8,10,7,9,8
AT1G55870,61,97,73,104,80,57
AT1G55880,354,253,157,309,209,268
AT1G55890,572,390,422,562,359,416
AT1G55900,184,267,203,296,167,194
AT1G55910,26,105,43,48,30,57
AT1G55915,58,58,15,40,23,23
AT1G55917,0,0,0,0,0,0
AT1G55920,1460,606,580,1651,1080,2344
AT1G55928,0,0,0,0,0,0
AT1G55930,22,86,18,65,31,80
AT1G55940,0,1,0,7,0,1
AT1G55945,0,0,0,1,0,0
AT1G55947,0,0,0,0,0,0
AT1G55950,0,0,0,1,0,0
AT1G55960,102,190,108,145,101,190
AT1G55970,29,15,5,18,24,13
AT1G55980,8,7,13,7,7,26
AT1G55990,0,12,16,3,0,0
AT1G56000,136,90,72,154,82,90
AT1G56010,54,282,216,38,41,459
AT1G56020,137,192,105,131,115,130
AT1G56030,0,0,0,0,0,0
AT1G56040,0,0,0,0,0,0
AT1G56045,1428,4988,2341,1291,1167,1490
AT1G56050,99,105,31,55,44,56
AT1G56060,1,0,0,4,1,7
AT1G56070,5636,4293,2284,5026,3070,4656
AT1G56080,109,130,86,117,83,136
AT1G56085,0,0,0,0,0,0
AT1G56090,67,105,71,59,56,81
AT1G56100,0,0,0,0,0,0
AT1G56105,0,0,0,0,0,0
AT1G56110,1424,1687,1103,1721,1142,1384
AT1G56120,0,26,8,21,9,5
AT1G56130,32,20,19,13,21,24
AT1G56140,89,102,51,70,69,176
AT1G56145,78,128,83,161,103,204
AT1G56150,0,0,0,0,0,0
AT1G56160,0,1,0,0,1,1
AT1G56165,7,12,2,3,2,6
AT1G56170,77,46,74,51,34,77
AT1G56180,289,166,136,144,81,112
AT1G56190,254,248,196,360,211,322
AT1G56200,677,565,464,425,303,480
AT1G56210,272,164,168,193,124,140
AT1G56220,1547,2870,2187,1768,1183,3040
AT1G56225,0,0,0,1,0,0
AT1G56230,271,190,99,219,198,252
AT1G56233,0,0,0,0,0,0
AT1G56240,0,0,0,0,18,2
AT1G56242,0,0,0,0,5,0
AT1G56250,0,1,0,0,0,0
AT1G56260,71,239,87,82,48,73
AT1G56270,0,2,3,0,0,0
AT1G56280,2295,2999,1778,2027,1750,3196
AT1G56290,363,287,189,326,197,265
AT1G56300,308,283,103,463,285,592
AT1G56310,56,77,36,61,38,89
AT1G56320,8,29,9,14,1,21
AT1G56330,2093,5187,2938,2702,1956,2336
AT1G56340,3602,3613,3078,5431,2806,4476
AT1G56345,47,53,22,32,45,30
AT1G56350,37,59,48,49,60,62
AT1G56360,0,0,0,0,0,0
AT1G56380,0,0,0,0,0,0
AT1G56385,0,0,0,0,0,0
AT1G56400,0,0,0,0,0,0
AT1G56410,0,0,0,0,0,0
AT1G56415,0,0,0,0,0,0
AT1G56418,0,0,0,0,0,0
AT1G56420,90,150,86,64,39,71
AT1G56423,229,219,128,172,150,140
AT1G56430,144,60,46,48,23,188
AT1G56440,137,106,33,78,68,123
AT1G56450,1580,2140,1872,1988,1229,1709
AT1G56460,214,412,224,206,190,302
AT1G56500,9,14,23,16,12,26
AT1G56510,0,0,1,0,0,0
AT1G56520,0,0,0,0,0,0
AT1G56530,0,0,0,0,0,0
AT1G56540,0,1,5,0,0,9
AT1G56550,69,187,177,120,115,196
AT1G56553,0,0,0,0,0,0
AT1G56555,0,3,0,0,0,0
AT1G56560,28,95,62,67,53,44
AT1G56570,63,423,148,121,86,89
AT1G56580,66,417,136,104,84,84
AT1G56590,239,365,195,262,184,213
AT1G56600,0,0,0,0,0,0
AT1G56610,179,105,58,84,67,122
AT1G56612,207,144,72,86,110,97
AT1G56620,0,0,0,0,0,0
AT1G56630,57,70,66,43,53,65
AT1G56650,0,0,0,0,0,0
AT1G56660,166,471,168,197,131,635
AT1G56670,44,27,10,26,26,21
AT1G56680,498,569,640,963,431,761
AT1G56690,8,33,8,14,21,27
AT1G56700,932,2065,1349,1115,765,1581
AT1G56710,30,23,7,25,9,10
AT1G56720,165,276,103,150,196,193
AT1G56730,0,0,0,0,0,0
AT1G56740,0,0,0,0,0,0
AT1G56750,0,0,0,0,0,0
AT1G56760,0,0,0,0,0,0
AT1G56770,0,0,0,0,0,0
AT1G56780,0,0,0,0,0,0
AT1G56790,0,0,0,0,0,0
AT1G56800,0,0,0,0,0,0
AT1G56810,0,0,0,0,0,0
AT1G56820,0,0,0,0,0,0
AT1G56830,0,0,0,0,0,0
AT1G56840,0,0,0,0,0,0
AT1G56850,0,0,0,0,0,0
AT1G56860,0,0,0,0,0,0
AT1G56870,0,0,0,0,0,0
AT1G56880,0,0,0,0,0,0
AT1G56890,0,0,0,0,0,0
AT1G56900,0,0,0,0,0,0
AT1G56910,0,0,0,0,0,0
AT1G56920,0,0,0,0,0,0
AT1G56930,0,0,0,0,0,0
AT1G56940,0,0,0,0,0,0
AT1G56950,0,0,0,0,0,0
AT1G56960,0,0,0,0,0,0
AT1G56970,0,0,0,0,0,0
AT1G56980,0,0,0,0,0,0
AT1G56990,0,0,0,0,0,0
AT1G57000,0,0,0,0,0,0
AT1G57010,0,0,0,0,0,0
AT1G57020,0,0,0,0,0,0
AT1G57030,0,0,0,0,0,0
AT1G57040,0,0,0,0,0,0
AT1G57050,0,0,0,0,0,0
AT1G57060,0,0,0,0,0,0
AT1G57070,0,0,0,0,0,0
AT1G57080,0,0,0,0,0,0
AT1G57090,0,0,0,0,0,0
AT1G57100,0,0,0,0,0,0
AT1G57110,0,0,0,0,0,0
AT1G57120,0,0,0,0,0,0
AT1G57130,0,0,0,0,0,0
AT1G57140,0,0,0,0,0,0
AT1G57150,0,0,0,0,0,0
AT1G57160,0,0,0,0,0,0
AT1G57170,0,0,0,0,0,0
AT1G57180,0,0,0,0,0,0
AT1G57190,0,0,0,0,0,0
AT1G57200,0,0,0,0,0,0
AT1G57210,0,0,0,0,0,0
AT1G57220,0,0,0,0,0,0
AT1G57230,0,0,0,0,0,0
AT1G57240,0,0,0,0,0,0
AT1G57250,0,0,0,0,0,0
AT1G57260,0,0,0,0,0,0
AT1G57270,0,0,0,0,0,0
AT1G57280,0,0,0,0,0,0
AT1G57290,0,0,0,0,0,0
AT1G57300,0,0,0,0,0,0
AT1G57310,0,0,0,0,0,0
AT1G57320,0,0,0,0,0,0
AT1G57330,0,0,0,0,0,0
AT1G57340,0,0,0,0,0,0
AT1G57350,0,0,0,0,0,0
AT1G57360,0,0,0,0,0,0
AT1G57370,0,0,0,0,0,0
AT1G57380,0,0,0,0,0,0
AT1G57390,0,0,0,0,0,0
AT1G57400,0,0,0,0,0,0
AT1G57410,0,0,0,0,0,0
AT1G57420,0,0,0,0,0,0
AT1G57430,0,0,0,0,0,0
AT1G57440,0,0,0,0,0,0
AT1G57450,0,0,0,0,0,0
AT1G57460,0,0,0,0,0,0
AT1G57470,0,0,0,0,0,0
AT1G57480,0,0,0,0,0,0
AT1G57490,0,0,0,0,0,0
AT1G57500,0,0,0,0,0,0
AT1G57510,0,0,0,0,0,0
AT1G57520,0,0,0,0,0,0
AT1G57530,0,0,0,0,0,0
AT1G57540,272,640,335,215,158,220
AT1G57550,0,0,0,0,0,0
AT1G57560,1,8,17,3,2,6
AT1G57565,0,0,0,0,0,0
AT1G57570,4,10,11,0,2,10
AT1G57580,0,0,0,0,0,0
AT1G57590,2,118,42,21,9,12
AT1G57600,71,180,64,122,75,91
AT1G57610,221,380,182,191,173,205
AT1G57613,0,0,0,0,0,0
AT1G57620,636,1454,694,718,452,495
AT1G57630,0,0,1,0,0,0
AT1G57650,0,0,0,0,0,0
AT1G57660,5084,9583,4707,5183,3689,4682
AT1G57670,0,1,1,1,0,0
AT1G57680,801,800,493,826,743,760
AT1G57690,0,0,0,0,0,0
AT1G57700,59,48,25,65,14,40
AT1G57720,4655,4365,2673,4424,2816,3794
AT1G57730,0,0,0,0,0,0
AT1G57750,0,0,0,0,0,0
AT1G57760,0,0,0,0,0,0
AT1G57765,206,597,288,207,194,255
AT1G57770,7,3,0,0,0,0
AT1G57775,0,0,0,0,0,0
AT1G57777,0,0,0,0,0,0
AT1G57780,0,0,0,0,0,0
AT1G57790,50,48,10,12,27,34
AT1G57800,0,0,0,0,0,0
AT1G57820,199,107,88,188,128,169
AT1G57830,0,0,0,0,0,0
AT1G57835,0,0,0,0,0,0
AT1G57850,0,0,0,0,0,0
AT1G57860,2437,4016,1849,2484,1746,2111
AT1G57870,93,141,122,91,88,155
AT1G57906,0,0,0,0,0,0
AT1G57943,0,0,0,0,0,0
AT1G57980,1,16,0,2,1,0
AT1G57990,63,130,94,86,58,144
AT1G58007,5,34,28,17,2,18
AT1G58025,170,184,89,223,203,173
AT1G58030,407,291,136,321,242,410
AT1G58037,22,4,27,16,27,46
AT1G58050,1,0,0,0,0,0
AT1G58055,0,0,0,0,0,0
AT1G58060,266,233,122,197,181,173
AT1G58070,172,304,188,166,273,220
AT1G58080,372,472,352,427,288,346
AT1G58090,0,0,0,0,0,0
AT1G58100,378,383,242,232,255,238
AT1G58110,337,337,286,277,233,290
AT1G58120,0,0,0,0,0,0
AT1G58150,4,2,4,16,8,7
AT1G58160,32,38,13,28,13,25
AT1G58170,25,20,27,7,12,13
AT1G58180,331,369,312,312,192,561
AT1G58190,33,43,55,80,73,169
AT1G58200,109,147,73,67,71,77
AT1G58210,98,124,48,89,46,83
AT1G58215,0,3,1,1,1,3
AT1G58220,148,81,90,100,101,138
AT1G58223,54,17,32,28,30,53
AT1G58225,0,0,0,0,0,0
AT1G58230,161,233,123,210,211,293
AT1G58235,670,970,600,658,605,964
AT1G58242,0,0,0,0,0,0
AT1G58245,0,0,0,0,0,0
AT1G58248,0,1,0,0,0,0
AT1G58250,72,173,80,75,79,135
AT1G58260,0,0,0,0,0,0
AT1G58265,0,0,0,0,0,0
AT1G58270,182,1016,389,369,231,336
AT1G58280,161,380,179,192,107,200
AT1G58290,81,272,97,152,79,138
AT1G58300,0,0,4,0,0,3
AT1G58310,0,0,0,0,0,0
AT1G58320,0,6,8,1,2,3
AT1G58330,0,0,0,0,0,0
AT1G58340,65,94,91,5,66,108
AT1G58350,185,180,104,135,162,199
AT1G58360,208,140,72,249,144,233
AT1G58370,66,56,47,69,121,57
AT1G58380,1061,1585,797,1242,879,863
AT1G58390,0,0,0,0,0,0
AT1G58400,79,87,53,89,76,124
AT1G58410,126,88,33,109,59,73
AT1G58420,5,9,2,4,2,10
AT1G58430,0,0,0,0,0,0
AT1G58440,220,270,190,299,199,336
AT1G58450,0,0,0,0,0,0
AT1G58460,0,0,0,0,0,0
AT1G58470,166,120,45,154,93,128
AT1G58520,48,28,25,58,44,34
AT1G58525,0,0,0,0,0,0
AT1G58590,21,41,14,19,14,43
AT1G58602,2,4,3,11,14,17
AT1G58643,22,1,2,49,10,21
AT1G58684,94,0,0,453,333,64
AT1G58725,0,0,0,0,0,0
AT1G58766,0,0,0,0,0,0
AT1G58807,0,0,0,0,0,0
AT1G58808,0,0,0,7,2,4
AT1G58848,0,2,7,2,0,3
AT1G58936,0,0,0,0,0,0
AT1G58983,8163,12350,6787,9918,6082,7812
AT1G59030,0,0,0,0,0,0
AT1G59077,0,0,0,0,0,1
AT1G59124,0,0,0,0,0,0
AT1G59171,0,0,0,25,5,12
AT1G59218,0,1,0,1,1,3
AT1G59312,22,1,2,49,10,21
AT1G59359,94,0,0,453,333,64
AT1G59406,0,0,0,0,0,0
AT1G59453,0,0,0,0,0,0
AT1G59460,0,0,0,0,0,0
AT1G59470,0,0,0,0,0,0
AT1G59500,0,0,0,0,0,0
AT1G59510,34,57,55,61,39,51
AT1G59520,169,244,118,143,114,187
AT1G59530,13,0,3,2,8,3
AT1G59540,87,154,51,90,50,141
AT1G59550,0,0,0,0,0,0
AT1G59560,34,65,39,35,47,42
AT1G59570,0,0,0,0,0,0
AT1G59580,283,519,420,488,424,586
AT1G59590,57,82,62,36,10,187
AT1G59600,284,375,201,267,167,213
AT1G59610,784,674,530,735,653,707
AT1G59620,0,0,0,2,0,6
AT1G59630,0,0,0,0,0,0
AT1G59640,62,165,60,48,53,79
AT1G59650,170,254,153,221,174,208
AT1G59660,74,15,12,47,17,33
AT1G59670,0,3,0,0,0,0
AT1G59675,0,0,0,0,0,0
AT1G59680,0,0,0,0,0,0
AT1G59690,0,0,0,0,0,0
AT1G59700,105,89,40,79,43,59
AT1G59710,156,217,144,252,153,173
AT1G59720,17,12,13,17,5,12
AT1G59722,0,0,0,0,0,0
AT1G59723,0,0,0,0,0,0
AT1G59724,0,0,0,0,0,0
AT1G59725,1,3,1,0,6,6
AT1G59730,66,42,41,2,22,7
AT1G59740,144,125,96,60,46,77
AT1G59750,77,216,96,110,73,112
AT1G59760,356,348,174,417,329,363
AT1G59780,112,67,53,170,121,118
AT1G59790,0,0,0,0,2,0
AT1G59800,0,0,0,0,0,0
AT1G59810,0,0,0,0,0,0
AT1G59820,147,133,78,125,83,144
AT1G59830,362,715,346,432,253,433
AT1G59833,0,0,0,0,0,0
AT1G59835,0,0,0,0,0,0
AT1G59840,32,45,32,19,15,43
AT1G59850,3,9,7,5,12,19
AT1G59860,0,9,3,1,0,1
AT1G59865,0,2,1,0,0,0
AT1G59870,193,292,283,281,305,759
AT1G59880,0,0,0,0,0,0
AT1G59885,0,0,0,0,0,0
AT1G59890,135,189,74,105,125,99
AT1G59900,1141,1040,879,1084,779,1003
AT1G59910,56,51,47,54,34,71
AT1G59920,0,0,0,0,0,0
AT1G59930,0,0,0,0,0,0
AT1G59940,31,86,59,18,17,34
AT1G59950,1,0,0,0,0,0
AT1G59960,648,852,426,700,413,673
AT1G59970,58,126,53,43,46,72
AT1G59980,94,96,58,47,60,70
AT1G59990,152,108,95,97,83,132
AT1G60000,22,59,30,33,20,49
AT1G60010,450,622,339,365,253,454
AT1G60025,0,0,0,0,0,0
AT1G60030,21,33,14,13,16,8
AT1G60040,0,0,0,0,0,0
AT1G60050,0,0,5,0,0,0
AT1G60060,1,6,0,1,0,2
AT1G60070,409,490,250,506,358,394
AT1G60072,0,0,0,0,0,0
AT1G60073,0,0,0,0,0,0
AT1G60080,209,245,102,254,172,113
AT1G60090,0,0,1,0,0,0
AT1G60095,4,11,13,4,7,50
AT1G60110,9,3,0,3,14,36
AT1G60130,19,53,36,71,41,43
AT1G60140,230,350,224,204,182,486
AT1G60160,7,51,7,35,31,57
AT1G60170,390,314,226,406,262,378
AT1G60190,1,12,1,2,24,55
AT1G60200,407,293,203,401,232,452
AT1G60220,135,172,83,87,98,105
AT1G60230,55,39,42,96,59,78
AT1G60240,0,0,0,0,0,0
AT1G60250,0,0,0,0,0,0
AT1G60260,0,0,0,0,0,0
AT1G60270,0,3,0,0,0,0
AT1G60280,0,0,0,0,0,0
AT1G60300,0,0,0,0,0,0
AT1G60320,0,0,0,0,0,0
AT1G60340,0,0,0,0,0,0
AT1G60350,0,0,0,0,0,0
AT1G60360,8,22,5,0,13,1
AT1G60370,0,0,0,0,0,0
AT1G60380,2,4,0,2,0,1
AT1G60390,60,154,56,53,58,35
AT1G60400,0,0,0,0,0,0
AT1G60410,0,0,0,0,0,0
AT1G60420,204,198,115,217,118,258
AT1G60430,90,139,110,110,84,99
AT1G60440,182,180,85,161,125,184
AT1G60450,0,0,0,0,0,0
AT1G60460,9,11,4,6,7,3
AT1G60470,0,0,0,0,0,0
AT1G60490,93,230,98,157,116,174
AT1G60500,0,0,3,2,0,3
AT1G60505,42,38,32,30,38,23
AT1G60525,111,59,40,56,35,48
AT1G60530,21,25,12,11,17,7
AT1G60545,46,61,42,100,87,59
AT1G60550,73,106,37,34,49,67
AT1G60560,65,69,40,38,40,40
AT1G60570,0,0,0,0,0,0
AT1G60580,0,0,0,0,0,0
AT1G60590,0,0,0,0,0,0
AT1G60600,0,24,7,19,6,20
AT1G60610,110,201,80,120,82,181
AT1G60620,83,93,72,89,104,67
AT1G60625,0,0,0,0,0,0
AT1G60630,0,5,3,3,6,4
AT1G60640,288,461,261,351,285,295
AT1G60650,185,135,129,179,67,145
AT1G60660,322,647,334,288,237,231
AT1G60670,79,113,73,77,59,77
AT1G60680,59,231,122,158,54,215
AT1G60690,29,63,29,30,20,41
AT1G60700,68,74,36,50,50,55
AT1G60710,745,941,656,604,455,728
AT1G60720,1,0,0,1,0,1
AT1G60730,323,252,199,551,393,920
AT1G60740,51,160,165,40,29,235
AT1G60750,158,102,63,115,209,155
AT1G60760,5,0,0,0,0,0
AT1G60770,610,705,335,629,311,448
AT1G60780,627,1019,553,988,710,816
AT1G60783,0,0,0,0,0,0
AT1G60787,52,95,52,63,52,62
AT1G60790,69,71,28,54,38,28
AT1G60800,149,205,107,163,123,169
AT1G60810,354,654,293,285,212,293
AT1G60815,0,0,0,0,0,0
AT1G60820,0,0,0,0,0,0
AT1G60830,0,0,0,0,0,0
AT1G60840,0,0,0,0,0,0
AT1G60850,211,146,154,284,197,189
AT1G60860,155,237,109,233,162,190
AT1G60870,29,78,64,37,14,33
AT1G60880,0,0,0,0,0,2
AT1G60890,42,30,33,45,70,53
AT1G60900,293,291,196,233,192,291
AT1G60910,0,0,0,0,0,0
AT1G60913,0,0,0,0,0,0
AT1G60920,0,0,1,0,0,0
AT1G60930,33,29,11,14,29,30
AT1G60940,593,554,329,547,438,583
AT1G60950,111,315,246,55,43,72
AT1G60960,334,161,187,426,260,427
AT1G60970,0,0,0,0,0,0
AT1G60980,0,0,0,0,0,0
AT1G60983,0,0,0,0,0,0
AT1G60985,0,0,0,0,0,0
AT1G60986,0,0,0,0,0,1
AT1G60987,0,0,0,0,0,0
AT1G60989,1796,2231,991,933,1034,1792
AT1G60990,60,63,28,53,36,57
AT1G60995,227,282,131,206,106,136
AT1G61000,35,82,55,66,44,45
AT1G61010,210,282,121,245,181,177
AT1G61020,0,0,0,0,0,0
AT1G61030,88,79,16,89,56,103
AT1G61040,211,227,102,207,165,201
AT1G61050,5,45,27,7,8,27
AT1G61060,0,0,0,0,0,0
AT1G61065,106,76,81,75,34,96
AT1G61070,0,0,0,0,0,0
AT1G61080,0,11,0,0,0,1
AT1G61090,0,0,0,0,0,0
AT1G61093,0,0,0,0,0,0
AT1G61095,0,0,0,0,0,0
AT1G61097,0,1,0,0,0,0
AT1G61100,345,448,243,529,403,478
AT1G61105,0,0,0,0,0,0
AT1G61110,0,0,0,0,0,0
AT1G61120,0,0,0,0,0,0
AT1G61130,0,0,0,0,0,0
AT1G61140,164,117,78,112,85,169
AT1G61150,310,665,316,337,292,375
AT1G61160,1,1,2,1,1,1
AT1G61165,0,0,0,0,0,0
AT1G61170,137,239,121,102,55,117
AT1G61180,106,91,34,50,59,81
AT1G61190,41,56,11,29,22,18
AT1G61200,0,0,0,0,0,0
AT1G61210,149,70,46,86,64,63
AT1G61215,54,20,35,23,32,25
AT1G61224,0,1,0,0,1,0
AT1G61226,0,1,0,0,0,1
AT1G61230,0,6,2,4,5,8
AT1G61240,108,85,36,106,109,120
AT1G61250,1184,1320,964,1165,828,1297
AT1G61255,4,10,7,3,1,3
AT1G61260,76,74,53,73,69,76
AT1G61270,0,0,0,0,0,0
AT1G61275,14,16,8,3,2,3
AT1G61280,87,92,56,48,35,52
AT1G61290,1,2,0,3,0,2
AT1G61300,0,2,2,0,0,0
AT1G61310,37,53,31,34,19,50
AT1G61320,0,0,0,0,0,0
AT1G61330,0,0,0,0,0,0
AT1G61340,56,45,20,48,52,183
AT1G61350,75,80,53,96,100,129
AT1G61360,43,50,41,25,38,78
AT1G61370,46,28,33,39,36,56
AT1G61380,32,30,22,56,49,21
AT1G61390,1,8,5,5,16,3
AT1G61400,30,5,5,20,24,17
AT1G61410,9,30,16,5,10,2
AT1G61415,2,16,8,2,4,12
AT1G61420,46,69,17,21,15,37
AT1G61430,13,41,20,18,36,65
AT1G61440,6,21,14,8,4,11
AT1G61450,125,113,80,73,51,101
AT1G61460,7,1,10,8,5,11
AT1G61470,1,6,0,9,1,12
AT1G61475,0,0,0,0,0,0
AT1G61480,0,6,3,0,0,2
AT1G61490,26,35,3,30,13,35
AT1G61500,6,24,17,25,12,22
AT1G61520,73,80,35,12,15,39
AT1G61540,0,0,0,0,0,0
AT1G61550,9,12,5,8,4,16
AT1G61560,11,66,35,12,15,63
AT1G61562,0,5,0,0,0,2
AT1G61563,0,0,0,0,0,0
AT1G61565,0,0,0,0,0,1
AT1G61566,0,0,0,1,0,0
AT1G61570,699,1915,1154,671,631,850
AT1G61575,0,0,0,0,0,0
AT1G61580,109,611,373,105,90,129
AT1G61590,129,336,190,166,150,326
AT1G61600,6,6,6,7,9,7
AT1G61610,0,0,0,0,0,0
AT1G61620,651,781,401,552,334,553
AT1G61630,0,0,0,0,0,0
AT1G61640,40,114,42,77,60,38
AT1G61660,66,191,111,88,80,236
AT1G61667,26,51,54,29,35,32
AT1G61670,258,359,179,312,227,276
AT1G61680,5,9,3,8,6,3
AT1G61688,0,0,0,0,0,0
AT1G61690,212,304,103,212,171,317
AT1G61700,0,0,0,0,0,0
AT1G61710,0,0,0,1,0,0
AT1G61720,0,0,2,0,0,0
AT1G61730,333,344,199,394,279,301
AT1G61732,0,0,0,0,0,0
AT1G61740,257,759,425,367,306,553
AT1G61750,13,37,48,17,48,129
AT1G61760,21,42,72,33,51,17
AT1G61770,379,699,392,495,401,444
AT1G61780,675,1623,891,663,535,758
AT1G61790,2475,3925,2329,2673,2083,2354
AT1G61795,77,276,136,92,99,121
AT1G61800,0,0,0,0,0,0
AT1G61810,5,11,2,2,3,1
AT1G61820,57,277,182,61,78,121
AT1G61840,103,110,105,233,150,232
AT1G61850,35,103,48,107,49,94
AT1G61860,8,42,10,8,34,21
AT1G61870,350,517,334,524,329,354
AT1G61880,0,0,0,0,0,0
AT1G61890,981,719,238,916,577,1088
AT1G61900,159,227,198,228,127,174
AT1G61910,0,0,0,0,0,0
AT1G61920,2,1,4,1,0,3
AT1G61930,7,31,11,1,2,7
AT1G61940,0,0,0,0,0,0
AT1G61950,0,3,5,0,5,0
AT1G61960,40,68,40,61,48,30
AT1G61970,26,33,16,16,11,35
AT1G61980,94,161,89,94,44,66
AT1G61990,267,475,193,305,189,245
AT1G62000,2,4,1,1,0,8
AT1G62010,79,82,43,29,64,46
AT1G62020,285,425,167,341,332,403
AT1G62030,0,1,0,4,0,0
AT1G62035,1,0,0,0,0,0
AT1G62040,306,710,414,275,219,315
AT1G62045,136,178,177,100,123,122
AT1G62050,29,42,33,33,31,34
AT1G62060,0,0,0,0,0,0
AT1G62070,0,0,0,0,0,0
AT1G62080,0,0,0,0,0,0
AT1G62085,95,127,62,80,62,74
AT1G62110,82,165,38,93,80,73
AT1G62120,65,117,57,83,58,77
AT1G62130,16,45,25,34,15,25
AT1G62150,29,69,38,73,23,43
AT1G62160,0,0,0,0,0,0
AT1G62170,37,37,33,45,55,36
AT1G62180,713,444,270,785,848,428
AT1G62190,0,2,0,0,0,0
AT1G62200,31,69,50,56,39,47
AT1G62210,0,0,0,0,0,0
AT1G62220,0,0,0,0,0,0
AT1G62225,0,0,0,0,0,0
AT1G62240,0,0,0,0,0,0
AT1G62250,37,37,43,54,49,72
AT1G62260,1,12,16,4,11,9
AT1G62262,0,13,5,1,4,4
AT1G62270,0,0,0,0,0,0
AT1G62280,54,676,659,125,55,33
AT1G62290,48,16,1,8,8,28
AT1G62300,192,141,123,240,176,391
AT1G62305,88,158,106,115,134,144
AT1G62310,86,110,38,73,61,103
AT1G62320,10,33,13,3,9,18
AT1G62330,312,310,203,294,252,269
AT1G62333,5,1,0,0,0,0
AT1G62340,0,0,0,0,0,0
AT1G62350,14,63,15,20,21,29
AT1G62355,0,0,0,0,0,0
AT1G62360,0,0,0,0,0,0
AT1G62370,29,134,49,28,20,66
AT1G62380,1134,1142,815,1663,1366,783
AT1G62390,549,554,249,599,432,497
AT1G62400,0,10,13,0,0,0
AT1G62410,0,0,0,0,0,0
AT1G62420,0,10,3,20,5,17
AT1G62421,0,0,0,0,0,0
AT1G62422,140,321,188,189,121,374
AT1G62430,384,495,289,278,193,316
AT1G62440,66,45,50,292,216,209
AT1G62450,0,1,0,2,5,1
AT1G62480,9673,12033,11516,7796,6931,6888
AT1G62490,0,7,1,0,8,0
AT1G62500,37,34,20,27,17,9
AT1G62510,58,22,72,330,151,309
AT1G62515,16,14,36,128,59,102
AT1G62520,107,68,52,120,69,66
AT1G62530,0,0,3,1,3,4
AT1G62540,0,0,0,0,0,0
AT1G62560,0,0,0,0,0,0
AT1G62570,163,203,153,164,73,288
AT1G62580,2,10,3,2,4,2
AT1G62590,57,44,19,23,4,17
AT1G62600,164,216,139,154,136,221
AT1G62610,90,62,67,94,71,77
AT1G62620,24,26,10,25,9,13
AT1G62630,0,0,0,0,0,0
AT1G62640,438,789,383,426,333,423
AT1G62660,229,590,428,533,360,802
AT1G62670,20,18,12,16,29,29
AT1G62680,53,76,36,49,46,25
AT1G62690,0,0,0,4,3,0
AT1G62700,45,29,10,21,38,20
AT1G62710,1,25,11,2,6,2
AT1G62720,0,12,11,11,3,6
AT1G62730,87,262,124,124,103,115
AT1G62740,152,196,102,200,101,149
AT1G62750,204,99,41,110,77,62
AT1G62760,3,2,1,34,35,24
AT1G62770,154,169,165,312,125,272
AT1G62780,0,23,6,19,7,13
AT1G62790,392,1059,679,464,348,432
AT1G62800,215,193,134,145,154,188
AT1G62810,171,254,143,304,262,324
AT1G62820,344,1042,480,429,295,460
AT1G62830,107,33,47,72,54,67
AT1G62840,42,76,59,11,19,52
AT1G62850,146,322,182,134,98,196
AT1G62870,0,4,8,7,2,3
AT1G62880,174,305,162,126,106,207
AT1G62886,2,2,0,0,1,0
AT1G62895,0,0,0,0,0,0
AT1G62900,0,1,2,0,0,1
AT1G62910,12,21,10,9,15,29
AT1G62914,11,17,15,19,24,26
AT1G62915,0,6,2,1,3,3
AT1G62920,0,1,1,0,0,1
AT1G62930,17,50,6,26,32,36
AT1G62935,3,13,4,5,5,15
AT1G62940,0,0,0,0,0,0
AT1G62950,47,74,20,13,17,37
AT1G62960,72,104,54,57,56,48
AT1G62970,145,154,98,171,129,147
AT1G62975,6,40,36,1,3,4
AT1G62978,0,0,0,0,0,0
AT1G62980,47,256,117,102,256,300
AT1G62981,18,26,42,12,25,26
AT1G62990,32,199,102,38,44,68
AT1G63000,462,1835,860,1070,516,661
AT1G63005,0,0,0,0,0,0
AT1G63010,65,114,79,201,116,219
AT1G63020,32,17,18,18,9,18
AT1G63030,0,0,0,0,0,0
AT1G63050,246,520,358,483,221,331
AT1G63055,0,0,0,0,0,0
AT1G63057,0,0,0,0,0,0
AT1G63060,0,0,0,1,0,0
AT1G63070,0,0,0,0,0,0
AT1G63080,9,19,10,11,4,1
AT1G63090,191,217,106,126,126,306
AT1G63100,130,210,126,151,145,213
AT1G63105,0,2,0,1,0,0
AT1G63110,622,633,410,478,366,402
AT1G63120,235,515,292,278,500,269
AT1G63130,57,42,16,26,42,35
AT1G63140,5,8,2,2,0,0
AT1G63150,33,42,10,16,28,18
AT1G63160,111,171,100,129,106,91
AT1G63170,211,270,139,147,114,119
AT1G63180,545,795,813,529,424,595
AT1G63190,0,0,0,0,0,0
AT1G63200,0,0,0,0,0,0
AT1G63205,0,0,0,0,0,0
AT1G63206,0,0,0,0,0,0
AT1G63210,0,0,0,0,0,0
AT1G63220,486,1397,836,839,638,808
AT1G63230,44,39,21,39,28,23
AT1G63240,28,44,8,19,23,30
AT1G63245,30,87,62,42,35,110
AT1G63250,31,35,31,17,28,52
AT1G63260,189,279,120,111,97,106
AT1G63270,187,187,91,166,148,188
AT1G63280,0,0,0,0,0,0
AT1G63290,488,641,399,435,310,442
AT1G63295,0,7,29,19,78,36
AT1G63300,211,310,117,185,154,171
AT1G63310,238,276,196,124,158,146
AT1G63320,0,0,0,0,0,0
AT1G63330,2,4,0,0,3,6
AT1G63340,0,1,0,0,0,0
AT1G63350,2,1,2,0,8,3
AT1G63360,0,0,0,0,0,0
AT1G63370,5,6,3,5,4,4
AT1G63380,8,18,4,4,4,10
AT1G63390,2,2,1,1,2,1
AT1G63400,19,26,9,12,12,26
AT1G63410,125,187,157,51,40,116
AT1G63420,469,378,240,304,309,336
AT1G63430,177,224,148,171,156,142
AT1G63440,141,96,38,145,155,195
AT1G63450,17,56,24,33,30,54
AT1G63460,978,2020,1032,901,698,1062
AT1G63470,246,365,217,220,168,253
AT1G63480,124,92,42,113,72,68
AT1G63490,77,120,39,83,62,105
AT1G63500,176,196,173,317,163,282
AT1G63510,0,0,0,0,0,0
AT1G63520,17,39,31,13,36,13
AT1G63522,0,0,0,0,0,0
AT1G63530,0,6,5,2,4,18
AT1G63535,0,0,0,0,0,0
AT1G63540,0,0,0,0,0,0
AT1G63550,0,3,1,0,0,0
AT1G63570,0,0,0,0,0,0
AT1G63580,1,6,12,0,0,0
AT1G63590,0,0,0,0,0,0
AT1G63600,0,0,0,0,0,0
AT1G63610,128,168,85,106,57,121
AT1G63615,0,0,0,0,0,0
AT1G63630,0,2,0,0,0,2
AT1G63640,268,416,199,271,219,243
AT1G63650,40,75,45,58,34,39
AT1G63660,1056,580,414,1068,796,929
AT1G63670,18,52,29,41,12,47
AT1G63680,20,75,26,65,20,23
AT1G63690,554,568,295,539,456,587
AT1G63700,261,223,140,246,178,248
AT1G63710,0,0,0,0,0,0
AT1G63720,124,210,152,166,144,273
AT1G63730,26,34,17,23,22,21
AT1G63740,18,37,14,39,22,39
AT1G63750,4,17,2,21,7,24
AT1G63770,587,748,392,837,475,685
AT1G63780,439,746,394,508,296,403
AT1G63790,0,0,0,0,0,0
AT1G63800,284,225,156,258,130,279
AT1G63810,98,78,42,108,74,128
AT1G63820,87,237,148,91,80,102
AT1G63830,750,483,496,641,456,703
AT1G63840,1244,1340,1155,1039,904,1868
AT1G63850,328,171,155,336,247,216
AT1G63855,50,97,57,55,35,47
AT1G63860,18,41,21,15,23,20
AT1G63870,0,1,1,0,3,0
AT1G63880,1,10,5,0,4,3
AT1G63900,192,172,178,222,156,217
AT1G63910,0,34,22,1,6,4
AT1G63930,2,2,9,1,6,4
AT1G63940,711,855,679,1021,693,679
AT1G63950,0,1,0,2,0,0
AT1G63960,0,0,0,1,0,0
AT1G63970,197,454,231,155,112,180
AT1G63980,832,1314,634,890,794,1019
AT1G63990,104,187,89,104,81,131
AT1G64000,0,4,0,0,0,0
AT1G64010,2,0,0,0,0,0
AT1G64020,5,3,0,1,5,4
AT1G64030,0,0,0,0,0,0
AT1G64040,672,852,504,656,482,800
AT1G64050,82,107,77,90,117,149
AT1G64060,178,319,178,210,233,341
AT1G64065,21,7,2,1,7,12
AT1G64070,0,0,0,0,0,0
AT1G64080,100,123,65,71,55,53
AT1G64090,2210,5052,2605,2184,1546,2393
AT1G64100,0,1,0,0,0,0
AT1G64105,50,101,55,62,44,86
AT1G64107,1,0,0,0,0,1
AT1G64110,208,71,34,283,181,161
AT1G64120,0,0,0,0,0,0
AT1G64130,2,0,0,1,3,0
AT1G64140,236,188,134,153,135,190
AT1G64150,3,11,4,0,1,7
AT1G64160,0,0,0,12,16,27
AT1G64170,18,6,9,14,7,29
AT1G64180,10,22,4,28,29,27
AT1G64185,98,203,65,64,65,82
AT1G64190,856,782,522,921,700,803
AT1G64195,0,3,0,3,0,0
AT1G64200,271,604,353,336,221,388
AT1G64210,0,15,0,4,1,19
AT1G64220,64,170,84,56,83,64
AT1G64230,5551,6134,3730,4310,3259,5215
AT1G64235,0,4,1,16,2,0
AT1G64253,0,2,0,0,0,0
AT1G64255,0,0,0,0,0,0
AT1G64260,0,0,0,0,0,5
AT1G64280,203,162,115,170,130,195
AT1G64290,0,0,0,0,0,0
AT1G64295,0,2,0,1,0,5
AT1G64300,25,2,7,13,3,10
AT1G64310,1,2,6,1,5,13
AT1G64320,2,3,0,0,9,9
AT1G64330,114,267,118,224,134,179
AT1G64340,0,0,0,0,0,0
AT1G64350,298,385,265,275,228,275
AT1G64355,1,30,4,3,2,3
AT1G64360,0,0,0,0,0,0
AT1G64370,0,83,46,0,0,6
AT1G64380,0,6,7,8,2,8
AT1G64385,271,285,212,256,246,301
AT1G64390,127,144,168,125,97,114
AT1G64400,10,41,13,14,6,42
AT1G64405,0,8,3,0,0,0
AT1G64420,0,0,0,0,0,0
AT1G64430,33,13,21,23,21,15
AT1G64440,149,208,209,171,171,221
AT1G64450,127,112,76,149,101,107
AT1G64455,35,18,30,48,18,17
AT1G64460,110,193,111,142,132,335
AT1G64480,0,9,4,0,3,13
AT1G64490,577,770,470,394,361,435
AT1G64500,3,4,3,1,0,2
AT1G64510,118,188,114,112,56,97
AT1G64520,1304,2618,1656,1554,1023,1445
AT1G64530,218,182,145,174,157,172
AT1G64540,0,0,1,17,1,0
AT1G64550,774,768,354,702,506,721
AT1G64561,0,1,2,4,0,4
AT1G64563,2,16,5,10,5,18
AT1G64570,43,19,9,35,44,44
AT1G64572,16,24,16,18,19,32
AT1G64580,128,90,50,67,53,86
AT1G64583,18,37,27,39,6,4
AT1G64584,0,6,5,0,1,0
AT1G64585,0,0,0,0,0,0
AT1G64590,1,117,64,0,0,1
AT1G64600,79,113,90,156,78,97
AT1G64610,11,28,16,30,40,42
AT1G64618,6,1,2,1,0,0
AT1G64620,109,193,104,108,69,93
AT1G64625,0,1,3,2,0,0
AT1G64630,154,126,69,111,98,97
AT1G64633,0,0,0,0,0,0
AT1G64640,869,591,802,958,692,660
AT1G64650,940,1139,684,1323,862,914
AT1G64660,5034,1777,2196,4854,3141,4653
AT1G64670,0,2,2,7,0,1
AT1G64680,1,2,0,0,0,0
AT1G64690,46,94,72,46,34,55
AT1G64700,39,29,35,55,63,76
AT1G64710,0,1,0,1,0,2
AT1G64720,2099,1205,775,1241,963,1227
AT1G64740,234,145,138,170,125,156
AT1G64750,1593,3989,1880,1238,959,1403
AT1G64760,67,177,130,45,57,112
AT1G64770,0,0,0,0,0,0
AT1G64780,25,350,184,6,8,44
AT1G64790,257,286,153,227,170,278
AT1G64795,0,0,0,0,0,0
AT1G64800,0,0,0,0,0,0
AT1G64810,36,87,30,59,46,55
AT1G64820,0,0,2,2,0,0
AT1G64830,0,0,0,0,0,0
AT1G64840,106,114,129,158,151,159
AT1G64850,340,778,483,400,286,502
AT1G64860,33,93,48,39,20,32
AT1G64870,0,0,0,0,0,0
AT1G64880,494,527,348,600,353,498
AT1G64890,54,89,67,61,38,121
AT1G64900,224,90,49,171,125,130
AT1G64910,25,47,41,104,84,63
AT1G64920,210,232,113,202,141,155
AT1G64930,0,2,12,20,28,15
AT1G64940,49,8,6,100,46,76
AT1G64950,376,132,126,509,265,452
AT1G64960,76,51,24,70,63,72
AT1G64970,148,86,75,84,58,61
AT1G64980,511,639,293,350,275,483
AT1G64990,232,345,184,300,204,327
AT1G65000,162,315,136,115,84,192
AT1G65010,773,1148,579,728,546,709
AT1G65020,217,274,179,247,121,251
AT1G65030,292,126,295,341,246,266
AT1G65032,158,232,117,85,65,93
AT1G65040,201,212,136,160,174,208
AT1G65050,0,0,0,0,0,0
AT1G65060,11,4,1,1,1,3
AT1G65070,104,33,35,59,55,52
AT1G65080,27,70,40,47,34,42
AT1G65090,0,0,0,0,0,0
AT1G65110,1,1,0,2,3,0
AT1G65113,0,0,0,0,0,0
AT1G65120,12,20,14,8,12,12
AT1G65130,0,5,2,4,0,7
AT1G65140,0,0,0,1,0,0
AT1G65150,0,7,5,0,0,4
AT1G65160,0,0,0,0,0,0
AT1G65165,0,0,0,0,0,0
AT1G65170,0,0,0,0,1,0
AT1G65180,20,59,31,38,55,75
AT1G65190,1,9,6,25,23,31
AT1G65200,0,0,0,5,8,0
AT1G65210,0,0,0,0,0,0
AT1G65220,777,1271,600,717,557,715
AT1G65230,6,6,1,3,3,0
AT1G65240,0,1,0,0,0,0
AT1G65250,0,7,3,0,2,14
AT1G65260,290,367,279,323,201,295
AT1G65270,473,519,546,592,382,456
AT1G65280,448,353,205,294,212,294
AT1G65290,3938,10362,4865,3491,2829,3663
AT1G65295,376,708,419,427,382,400
AT1G65300,0,0,0,0,0,0
AT1G65310,0,23,30,5,30,5
AT1G65320,126,168,114,99,109,150
AT1G65330,0,0,0,0,0,0
AT1G65340,0,0,0,0,0,0
AT1G65342,0,0,0,0,0,0
AT1G65346,0,0,0,2,0,1
AT1G65349,0,0,0,0,0,0
AT1G65350,0,0,0,0,0,0
AT1G65352,0,0,0,0,0,0
AT1G65360,0,0,0,0,0,0
AT1G65370,312,730,253,168,210,229
AT1G65380,100,104,33,67,52,40
AT1G65390,0,0,0,0,0,0
AT1G65410,138,277,80,128,80,147
AT1G65420,57,120,57,38,34,50
AT1G65425,0,2,0,0,0,0
AT1G65430,140,160,97,242,233,193
AT1G65440,353,517,268,310,277,421
AT1G65450,0,0,0,0,0,0
AT1G65470,100,169,97,162,92,115
AT1G65480,0,0,0,0,0,0
AT1G65481,13,38,21,19,18,36
AT1G65483,3,3,7,4,4,9
AT1G65484,0,23,9,0,0,3
AT1G65486,1,13,16,0,0,20
AT1G65490,0,0,0,0,2,1
AT1G65500,0,2,1,25,15,79
AT1G65510,140,462,481,142,99,484
AT1G65520,142,340,202,209,134,278
AT1G65540,144,181,100,114,93,172
AT1G65541,0,2,0,0,0,0
AT1G65550,0,0,0,0,0,0
AT1G65560,60,57,59,65,38,71
AT1G65570,4,6,13,33,5,6
AT1G65580,206,166,114,254,206,203
AT1G65590,183,231,92,227,151,220
AT1G65610,52,101,70,136,78,167
AT1G65620,15,13,32,50,22,34
AT1G65630,0,0,0,0,0,0
AT1G65640,0,0,0,0,0,0
AT1G65650,267,385,192,277,196,208
AT1G65660,356,373,141,251,152,331
AT1G65670,0,0,0,0,0,0
AT1G65680,0,0,0,0,0,0
AT1G65681,0,0,0,0,0,0
AT1G65690,10,146,102,36,19,204
AT1G65700,215,665,346,256,206,285
AT1G65710,48,79,58,49,60,50
AT1G65720,1920,2929,2460,2056,1407,2762
AT1G65730,135,96,46,330,114,126
AT1G65735,0,0,0,0,0,0
AT1G65740,0,0,0,0,0,0
AT1G65760,0,0,0,0,0,0
AT1G65770,0,0,0,0,0,0
AT1G65780,0,0,0,0,0,0
AT1G65790,0,0,0,0,0,0
AT1G65800,0,0,0,0,0,3
AT1G65810,0,0,0,0,0,0
AT1G65820,1306,2631,1626,1177,764,1467
AT1G65830,0,0,0,0,0,0
AT1G65840,207,349,255,299,281,373
AT1G65845,905,1447,1253,798,691,2962
AT1G65850,5,25,33,11,23,41
AT1G65860,1,0,0,0,1,0
AT1G65870,0,0,0,0,0,0
AT1G65880,0,0,0,0,0,0
AT1G65890,0,0,0,0,0,0
AT1G65900,28,97,51,19,22,32
AT1G65910,43,18,7,21,12,33
AT1G65920,26,25,15,45,25,26
AT1G65930,3253,6024,3074,3683,2182,3781
AT1G65950,35,59,32,64,72,63
AT1G65960,579,1296,1174,527,611,3101
AT1G65970,772,2314,2235,647,934,7604
AT1G65980,4420,6689,3892,3942,2934,4684
AT1G65985,175,210,139,229,183,194
AT1G65990,0,0,0,0,0,0
AT1G66000,0,0,0,0,0,0
AT1G66020,35,26,13,25,14,29
AT1G66030,5,0,1,5,0,0
AT1G66040,14,2,7,0,0,6
AT1G66045,0,0,0,0,0,0
AT1G66050,90,48,35,85,58,99
AT1G66060,2,2,1,12,5,8
AT1G66070,240,381,256,377,250,239
AT1G66080,30,54,36,48,34,32
AT1G66090,3,0,0,0,0,5
AT1G66100,0,0,0,0,0,0
AT1G66110,0,0,0,0,0,0
AT1G66120,0,0,0,0,0,0
AT1G66130,7,21,19,3,8,10
AT1G66140,424,1373,865,614,432,513
AT1G66145,0,0,0,0,0,0
AT1G66150,513,309,231,510,459,454
AT1G66160,21,31,14,22,23,102
AT1G66170,3,0,0,2,1,8
AT1G66173,43,87,52,33,34,52
AT1G66180,303,420,223,229,221,445
AT1G66190,112,65,30,82,84,108
AT1G66200,291,4382,2277,235,246,1196
AT1G66210,0,0,0,0,0,0
AT1G66220,0,0,0,0,0,0
AT1G66230,48,22,14,35,26,79
AT1G66235,0,0,0,0,0,0
AT1G66240,2816,6547,3480,2480,2229,3377
AT1G66245,0,0,0,0,0,0
AT1G66250,286,182,215,249,137,184
AT1G66260,340,519,355,463,403,542
AT1G66270,2640,6324,2875,6763,3162,6680
AT1G66280,1420,2699,1654,6514,2112,8251
AT1G66290,0,0,0,0,0,0
AT1G66300,0,0,0,0,0,0
AT1G66310,0,0,0,0,0,0
AT1G66320,0,0,0,0,0,1
AT1G66330,61,82,49,79,46,91
AT1G66340,119,139,98,127,119,152
AT1G66345,54,49,30,49,39,71
AT1G66350,26,21,17,26,19,39
AT1G66360,0,0,0,0,0,0
AT1G66370,0,0,0,0,0,0
AT1G66380,0,0,0,0,0,0
AT1G66390,0,0,0,0,0,0
AT1G66400,46,22,4,13,8,118
AT1G66410,2137,4686,2180,2715,1974,2819
AT1G66420,0,1,0,0,0,0
AT1G66430,203,296,139,208,165,170
AT1G66440,9,3,13,1,7,8
AT1G66450,6,20,9,23,24,39
AT1G66460,2,0,2,0,1,12
AT1G66465,2,4,0,2,6,12
AT1G66470,149,148,86,191,110,154
AT1G66480,26,35,17,29,34,48
AT1G66490,0,0,0,0,0,0
AT1G66500,356,160,70,122,52,661
AT1G66510,84,218,68,100,89,90
AT1G66520,45,55,30,49,26,30
AT1G66530,219,377,198,280,180,255
AT1G66540,3,10,2,0,0,1
AT1G66550,0,0,0,0,0,0
AT1G66560,0,0,0,0,0,0
AT1G66570,0,0,0,0,0,0
AT1G66580,7268,11303,5380,7125,4410,6275
AT1G66590,172,297,119,177,195,224
AT1G66600,11,15,10,14,17,94
AT1G66610,0,0,0,0,0,0
AT1G66620,147,161,99,154,76,150
AT1G66630,0,0,0,0,0,0
AT1G66640,0,0,0,0,0,0
AT1G66650,1,12,5,12,5,13
AT1G66660,46,92,62,67,54,61
AT1G66670,164,511,268,280,149,262
AT1G66680,567,735,515,507,385,642
AT1G66690,36,146,44,28,52,28
AT1G66700,1,1,1,0,1,6
AT1G66720,3,0,3,1,2,0
AT1G66725,40,44,56,1,0,2
AT1G66730,31,56,24,78,43,46
AT1G66740,136,262,180,157,114,148
AT1G66750,151,187,101,96,82,152
AT1G66760,368,376,235,418,260,307
AT1G66770,0,0,0,0,0,0
AT1G66780,1,11,1,13,2,21
AT1G66783,1,0,0,2,0,0
AT1G66795,0,0,0,0,0,0
AT1G66800,4,30,28,1,4,8
AT1G66810,35,75,43,27,27,25
AT1G66820,84,146,109,69,50,58
AT1G66830,83,132,96,58,35,53
AT1G66840,1,1,0,4,1,0
AT1G66850,0,0,0,0,0,0
AT1G66852,0,0,0,0,0,0
AT1G66855,0,0,0,0,0,0
AT1G66860,0,0,0,0,0,0
AT1G66870,0,0,0,9,2,5
AT1G66880,50,53,32,32,80,138
AT1G66890,126,262,172,104,70,158
AT1G66900,104,128,109,100,88,88
AT1G66910,0,0,1,0,0,4
AT1G66920,0,0,0,0,0,0
AT1G66930,2,16,9,2,6,4
AT1G66940,0,3,1,0,0,0
AT1G66950,0,0,0,0,0,0
AT1G66960,0,0,0,0,0,0
AT1G66970,0,0,0,0,0,0
AT1G66980,0,0,0,0,0,1
AT1G67000,0,0,0,2,1,2
AT1G67020,0,1,1,6,1,1
AT1G67025,6,9,2,1,3,4
AT1G67030,581,520,405,201,197,288
AT1G67035,20,54,34,34,15,21
AT1G67040,19,7,8,31,13,26
AT1G67050,25,63,35,26,36,47
AT1G67060,175,291,211,204,151,294
AT1G67070,0,2,17,15,6,29
AT1G67080,224,390,306,128,154,313
AT1G67090,104,165,46,3,2,0
AT1G67100,0,0,0,0,0,1
AT1G67105,199,297,172,179,167,275
AT1G67110,40,38,35,6,16,11
AT1G67120,153,169,114,170,135,215
AT1G67130,0,0,0,0,0,0
AT1G67140,192,272,137,271,243,314
AT1G67148,14,272,163,63,61,397
AT1G67150,25,25,39,31,8,42
AT1G67160,0,0,0,1,0,1
AT1G67170,132,137,77,141,106,132
AT1G67180,49,23,22,43,24,30
AT1G67190,75,50,38,64,35,73
AT1G67195,0,16,4,1,0,0
AT1G67210,44,23,46,39,44,37
AT1G67220,0,0,0,6,0,0
AT1G67230,1193,1851,962,1362,973,1552
AT1G67235,0,1,0,0,0,0
AT1G67238,0,0,0,0,0,0
AT1G67250,860,2655,1369,892,621,983
AT1G67260,0,0,0,0,0,0
AT1G67265,4,4,2,0,0,5
AT1G67270,0,1,1,1,0,12
AT1G67280,461,508,326,357,213,383
AT1G67290,0,0,0,0,0,0
AT1G67300,149,217,104,135,98,195
AT1G67310,37,47,34,103,55,121
AT1G67320,127,258,117,206,150,145
AT1G67325,313,219,229,331,286,284
AT1G67328,464,517,690,971,580,894
AT1G67330,460,522,740,862,547,937
AT1G67340,247,330,185,176,123,300
AT1G67350,1834,5112,2414,1652,1303,1839
AT1G67360,309,522,289,149,130,243
AT1G67365,50,144,85,49,52,134
AT1G67370,1,16,3,0,2,5
AT1G67390,0,0,0,1,0,0
AT1G67400,14,28,19,44,29,38
AT1G67410,16,96,52,64,53,52
AT1G67420,61,77,46,68,79,76
AT1G67430,11004,16695,10202,10782,8469,10289
AT1G67440,29,21,30,43,26,33
AT1G67450,0,0,0,0,0,0
AT1G67455,0,0,0,0,0,0
AT1G67460,0,1,0,0,1,5
AT1G67470,16,13,13,6,5,9
AT1G67480,463,514,328,462,544,930
AT1G67481,0,1,0,0,0,0
AT1G67490,75,86,50,138,99,97
AT1G67500,90,59,63,49,46,86
AT1G67510,62,49,38,47,61,73
AT1G67520,2,2,4,0,1,3
AT1G67530,105,92,44,66,90,139
AT1G67540,0,1,0,2,0,0
AT1G67550,138,124,64,226,109,214
AT1G67560,103,49,59,126,76,105
AT1G67570,82,89,57,91,40,74
AT1G67580,290,170,127,196,174,269
AT1G67590,385,574,306,467,320,526
AT1G67600,94,59,55,53,45,44
AT1G67620,181,334,271,278,210,185
AT1G67623,1,0,0,1,0,0
AT1G67630,210,168,88,159,141,96
AT1G67635,0,0,0,0,0,0
AT1G67640,0,0,0,0,0,0
AT1G67650,3,5,13,1,0,6
AT1G67660,77,54,62,66,49,81
AT1G67670,0,2,1,0,0,0
AT1G67680,468,409,331,586,373,531
AT1G67690,50,121,42,69,42,54
AT1G67700,110,142,74,104,70,108
AT1G67710,3,63,63,11,14,13
AT1G67720,83,91,38,63,63,70
AT1G67730,668,1108,748,994,519,689
AT1G67740,5,5,7,4,3,0
AT1G67750,73,160,96,156,73,113
AT1G67760,0,16,19,0,0,0
AT1G67770,0,0,0,2,0,0
AT1G67775,0,0,0,0,0,0
AT1G67780,69,86,37,40,23,87
AT1G67785,1264,3586,1699,1263,1012,1231
AT1G67790,10,27,23,41,23,28
AT1G67792,20,66,56,110,67,75
AT1G67800,15,87,52,88,51,171
AT1G67810,273,350,126,237,184,488
AT1G67820,77,80,42,72,62,106
AT1G67830,72,45,38,52,32,38
AT1G67840,147,125,94,115,77,78
AT1G67850,45,14,59,156,25,134
AT1G67855,0,0,0,1,0,0
AT1G67856,0,0,2,4,0,2
AT1G67860,0,0,0,0,0,0
AT1G67865,0,0,0,0,0,1
AT1G67870,32,426,239,21,96,180
AT1G67880,105,154,77,101,99,175
AT1G67890,46,115,65,113,97,121
AT1G67900,72,75,52,66,78,101
AT1G67910,24,107,62,6,7,25
AT1G67920,39,110,87,20,23,195
AT1G67930,271,148,122,211,202,233
AT1G67940,134,354,147,149,121,231
AT1G67950,236,273,198,219,154,156
AT1G67960,98,108,60,72,67,75
AT1G67970,23,30,28,48,54,31
AT1G67980,0,6,3,3,1,19
AT1G67990,0,0,0,0,0,0
AT1G68000,679,1695,907,742,498,764
AT1G68010,0,6,2,0,0,3
AT1G68020,144,163,62,156,128,251
AT1G68030,34,13,16,17,16,46
AT1G68040,0,0,0,0,0,0
AT1G68050,82,11,22,144,99,164
AT1G68060,424,699,296,542,455,489
AT1G68070,328,483,279,358,230,362
AT1G68080,74,97,63,76,80,30
AT1G68090,0,1,0,1,0,0
AT1G68100,226,368,226,330,201,334
AT1G68110,47,12,20,17,13,9
AT1G68120,55,39,19,46,22,54
AT1G68130,508,280,231,249,262,320
AT1G68140,1029,995,475,821,622,769
AT1G68150,250,303,197,395,304,397
AT1G68160,104,157,80,60,100,168
AT1G68170,2,0,1,0,0,0
AT1G68180,0,0,6,20,0,0
AT1G68185,59,124,48,83,64,66
AT1G68190,0,0,1,0,0,0
AT1G68200,0,30,25,0,3,2
AT1G68210,0,0,0,0,0,0
AT1G68220,371,545,435,300,264,250
AT1G68230,205,255,152,238,185,157
AT1G68238,97,199,155,41,62,19
AT1G68240,12,23,17,3,11,4
AT1G68250,0,0,0,0,0,0
AT1G68260,110,165,143,101,81,74
AT1G68270,0,0,0,0,0,0
AT1G68280,0,0,0,0,0,0
AT1G68290,5,13,8,8,11,5
AT1G68300,401,935,522,341,249,601
AT1G68310,408,915,430,419,263,342
AT1G68320,0,0,0,0,0,0
AT1G68325,0,0,0,0,0,0
AT1G68330,54,119,42,94,66,69
AT1G68340,30,49,26,35,9,33
AT1G68350,44,8,21,4,16,14
AT1G68360,4,16,14,10,8,17
AT1G68370,291,395,194,272,183,258
AT1G68380,0,0,0,0,0,0
AT1G68390,38,28,22,14,9,35
AT1G68400,83,73,56,143,76,61
AT1G68410,160,178,109,206,206,249
AT1G68420,0,0,0,0,0,0
AT1G68430,95,136,76,60,52,80
AT1G68440,258,563,449,191,147,434
AT1G68450,0,71,65,20,4,54
AT1G68460,10,8,0,4,2,10
AT1G68470,4,13,7,22,4,2
AT1G68480,0,0,0,0,0,0
AT1G68490,601,969,544,499,432,616
AT1G68500,19,27,20,18,17,71
AT1G68510,0,1,0,0,0,0
AT1G68520,0,0,0,0,0,0
AT1G68526,0,0,0,0,0,0
AT1G68530,0,0,5,0,0,0
AT1G68540,15,63,35,4,5,11
AT1G68550,124,357,136,206,160,155
AT1G68560,739,1290,468,890,622,765
AT1G68568,0,0,0,0,0,0
AT1G68570,0,0,0,0,0,0
AT1G68580,331,317,107,319,258,297
AT1G68585,6,28,14,2,3,9
AT1G68590,24,50,16,18,16,11
AT1G68600,3,2,1,0,3,0
AT1G68610,0,0,0,0,0,0
AT1G68620,23,37,25,20,15,72
AT1G68630,13,23,16,8,8,9
AT1G68640,72,80,43,47,24,53
AT1G68650,36,307,206,129,79,65
AT1G68660,270,474,282,182,111,212
AT1G68670,347,405,288,304,251,357
AT1G68680,373,1123,588,363,310,455
AT1G68690,20,33,31,55,70,78
AT1G68700,3,11,1,3,4,4
AT1G68710,89,222,119,57,97,195
AT1G68720,148,327,169,271,169,263
AT1G68723,6,22,8,2,0,6
AT1G68725,2,22,17,7,6,15
AT1G68730,56,102,31,55,39,46
AT1G68740,0,38,23,10,22,23
AT1G68750,0,1,0,0,0,4
AT1G68760,247,290,203,205,159,214
AT1G68765,0,0,0,0,1,0
AT1G68770,0,0,0,0,0,0
AT1G68780,0,0,0,0,0,0
AT1G68790,740,877,430,734,524,656
AT1G68795,22,78,45,20,19,67
AT1G68800,0,0,0,0,1,2
AT1G68810,387,596,356,314,429,243
AT1G68820,203,245,201,185,145,274
AT1G68825,457,589,239,284,234,218
AT1G68830,20,50,43,18,21,38
AT1G68840,613,292,253,337,221,439
AT1G68845,0,0,0,0,0,0
AT1G68850,0,1,1,5,0,6
AT1G68860,0,0,0,0,0,0
AT1G68862,47,38,9,28,38,48
AT1G68870,8,18,6,14,14,11
AT1G68872,77,135,67,57,84,78
AT1G68875,0,2,0,0,0,0
AT1G68877,0,1,0,0,0,0
AT1G68880,33,256,134,59,28,32
AT1G68890,1,8,3,8,1,1
AT1G68905,0,0,0,0,0,0
AT1G68907,0,0,0,0,0,0
AT1G68910,94,125,92,75,77,107
AT1G68920,111,187,130,196,98,191
AT1G68930,9,15,18,32,28,10
AT1G68935,0,0,0,0,0,2
AT1G68937,0,0,0,0,0,0
AT1G68940,13,32,24,14,27,58
AT1G68945,447,637,430,195,209,296
AT1G68950,0,0,0,0,0,0
AT1G68960,0,0,0,0,0,0
AT1G68970,0,0,0,0,0,0
AT1G68980,57,52,43,30,36,59
AT1G68990,297,399,135,355,229,266
AT1G69000,0,0,0,0,0,0
AT1G69010,267,394,168,239,125,205
AT1G69020,27,38,9,25,39,14
AT1G69030,161,383,228,296,198,247
AT1G69040,891,1268,482,1060,626,738
AT1G69050,44,228,99,73,39,76
AT1G69060,82,88,50,125,86,104
AT1G69070,296,363,162,381,234,329
AT1G69080,224,155,102,119,142,90
AT1G69085,2,1,0,0,3,0
AT1G69090,0,0,0,0,0,0
AT1G69100,0,0,0,0,0,0
AT1G69120,0,0,0,0,0,0
AT1G69130,0,0,0,0,0,0
AT1G69150,6,17,4,3,0,12
AT1G69160,0,0,21,6,2,1
AT1G69170,62,71,36,50,39,60
AT1G69180,0,0,0,0,0,0
AT1G69190,0,0,0,0,0,0
AT1G69200,33,36,33,28,25,46
AT1G69210,40,213,75,89,70,86
AT1G69220,452,319,201,265,233,293
AT1G69230,0,1,0,0,0,0
AT1G69240,10,21,16,27,28,63
AT1G69250,224,291,168,298,157,247
AT1G69252,321,903,472,188,200,461
AT1G69260,70,108,76,71,85,158
AT1G69270,190,192,93,204,131,151
AT1G69280,28,36,23,26,14,32
AT1G69290,32,55,14,34,21,24
AT1G69295,691,601,662,592,538,553
AT1G69300,0,0,0,0,0,0
AT1G69310,18,29,30,3,0,20
AT1G69320,0,0,0,0,0,0
AT1G69325,63,71,60,50,50,50
AT1G69330,300,409,165,251,226,224
AT1G69340,288,327,173,284,270,269
AT1G69350,8,7,4,14,0,13
AT1G69360,138,182,123,120,84,171
AT1G69370,66,186,138,81,79,88
AT1G69380,146,157,92,90,93,84
AT1G69390,273,333,217,202,134,231
AT1G69400,79,108,27,60,46,98
AT1G69410,1910,2948,1995,1502,1453,2974
AT1G69420,301,365,185,240,239,217
AT1G69430,0,6,8,6,4,27
AT1G69440,14,11,8,18,8,14
AT1G69450,210,269,176,217,173,398
AT1G69460,709,1817,981,923,639,962
AT1G69470,0,0,0,0,0,0
AT1G69480,0,0,0,0,0,0
AT1G69485,29,21,19,29,20,32
AT1G69490,81,54,11,338,169,299
AT1G69500,0,0,0,0,0,0
AT1G69510,3241,4170,2730,2738,2339,3030
AT1G69520,112,116,76,162,88,173
AT1G69523,13,15,11,18,18,21
AT1G69526,3004,1586,1163,2985,2121,2463
AT1G69530,269,542,187,318,196,265
AT1G69540,0,5,3,4,0,0
AT1G69550,18,65,24,25,1,48
AT1G69560,0,0,0,0,0,0
AT1G69570,71,106,67,45,47,78
AT1G69572,54,96,74,53,47,45
AT1G69580,116,153,113,68,109,101
AT1G69587,134,162,116,108,98,118
AT1G69588,29,23,27,31,21,17
AT1G69600,1607,1199,1104,930,774,1220
AT1G69610,6,14,7,1,24,5
AT1G69620,6079,13242,7130,5994,4659,5899
AT1G69630,0,11,8,22,1,0
AT1G69640,351,577,368,389,255,458
AT1G69650,0,0,0,0,0,0
AT1G69660,0,0,0,0,0,0
AT1G69670,63,89,28,39,36,63
AT1G69680,158,171,141,117,80,162
AT1G69690,40,56,56,58,64,36
AT1G69700,1586,2035,1124,1170,845,1080
AT1G69710,1,9,0,4,13,7
AT1G69720,0,0,0,0,0,0
AT1G69730,0,0,0,0,0,0
AT1G69740,279,373,194,353,196,257
AT1G69750,388,666,245,339,285,395
AT1G69760,709,1720,832,842,777,905
AT1G69770,136,301,110,176,159,179
AT1G69780,176,334,255,374,373,243
AT1G69790,14,19,28,15,24,98
AT1G69792,0,0,0,0,0,0
AT1G69795,0,0,0,0,0,0
AT1G69797,0,0,0,0,0,0
AT1G69800,69,98,39,64,31,90
AT1G69810,100,179,147,137,145,206
AT1G69818,0,0,0,0,0,0
AT1G69820,0,0,0,0,0,0
AT1G69825,0,0,0,0,0,0
AT1G69828,0,0,0,0,0,0
AT1G69830,20,74,49,71,58,110
AT1G69840,103,148,83,177,98,171
AT1G69850,353,343,286,480,537,716
AT1G69860,0,0,0,0,0,0
AT1G69870,0,0,0,0,0,0
AT1G69880,0,0,0,0,0,5
AT1G69890,35,22,42,41,34,194
AT1G69900,1,15,12,8,14,30
AT1G69910,145,77,36,124,79,102
AT1G69920,11,9,1,17,12,22
AT1G69930,59,10,15,82,55,137
AT1G69935,24,35,21,30,19,28
AT1G69940,0,0,0,0,0,0
AT1G69960,259,488,335,341,282,384
AT1G69970,45,75,38,14,45,23
AT1G69980,282,594,322,238,273,356
AT1G69990,0,0,0,0,0,1
AT1G70000,86,127,80,93,58,119
AT1G70020,0,0,0,0,0,0
AT1G70030,0,0,0,0,0,0
AT1G70040,0,0,0,0,0,0
AT1G70050,0,0,0,0,0,0
AT1G70060,174,220,112,147,102,238
AT1G70070,12,33,16,40,16,9
AT1G70080,10,7,1,19,3,14
AT1G70090,112,81,87,229,162,172
AT1G70100,40,32,16,104,29,88
AT1G70110,0,0,0,1,0,0
AT1G70120,0,0,0,0,0,0
AT1G70130,0,0,0,0,0,0
AT1G70140,41,25,18,39,29,54
AT1G70150,174,313,117,182,142,134
AT1G70160,432,395,330,479,358,685
AT1G70170,0,41,21,3,2,37
AT1G70175,0,11,2,1,0,6
AT1G70180,321,175,238,274,217,274
AT1G70185,2,18,7,3,7,4
AT1G70190,588,900,550,574,399,494
AT1G70200,44,99,41,101,51,87
AT1G70209,0,0,0,0,0,0
AT1G70210,131,298,156,154,113,241
AT1G70220,0,0,0,0,0,0
AT1G70230,91,63,82,110,74,123
AT1G70250,12,35,22,11,18,24
AT1G70260,10,60,27,26,0,0
AT1G70270,0,3,4,0,2,0
AT1G70280,509,334,204,410,261,250
AT1G70290,566,360,311,476,375,802
AT1G70300,367,442,342,386,270,657
AT1G70310,2009,2659,1170,2006,1513,1639
AT1G70320,270,391,291,359,275,520
AT1G70330,370,601,331,506,272,404
AT1G70335,13,25,25,32,18,28
AT1G70340,201,325,174,216,140,278
AT1G70350,561,1039,539,361,346,425
AT1G70360,31,66,40,28,29,18
AT1G70370,175,334,141,276,161,175
AT1G70380,0,0,0,0,0,0
AT1G70390,0,0,0,3,0,0
AT1G70400,0,0,1,1,0,0
AT1G70410,957,1364,1063,1155,957,1132
AT1G70420,62,84,76,23,11,272
AT1G70430,12,18,6,18,16,7
AT1G70440,0,6,4,5,0,0
AT1G70450,0,9,6,2,6,1
AT1G70460,3,46,18,9,34,48
AT1G70470,28,29,24,7,3,24
AT1G70475,8,2,7,2,2,5
AT1G70480,162,253,163,146,138,199
AT1G70490,3384,6807,4501,3295,2602,3334
AT1G70500,10,20,11,68,60,30
AT1G70505,33,49,21,13,17,24
AT1G70510,8,47,13,14,20,14
AT1G70518,40,61,38,28,33,52
AT1G70520,36,68,42,37,43,78
AT1G70530,171,172,127,204,179,328
AT1G70540,0,0,0,0,0,0
AT1G70550,158,158,139,158,167,116
AT1G70560,134,118,110,149,99,154
AT1G70570,159,135,94,240,199,248
AT1G70580,152,285,135,98,68,96
AT1G70581,5,12,7,5,13,8
AT1G70590,191,250,151,156,101,153
AT1G70600,11815,18448,13503,12660,9516,11932
AT1G70610,41,57,52,32,25,39
AT1G70620,454,260,215,283,327,408
AT1G70630,29,34,19,34,43,40
AT1G70640,9,17,5,0,2,2
AT1G70645,0,0,0,0,0,0
AT1G70650,30,39,10,16,14,23
AT1G70660,599,1122,720,475,318,757
AT1G70670,146,269,253,206,164,249
AT1G70680,15,17,12,26,12,8
AT1G70690,57,166,150,31,27,131
AT1G70700,22,53,37,8,5,25
AT1G70710,1134,841,777,1204,634,1197
AT1G70720,0,1,2,0,0,0
AT1G70730,137,278,129,330,165,266
AT1G70740,83,74,43,67,80,66
AT1G70750,52,66,54,30,55,48
AT1G70760,4,12,4,4,0,6
AT1G70770,1157,1318,532,1498,920,1207
AT1G70780,1184,2189,1423,1821,1699,1591
AT1G70790,68,190,86,93,68,88
AT1G70800,0,32,21,3,7,23
AT1G70810,33,72,74,23,44,204
AT1G70820,0,0,0,0,0,0
AT1G70830,0,11,0,2,0,0
AT1G70840,0,0,0,0,0,0
AT1G70850,84,304,402,77,41,257
AT1G70860,0,36,31,3,1,20
AT1G70870,0,0,0,0,0,0
AT1G70880,0,52,52,0,0,32
AT1G70890,1,65,19,1,0,16
AT1G70895,59,40,62,60,74,100
AT1G70900,211,433,200,134,117,177
AT1G70910,2,1,1,0,1,0
AT1G70920,6,9,12,3,3,11
AT1G70940,379,436,312,384,335,311
AT1G70944,0,0,0,0,0,0
AT1G70949,0,0,0,0,0,0
AT1G70950,100,229,64,115,110,149
AT1G70960,0,0,0,0,0,0
AT1G70970,0,0,0,0,0,0
AT1G70980,124,225,123,105,83,77
AT1G70985,3,12,18,0,3,5
AT1G70990,86,160,140,75,55,90
AT1G71000,0,0,0,0,0,0
AT1G71002,2,0,0,0,0,1
AT1G71010,545,1027,558,522,492,662
AT1G71015,38,67,37,27,33,18
AT1G71020,331,342,138,321,228,331
AT1G71030,22,23,61,19,19,62
AT1G71040,198,157,89,207,192,190
AT1G71050,2,15,7,4,1,11
AT1G71060,23,86,26,37,26,30
AT1G71070,434,645,354,594,453,350
AT1G71080,263,304,186,314,255,391
AT1G71090,203,243,109,236,173,252
AT1G71100,110,175,102,134,111,96
AT1G71110,119,163,83,133,88,111
AT1G71120,0,0,1,4,0,0
AT1G71130,167,221,108,116,91,101
AT1G71140,0,1,0,29,19,39
AT1G71150,0,0,0,0,0,0
AT1G71160,0,0,0,0,0,0
AT1G71170,140,184,98,180,126,234
AT1G71180,107,137,118,135,78,149
AT1G71190,302,448,294,313,210,377
AT1G71200,254,133,89,166,94,161
AT1G71210,98,107,63,162,136,140
AT1G71220,190,371,192,290,289,328
AT1G71230,186,220,103,112,77,107
AT1G71235,0,0,0,0,0,0
AT1G71240,94,74,17,58,45,44
AT1G71250,1,0,0,2,1,4
AT1G71260,528,984,526,494,376,550
AT1G71270,364,427,186,419,295,381
AT1G71280,1,3,1,2,0,0
AT1G71290,0,0,0,0,0,0
AT1G71300,2,1,0,0,1,8
AT1G71310,91,170,79,75,45,100
AT1G71320,0,0,0,0,0,0
AT1G71330,6,10,0,10,10,10
AT1G71340,316,789,487,293,279,455
AT1G71350,317,239,152,280,168,305
AT1G71360,35,45,20,48,77,55
AT1G71370,0,0,0,0,0,0
AT1G71380,20,49,36,15,2,29
AT1G71390,0,9,0,1,0,0
AT1G71400,151,162,121,265,181,114
AT1G71410,344,240,172,243,216,252
AT1G71420,6,12,16,18,23,12
AT1G71430,148,340,168,183,139,146
AT1G71440,136,181,99,173,116,107
AT1G71450,1,0,0,0,0,2
AT1G71460,11,13,25,40,40,43
AT1G71470,0,0,0,0,0,0
AT1G71480,8,16,3,6,11,10
AT1G71490,9,6,1,15,0,18
AT1G71500,97,60,51,28,28,46
AT1G71520,63,51,35,34,20,47
AT1G71528,88,60,64,67,94,94
AT1G71530,90,83,50,51,85,94
AT1G71680,0,0,0,0,0,0
AT1G71690,0,0,3,0,0,1
AT1G71691,1,0,0,0,0,0
AT1G71692,137,495,381,137,249,173
AT1G71695,167,472,241,303,294,312
AT1G71696,136,151,113,157,150,205
AT1G71697,149,199,215,197,115,359
AT1G71700,0,0,0,0,0,0
AT1G71710,49,32,13,75,86,117
AT1G71720,35,51,29,39,31,52
AT1G71730,465,764,424,449,362,424
AT1G71740,187,378,214,284,164,180
AT1G71750,54,157,70,59,43,67
AT1G71760,20,41,13,3,9,14
AT1G71770,0,1,0,0,0,0
AT1G71780,478,716,560,541,401,561
AT1G71790,530,308,249,405,254,401
AT1G71800,150,165,103,259,173,167
AT1G71810,35,37,18,18,17,7
AT1G71820,233,353,203,324,246,365
AT1G71828,0,0,0,0,0,0
AT1G71830,258,215,127,293,178,168
AT1G71840,490,467,292,553,331,419
AT1G71850,71,75,70,115,93,58
AT1G71860,544,740,582,601,433,689
AT1G71865,206,340,181,161,124,158
AT1G71866,14,22,16,18,11,11
AT1G71870,28,62,77,5,15,3
AT1G71880,489,1034,1208,536,441,305
AT1G71890,0,0,0,0,0,0
AT1G71900,204,413,184,235,162,170
AT1G71910,7,20,7,4,13,17
AT1G71920,11,0,11,8,5,13
AT1G71930,39,46,35,26,64,24
AT1G71940,143,249,201,237,211,222
AT1G71950,510,1389,702,432,310,539
AT1G71960,65,125,106,66,72,173
AT1G71970,57,89,70,68,64,112
AT1G71980,284,598,398,239,314,416
AT1G71990,111,71,58,80,70,57
AT1G72000,0,0,0,0,0,0
AT1G72010,157,129,112,135,96,173
AT1G72020,2660,7971,3776,2601,1957,2826
AT1G72030,3,7,1,6,2,6
AT1G72040,636,375,241,655,376,448
AT1G72050,450,486,192,347,369,312
AT1G72060,90,21,46,85,108,483
AT1G72070,149,47,54,128,116,395
AT1G72080,0,0,0,0,0,0
AT1G72090,413,195,164,381,262,336
AT1G72100,2,0,0,5,2,3
AT1G72110,0,0,0,0,0,0
AT1G72120,20,19,21,11,19,71
AT1G72125,21,65,31,46,29,68
AT1G72130,145,155,72,73,57,153
AT1G72140,0,2,2,0,2,0
AT1G72141,0,0,0,0,0,0
AT1G72150,1532,1625,1481,1980,1644,2374
AT1G72160,328,603,375,362,328,367
AT1G72170,489,1396,689,427,325,461
AT1G72175,272,364,212,243,161,324
AT1G72180,29,66,57,42,39,41
AT1G72190,24,105,48,62,42,66
AT1G72200,139,367,322,138,154,522
AT1G72210,233,176,84,157,138,205
AT1G72220,20,25,37,8,6,31
AT1G72230,248,724,394,116,111,138
AT1G72240,28,58,44,8,33,46
AT1G72250,33,98,50,91,53,94
AT1G72260,0,0,0,1,0,1
AT1G72270,0,1,0,0,0,0
AT1G72275,8,23,26,53,29,47
AT1G72280,11,50,10,22,19,25
AT1G72290,0,0,1,0,0,0
AT1G72300,89,149,120,71,101,125
AT1G72310,309,380,272,308,195,264
AT1G72320,330,214,178,331,218,244
AT1G72330,76,75,38,134,82,125
AT1G72340,212,297,137,222,154,183
AT1G72350,0,0,0,0,0,0
AT1G72360,72,94,66,39,21,29
AT1G72370,17821,17308,12688,17220,11506,14505
AT1G72390,85,80,60,102,96,117
AT1G72410,505,345,185,276,264,243
AT1G72416,90,135,130,167,138,119
AT1G72420,65,234,123,111,84,97
AT1G72430,263,196,171,168,190,231
AT1G72440,198,240,123,209,173,277
AT1G72450,34,42,17,16,27,61
AT1G72460,0,0,0,0,0,0
AT1G72470,122,169,70,238,190,167
AT1G72480,404,468,232,509,239,345
AT1G72490,381,346,169,400,179,298
AT1G72500,41,50,44,20,35,53
AT1G72510,339,1076,711,224,210,831
AT1G72520,19,3,1,3,4,40
AT1G72530,23,80,35,33,26,51
AT1G72540,5,11,2,2,2,5
AT1G72545,0,0,1,0,0,0
AT1G72550,605,655,338,603,423,561
AT1G72560,118,106,88,67,62,84
AT1G72570,0,0,0,0,0,0
AT1G72580,0,0,0,0,0,0
AT1G72590,0,0,0,1,0,1
AT1G72600,25,73,23,50,15,25
AT1G72610,18,49,16,4,7,13
AT1G72620,0,1,0,8,0,0
AT1G72630,268,560,329,228,215,269
AT1G72640,19,20,19,21,14,15
AT1G72645,3,0,0,0,0,0
AT1G72650,208,166,125,162,189,167
AT1G72660,6,13,8,10,2,5
AT1G72670,93,90,85,69,63,60
AT1G72680,916,806,431,1365,707,898
AT1G72690,67,176,96,51,44,74
AT1G72700,106,252,119,108,125,329
AT1G72710,567,650,400,624,529,695
AT1G72720,3,12,23,11,1,9
AT1G72730,469,502,350,796,387,520
AT1G72740,157,182,147,175,138,204
AT1G72750,937,1553,901,1031,849,982
AT1G72755,0,0,0,0,0,0
AT1G72760,0,1,4,3,1,2
AT1G72770,156,277,142,196,153,311
AT1G72780,0,0,0,0,0,0
AT1G72790,267,106,108,289,205,271
AT1G72800,99,125,93,121,110,114
AT1G72810,152,144,103,151,103,102
AT1G72820,463,791,343,442,295,431
AT1G72830,70,184,115,108,105,90
AT1G72840,266,232,69,243,203,229
AT1G72850,572,376,227,520,422,470
AT1G72852,366,326,163,412,291,369
AT1G72855,37,89,62,66,46,91
AT1G72860,23,69,57,73,53,55
AT1G72870,26,35,34,17,16,41
AT1G72880,156,170,119,231,173,169
AT1G72890,31,40,19,24,31,64
AT1G72900,206,19,34,156,160,671
AT1G72910,0,0,0,15,1,10
AT1G72920,141,25,12,51,35,159
AT1G72930,33,34,17,201,125,238
AT1G72940,139,52,13,68,62,159
AT1G72950,22,9,15,9,4,28
AT1G72960,0,2,0,2,0,0
AT1G72970,6,42,33,28,15,14
AT1G72980,0,0,1,0,0,0
AT1G72990,87,121,60,80,61,106
AT1G73000,0,2,0,0,3,0
AT1G73010,8,25,8,2,16,5
AT1G73020,28,48,11,32,22,42
AT1G73030,628,1344,725,777,517,953
AT1G73040,2,6,2,6,4,8
AT1G73050,0,0,0,7,0,0
AT1G73060,185,196,140,146,153,145
AT1G73065,0,0,1,0,0,0
AT1G73066,10,8,8,5,10,15
AT1G73080,103,93,47,69,156,131
AT1G73090,35,30,18,53,17,31
AT1G73100,147,163,73,116,113,186
AT1G73110,5,5,5,1,4,8
AT1G73120,0,82,227,0,0,15
AT1G73130,41,57,13,30,27,29
AT1G73140,5,15,5,8,4,5
AT1G73150,127,93,67,115,57,86
AT1G73160,83,56,38,111,61,56
AT1G73165,306,232,247,40,35,793
AT1G73170,92,100,74,102,116,127
AT1G73177,53,260,106,66,36,87
AT1G73180,533,424,319,517,420,461
AT1G73190,3,1,1,3,1,0
AT1G73200,71,107,62,135,70,99
AT1G73210,44,66,44,36,30,54
AT1G73220,8,126,48,3,1,7
AT1G73230,3547,5376,3709,2909,2098,2869
AT1G73240,113,100,79,150,90,123
AT1G73250,221,296,214,252,147,196
AT1G73260,205,367,480,736,400,3875
AT1G73270,47,59,42,68,60,92
AT1G73280,31,22,41,48,36,78
AT1G73290,0,3,2,0,0,9
AT1G73300,18,55,56,33,31,151
AT1G73310,39,53,38,29,16,63
AT1G73320,26,59,62,63,58,52
AT1G73325,0,0,0,0,0,0
AT1G73330,2,317,269,0,6,8
AT1G73340,80,40,40,293,77,172
AT1G73350,156,286,148,209,160,160
AT1G73360,0,8,7,11,21,19
AT1G73370,35,35,16,44,33,7
AT1G73380,199,321,144,177,167,154
AT1G73390,96,197,108,55,61,157
AT1G73400,3,22,19,15,26,24
AT1G73410,3,33,17,11,6,11
AT1G73430,169,214,130,281,206,212
AT1G73440,138,187,94,109,90,127
AT1G73450,39,128,38,55,60,114
AT1G73460,103,173,47,138,104,164
AT1G73470,64,66,64,86,58,83
AT1G73480,102,70,23,66,80,173
AT1G73490,1048,1214,776,968,663,820
AT1G73500,179,78,104,146,82,563
AT1G73510,0,0,0,4,0,1
AT1G73530,162,186,74,80,51,73
AT1G73540,826,177,115,176,103,1938
AT1G73550,6,7,7,1,3,6
AT1G73560,0,5,2,0,0,0
AT1G73570,25,11,11,34,25,0
AT1G73580,7,77,30,8,49,27
AT1G73590,651,356,292,530,326,457
AT1G73600,20,9,11,16,16,6
AT1G73603,0,0,0,0,0,0
AT1G73607,0,0,0,0,0,0
AT1G73610,0,1,2,2,0,0
AT1G73620,1061,2232,1235,1167,720,1210
AT1G73630,30,56,18,14,14,27
AT1G73640,42,86,66,25,35,24
AT1G73650,163,174,110,75,75,94
AT1G73655,110,157,107,139,74,140
AT1G73660,93,149,81,57,54,86
AT1G73670,107,112,95,147,122,166
AT1G73680,0,9,8,11,25,9
AT1G73687,0,0,0,0,0,0
AT1G73690,39,64,36,28,37,18
AT1G73700,0,0,0,0,0,0
AT1G73710,11,33,17,37,31,26
AT1G73720,671,458,366,540,384,557
AT1G73730,143,96,28,61,43,79
AT1G73740,76,67,71,95,69,92
AT1G73750,38,13,13,20,45,27
AT1G73760,127,156,104,143,88,123
AT1G73770,41,87,39,50,37,51
AT1G73780,12,88,37,5,0,3
AT1G73790,141,371,202,104,116,119
AT1G73805,118,296,149,102,97,147
AT1G73810,0,4,1,0,0,0
AT1G73820,270,480,212,258,155,309
AT1G73830,0,0,0,0,0,1
AT1G73840,481,213,327,450,341,437
AT1G73850,133,99,92,82,86,101
AT1G73860,17,65,49,26,23,36
AT1G73870,0,3,0,0,0,0
AT1G73875,142,142,58,158,118,103
AT1G73880,55,80,78,60,61,131
AT1G73885,42,89,50,62,38,59
AT1G73890,0,2,0,0,0,1
AT1G73900,0,0,0,0,0,0
AT1G73910,10,20,13,25,9,12
AT1G73920,249,343,185,182,155,318
AT1G73930,198,179,145,186,179,180
AT1G73940,1332,2457,1148,1234,990,999
AT1G73950,102,172,117,75,81,140
AT1G73960,91,112,56,84,75,130
AT1G73965,55,41,40,79,46,118
AT1G73970,97,99,75,93,62,104
AT1G73980,158,200,99,150,120,200
AT1G73990,124,162,68,123,97,132
AT1G74000,0,12,7,27,0,0
AT1G74010,3,15,19,31,8,34
AT1G74020,276,427,428,346,240,475
AT1G74030,492,907,476,773,411,523
AT1G74035,5,2,0,0,0,0
AT1G74040,145,87,67,115,102,161
AT1G74045,0,0,0,0,0,0
AT1G74050,3868,4785,3027,3702,2703,3690
AT1G74055,15,41,67,14,42,20
AT1G74060,3690,4693,3211,3605,2443,3222
AT1G74070,14,29,17,17,15,8
AT1G74080,6,12,9,2,3,18
AT1G74088,70,125,41,68,47,25
AT1G74090,209,282,251,259,264,286
AT1G74100,352,616,433,522,351,592
AT1G74110,0,0,0,0,0,0
AT1G74120,57,99,47,45,29,50
AT1G74130,0,0,0,0,0,0
AT1G74140,0,0,0,0,0,2
AT1G74150,25,42,11,38,18,28
AT1G74160,287,481,211,395,270,335
AT1G74170,17,48,9,18,18,56
AT1G74180,37,15,14,11,28,13
AT1G74190,0,0,0,0,0,0
AT1G74200,1,23,16,17,11,12
AT1G74205,0,0,1,2,0,0
AT1G74210,275,501,264,534,235,402
AT1G74220,0,0,0,5,0,0
AT1G74230,694,670,540,896,501,830
AT1G74240,103,93,56,70,38,96
AT1G74250,482,423,314,496,493,531
AT1G74260,303,281,166,279,239,268
AT1G74270,2794,6348,3067,2435,1998,2818
AT1G74280,157,135,142,128,106,212
AT1G74290,0,0,0,0,0,1
AT1G74300,49,48,34,51,34,68
AT1G74310,37,22,24,33,34,37
AT1G74320,152,192,94,143,108,136
AT1G74330,67,52,33,53,53,58
AT1G74340,393,1243,582,370,303,404
AT1G74350,18,26,2,5,7,1
AT1G74360,14,24,7,4,11,12
AT1G74370,102,197,102,71,82,94
AT1G74380,387,554,269,475,327,433
AT1G74385,13,35,15,23,15,25
AT1G74390,16,43,20,35,21,21
AT1G74400,5,10,8,12,5,11
AT1G74410,74,138,92,81,73,72
AT1G74420,4,37,7,7,2,9
AT1G74430,4,13,2,3,5,4
AT1G74440,47,88,69,93,70,98
AT1G74450,61,59,30,23,24,174
AT1G74453,4,3,3,3,2,3
AT1G74456,1,0,0,0,1,2
AT1G74458,571,2746,1302,407,484,729
AT1G74460,9,28,20,6,13,3
AT1G74470,89,84,35,44,14,20
AT1G74480,0,1,0,0,0,0
AT1G74490,18,111,60,62,54,41
AT1G74500,526,2613,887,595,447,452
AT1G74510,425,598,297,516,450,455
AT1G74520,176,274,160,149,110,156
AT1G74530,206,250,157,204,132,153
AT1G74540,6,7,4,13,1,9
AT1G74545,10,7,5,17,3,9
AT1G74550,22,72,35,49,29,38
AT1G74560,1571,3218,1528,1674,1144,1685
AT1G74570,0,0,0,0,0,0
AT1G74580,2,2,17,12,3,12
AT1G74590,37,34,45,44,59,89
AT1G74600,14,20,14,29,23,45
AT1G74610,0,0,0,0,0,0
AT1G74620,0,0,0,0,0,0
AT1G74630,2,0,2,1,2,0
AT1G74640,59,80,57,73,44,97
AT1G74650,5,16,3,11,1,9
AT1G74660,549,1162,815,357,299,486
AT1G74670,0,6,3,0,0,0
AT1G74675,0,0,1,0,0,0
AT1G74680,60,117,73,55,54,61
AT1G74690,1042,1468,743,1104,689,897
AT1G74700,56,99,73,58,34,63
AT1G74710,39,50,5,26,34,15
AT1G74720,211,112,98,154,134,117
AT1G74730,12,12,29,30,8,9
AT1G74740,184,134,89,133,89,158
AT1G74750,35,55,43,56,48,59
AT1G74770,95,126,51,28,22,117
AT1G74780,117,92,56,73,59,99
AT1G74790,263,136,86,353,228,457
AT1G74800,147,36,48,88,84,75
AT1G74810,0,3,0,1,0,0
AT1G74820,0,0,0,0,0,0
AT1G74830,16,51,16,41,20,23
AT1G74840,4831,8852,6386,4764,3228,5038
AT1G74850,23,27,11,24,13,23
AT1G74860,24,68,40,45,37,59
AT1G74870,0,11,3,0,1,1
AT1G74875,0,0,0,0,0,0
AT1G74880,4,7,6,0,3,1
AT1G74890,0,3,0,0,0,0
AT1G74900,41,48,45,40,32,29
AT1G74910,595,776,430,736,498,478
AT1G74920,1431,1111,572,1313,888,1018
AT1G74929,0,0,0,0,0,0
AT1G74930,170,10,9,20,2,596
AT1G74940,114,232,193,103,105,183
AT1G74950,135,198,151,139,95,275
AT1G74960,427,753,295,448,324,340
AT1G74970,250,272,230,212,119,169
AT1G74990,0,0,0,0,1,0
AT1G75000,1,26,14,2,5,36
AT1G75010,35,67,28,38,39,91
AT1G75020,131,249,121,93,72,120
AT1G75030,3,1,0,2,0,17
AT1G75040,0,0,0,0,0,0
AT1G75050,0,0,0,0,0,0
AT1G75060,37,28,25,19,23,16
AT1G75070,0,0,0,0,0,0
AT1G75080,335,276,256,364,313,230
AT1G75090,77,164,102,115,50,78
AT1G75100,3,11,8,1,4,16
AT1G75110,19,30,16,28,21,24
AT1G75120,7,11,2,11,5,7
AT1G75125,7,16,6,25,9,11
AT1G75130,248,271,135,210,175,276
AT1G75140,218,191,113,251,156,150
AT1G75150,100,54,48,95,34,43
AT1G75160,0,5,1,0,2,0
AT1G75163,0,0,0,0,0,0
AT1G75166,2,6,3,0,0,0
AT1G75170,308,356,245,217,191,347
AT1G75180,480,519,214,467,330,454
AT1G75190,248,267,111,284,201,312
AT1G75200,99,213,110,208,96,177
AT1G75210,186,161,125,169,130,106
AT1G75220,335,458,302,586,352,592
AT1G75230,193,135,146,195,111,169
AT1G75240,4,5,0,0,0,0
AT1G75250,30,10,19,11,6,16
AT1G75260,7,6,4,6,11,0
AT1G75270,724,1341,738,1096,713,1052
AT1G75280,183,745,492,179,300,214
AT1G75290,6,24,10,10,7,8
AT1G75295,171,173,90,95,117,78
AT1G75300,38,33,38,21,27,15
AT1G75310,160,173,102,143,132,151
AT1G75330,717,586,480,735,547,642
AT1G75335,122,225,128,69,79,89
AT1G75340,213,200,162,209,151,201
AT1G75350,123,270,133,109,103,137
AT1G75360,0,1,0,1,0,2
AT1G75370,115,86,77,112,106,117
AT1G75380,363,724,506,340,274,703
AT1G75390,95,188,102,121,143,136
AT1G75400,383,453,242,426,310,347
AT1G75410,73,156,101,80,54,198
AT1G75420,155,196,109,115,100,132
AT1G75430,0,9,2,0,0,0
AT1G75440,147,521,344,170,153,336
AT1G75450,65,238,106,66,46,112
AT1G75460,0,0,0,0,0,2
AT1G75470,0,0,0,0,0,0
AT1G75490,13,1,4,17,13,27
AT1G75500,1154,2436,2145,901,889,633
AT1G75510,311,340,269,435,259,348
AT1G75520,0,0,0,0,0,4
AT1G75530,0,0,0,0,0,0
AT1G75540,1619,2758,1779,2053,1407,1793
AT1G75550,5,21,25,21,6,0
AT1G75560,912,1282,708,838,645,812
AT1G75570,0,0,0,0,0,0
AT1G75580,121,245,122,138,102,130
AT1G75590,77,71,55,72,96,128
AT1G75600,3,15,10,12,13,17
AT1G75620,2,18,9,4,5,0
AT1G75630,2369,4415,2597,1845,1524,2041
AT1G75640,33,23,28,60,36,39
AT1G75650,0,0,0,0,0,0
AT1G75660,715,406,320,627,576,701
AT1G75670,169,426,245,231,147,210
AT1G75680,756,1098,739,753,521,636
AT1G75690,35,21,20,6,8,12
AT1G75700,31,37,13,7,4,7
AT1G75710,297,270,186,368,226,310
AT1G75717,2,33,14,4,2,0
AT1G75720,18,42,10,10,4,21
AT1G75730,66,130,106,83,64,75
AT1G75740,0,0,0,0,0,0
AT1G75750,9569,6583,6212,7107,6262,8788
AT1G75760,321,559,333,377,279,346
AT1G75770,9,17,14,6,5,16
AT1G75780,340,939,462,625,373,470
AT1G75785,103,464,201,227,118,185
AT1G75790,0,0,1,0,0,0
AT1G75800,879,1472,1095,781,592,1261
AT1G75810,158,192,177,65,59,188
AT1G75820,32,73,72,40,66,34
AT1G75830,0,2,0,8,5,0
AT1G75840,650,911,526,507,507,616
AT1G75850,236,245,166,177,210,284
AT1G75860,237,264,156,189,152,259
AT1G75870,0,0,0,0,0,0
AT1G75880,0,0,0,0,0,0
AT1G75890,0,0,0,0,0,0
AT1G75891,0,0,0,0,0,0
AT1G75900,0,0,0,0,0,0
AT1G75910,0,0,0,0,0,0
AT1G75920,0,0,0,0,5,0
AT1G75930,0,0,0,0,0,0
AT1G75940,0,0,0,0,0,0
AT1G75945,2,830,0,0,0,2
AT1G75950,2967,5401,3547,3299,2256,3412
AT1G75960,35,17,3,47,6,17
AT1G75970,0,0,0,0,0,0
AT1G75980,213,511,217,171,214,208
AT1G75990,344,520,278,466,322,397
AT1G76000,0,0,0,0,0,0
AT1G76010,1420,791,696,1362,1189,1204
AT1G76020,52,85,90,42,57,70
AT1G76030,465,898,445,747,482,756
AT1G76040,69,109,91,109,107,168
AT1G76050,129,106,96,134,140,108
AT1G76060,146,223,141,148,111,148
AT1G76062,2,16,0,0,0,0
AT1G76065,73,111,56,57,61,65
AT1G76070,26,90,65,24,28,148
AT1G76080,28,16,20,11,3,4
AT1G76090,3093,4348,2043,3423,2161,2694
AT1G76100,5,5,4,3,2,4
AT1G76110,32,40,19,13,11,10
AT1G76120,102,193,77,116,63,130
AT1G76130,52,70,28,35,21,54
AT1G76135,0,0,0,0,1,0
AT1G76140,267,277,144,308,193,236
AT1G76150,419,462,369,454,353,554
AT1G76160,663,400,301,585,450,490
AT1G76170,163,72,48,68,55,60
AT1G76180,1617,3869,3060,2345,1664,5946
AT1G76185,125,237,120,82,77,152
AT1G76190,4,6,5,8,0,2
AT1G76200,2501,4820,2491,2349,1980,2559
AT1G76210,0,1,0,1,3,13
AT1G76220,4,11,18,18,25,32
AT1G76230,2,3,1,6,0,4
AT1G76240,146,241,267,332,323,456
AT1G76250,165,85,77,118,123,119
AT1G76260,225,225,264,290,237,233
AT1G76270,61,158,40,91,74,76
AT1G76280,111,156,55,118,70,89
AT1G76290,0,0,0,0,0,0
AT1G76300,580,754,357,517,390,513
AT1G76310,265,348,210,180,97,211
AT1G76320,116,119,73,76,64,49
AT1G76330,0,0,0,0,0,0
AT1G76340,270,414,255,386,262,255
AT1G76350,212,146,104,155,100,123
AT1G76360,11,15,15,2,11,10
AT1G76370,0,0,1,0,0,0
AT1G76380,207,221,128,198,86,169
AT1G76390,56,99,33,78,58,73
AT1G76400,485,438,400,792,559,641
AT1G76405,270,482,213,260,153,253
AT1G76410,589,698,697,1135,760,855
AT1G76420,0,0,0,1,0,0
AT1G76430,0,6,4,3,3,3
AT1G76440,246,426,178,145,103,172
AT1G76450,48,87,34,60,75,60
AT1G76460,268,408,205,193,256,256
AT1G76465,0,2,0,0,0,1
AT1G76470,0,52,15,72,22,36
AT1G76480,1,14,6,5,5,4
AT1G76490,1401,1052,944,1504,1381,1749
AT1G76500,356,240,321,290,237,276
AT1G76510,140,185,116,169,110,223
AT1G76520,1205,954,684,1997,1094,1329
AT1G76530,1,1,0,5,0,1
AT1G76540,507,500,405,525,307,488
AT1G76550,309,505,220,419,183,374
AT1G76560,171,318,270,141,120,317
AT1G76570,23,20,17,7,16,17
AT1G76580,26,61,29,40,41,75
AT1G76590,144,128,162,191,147,503
AT1G76600,745,234,325,440,168,1266
AT1G76610,0,0,0,0,0,1
AT1G76620,0,0,0,2,0,2
AT1G76630,146,88,49,74,47,124
AT1G76640,74,15,7,15,6,256
AT1G76650,24,36,20,29,20,272
AT1G76660,218,307,240,247,204,284
AT1G76670,1331,1847,1006,1139,1006,1130
AT1G76680,3187,2050,1634,3503,2153,2113
AT1G76690,571,572,437,739,537,592
AT1G76700,101,146,148,136,89,139
AT1G76705,0,13,4,3,1,5
AT1G76710,146,169,93,177,100,234
AT1G76720,99,64,35,72,63,62
AT1G76728,0,0,0,0,0,0
AT1G76730,22,38,18,20,19,15
AT1G76740,26,39,21,30,8,31
AT1G76750,0,0,0,0,1,1
AT1G76760,198,431,276,171,115,202
AT1G76770,10,8,1,1,13,3
AT1G76780,30,59,39,65,40,78
AT1G76790,642,558,310,987,482,987
AT1G76800,0,68,321,0,1,2
AT1G76810,1039,1082,829,1079,866,1367
AT1G76820,19,18,7,17,10,25
AT1G76830,0,0,0,0,0,0
AT1G76840,0,0,0,0,0,0
AT1G76850,144,176,95,189,180,289
AT1G76860,681,1209,891,579,483,694
AT1G76870,0,2,3,2,5,10
AT1G76878,263,308,200,209,184,176
AT1G76880,288,267,197,239,192,203
AT1G76890,137,194,110,160,116,141
AT1G76892,2,0,1,0,2,0
AT1G76900,383,560,438,326,276,321
AT1G76910,0,0,0,0,0,0
AT1G76920,336,475,298,350,287,418
AT1G76930,59,153,93,84,193,875
AT1G76940,210,228,231,212,172,284
AT1G76950,131,68,65,138,133,131
AT1G76952,0,14,6,1,0,0
AT1G76954,0,0,0,0,0,0
AT1G76955,0,0,0,0,0,0
AT1G76960,0,0,0,0,0,0
AT1G76965,0,0,0,0,0,0
AT1G76970,76,131,95,153,90,201
AT1G76980,134,150,87,126,166,326
AT1G76990,1291,3979,2410,763,766,1101
AT1G76994,0,0,0,0,0,0
AT1G77000,81,44,83,88,52,105
AT1G77010,5,3,2,4,5,1
AT1G77020,160,226,217,178,124,144
AT1G77030,192,100,74,177,156,138
AT1G77040,0,0,0,0,0,0
AT1G77060,169,85,73,111,81,70
AT1G77080,412,630,382,321,288,306
AT1G77090,3,7,4,4,3,1
AT1G77093,0,0,0,0,0,0
AT1G77100,0,0,0,0,0,0
AT1G77110,0,0,7,0,0,0
AT1G77120,26,20,8,44,25,160
AT1G77122,50,40,20,23,29,47
AT1G77130,256,351,204,245,281,445
AT1G77138,3,8,5,15,4,5
AT1G77140,212,165,97,207,158,208
AT1G77145,3,17,26,5,10,70
AT1G77150,0,0,0,0,0,0
AT1G77160,0,0,0,0,0,0
AT1G77170,32,39,13,33,28,51
AT1G77180,1023,644,450,961,650,941
AT1G77190,0,0,0,0,0,0
AT1G77200,15,9,12,41,22,18
AT1G77210,0,0,0,1,0,5
AT1G77220,305,289,105,219,128,242
AT1G77230,148,79,53,121,84,111
AT1G77235,1,4,3,1,0,2
AT1G77240,64,39,23,62,36,48
AT1G77250,84,252,94,125,85,159
AT1G77260,87,129,99,170,134,131
AT1G77270,1,15,10,1,3,7
AT1G77280,19,64,52,22,29,64
AT1G77290,151,138,82,103,74,121
AT1G77300,243,217,102,228,161,333
AT1G77310,22,37,39,57,36,69
AT1G77320,42,96,46,74,54,64
AT1G77330,2858,2989,1933,4774,3023,5565
AT1G77340,0,0,0,0,0,0
AT1G77350,811,1810,908,881,632,831
AT1G77360,39,46,19,72,32,32
AT1G77370,470,959,536,411,335,652
AT1G77380,284,131,204,403,265,417
AT1G77390,28,12,23,43,7,27
AT1G77400,42,42,34,21,14,34
AT1G77405,8,8,2,2,8,3
AT1G77410,22,38,6,16,9,16
AT1G77420,195,201,125,214,169,225
AT1G77440,752,1424,852,785,524,710
AT1G77450,899,539,430,675,594,1359
AT1G77460,64,41,28,54,25,59
AT1G77470,352,268,191,304,224,279
AT1G77480,101,109,96,81,51,102
AT1G77490,24,44,41,52,27,56
AT1G77500,49,72,33,95,64,124
AT1G77510,215,186,178,463,178,255
AT1G77520,0,0,0,0,0,0
AT1G77525,2,3,5,2,0,1
AT1G77530,32,13,21,74,41,69
AT1G77540,244,630,344,200,173,322
AT1G77550,260,164,101,264,197,180
AT1G77560,0,0,0,0,0,0
AT1G77570,12,38,15,12,7,15
AT1G77580,268,455,138,264,240,268
AT1G77590,361,204,130,284,207,240
AT1G77600,63,92,57,38,52,47
AT1G77610,476,648,446,694,440,551
AT1G77620,80,100,57,63,94,72
AT1G77630,157,143,117,121,96,77
AT1G77640,31,27,20,31,41,134
AT1G77650,0,0,0,0,0,0
AT1G77655,0,0,0,0,0,0
AT1G77660,168,268,140,117,121,225
AT1G77670,385,473,235,416,235,269
AT1G77680,114,134,69,104,138,180
AT1G77682,0,0,0,0,0,0
AT1G77690,2693,2246,1543,2838,2241,1388
AT1G77700,38,75,35,42,46,25
AT1G77710,1751,2868,1562,1080,966,1539
AT1G77720,112,97,71,129,89,95
AT1G77730,0,0,1,0,0,4
AT1G77740,141,171,49,114,94,158
AT1G77750,278,893,506,344,272,327
AT1G77760,23,140,59,99,32,210
AT1G77765,15,50,23,20,24,29
AT1G77770,445,548,432,637,411,521
AT1G77780,0,0,0,0,0,0
AT1G77790,0,0,1,0,0,0
AT1G77800,125,213,79,146,105,201
AT1G77810,93,118,87,139,89,112
AT1G77815,0,0,1,0,0,0
AT1G77830,0,0,0,0,0,0
AT1G77840,392,430,261,571,346,405
AT1G77850,16,77,74,50,40,56
AT1G77855,31,24,15,7,12,3
AT1G77860,3,0,0,1,0,1
AT1G77870,9,31,7,0,3,12
AT1G77880,47,65,25,1,13,29
AT1G77885,675,2970,2162,939,908,705
AT1G77890,49,52,49,98,86,50
AT1G77910,0,0,0,0,1,0
AT1G77920,200,254,168,331,192,445
AT1G77930,141,206,98,115,114,133
AT1G77932,8,3,1,8,0,4
AT1G77940,11367,24145,16062,9417,7612,9480
AT1G77950,22,1,3,5,20,18
AT1G77960,0,0,0,0,0,0
AT1G77980,0,0,0,0,0,0
AT1G77990,4,29,14,7,14,18
AT1G77992,1,4,2,2,1,2
AT1G78000,330,586,454,686,365,952
AT1G78010,74,60,44,36,51,41
AT1G78020,29,85,101,61,25,22
AT1G78030,0,3,0,1,0,0
AT1G78040,3431,8288,4223,3975,2731,3749
AT1G78050,70,139,99,76,83,89
AT1G78060,164,142,124,99,125,107
AT1G78070,6,34,21,4,4,96
AT1G78080,1959,1100,992,1684,1552,3527
AT1G78090,8,56,54,19,23,20
AT1G78100,479,531,404,334,372,255
AT1G78110,221,344,248,227,196,161
AT1G78120,94,94,123,57,109,58
AT1G78130,63,90,67,84,61,90
AT1G78140,44,71,60,42,42,40
AT1G78150,2026,1602,1415,1754,1215,1522
AT1G78160,0,0,0,0,0,0
AT1G78170,0,0,0,0,0,0
AT1G78172,8,16,13,10,8,21
AT1G78180,8,35,17,22,15,19
AT1G78190,55,179,74,51,53,39
AT1G78200,64,84,93,75,52,77
AT1G78206,0,2,1,0,0,1
AT1G78210,102,138,111,84,69,74
AT1G78220,0,0,0,0,0,0
AT1G78230,0,12,1,0,0,0
AT1G78240,161,199,154,324,248,265
AT1G78250,0,0,0,0,0,0
AT1G78260,185,288,260,196,177,217
AT1G78265,121,79,103,116,116,116
AT1G78270,121,75,68,108,117,90
AT1G78280,82,116,59,109,95,162
AT1G78290,285,150,209,246,163,578
AT1G78300,1915,3538,2361,3003,1957,1956
AT1G78310,80,110,59,119,80,129
AT1G78320,0,0,5,0,4,7
AT1G78340,924,1027,905,1401,878,1748
AT1G78360,15,14,17,62,40,51
AT1G78370,16,31,16,24,17,8
AT1G78380,20166,20688,13042,16492,9922,14595
AT1G78390,1,1,1,0,0,3
AT1G78400,0,0,0,0,0,0
AT1G78410,2,7,0,0,0,4
AT1G78420,205,275,154,275,162,327
AT1G78430,40,74,22,53,50,75
AT1G78440,0,0,0,0,0,0
AT1G78450,0,0,0,0,0,0
AT1G78460,7,11,8,1,0,2
AT1G78470,1,4,1,2,0,0
AT1G78476,12,11,8,7,4,10
AT1G78478,1,3,0,2,1,2
AT1G78480,21,35,15,7,5,12
AT1G78490,0,0,0,0,0,0
AT1G78500,2,0,0,3,0,5
AT1G78510,77,104,42,57,39,43
AT1G78520,169,411,183,97,86,119
AT1G78530,5,13,9,2,2,1
AT1G78540,27,61,19,25,35,32
AT1G78550,65,79,42,93,34,55
AT1G78560,462,636,324,468,331,444
AT1G78570,698,877,401,718,441,636
AT1G78580,104,172,81,72,47,17
AT1G78590,174,261,131,163,104,154
AT1G78600,110,132,80,171,94,175
AT1G78610,108,114,46,175,161,179
AT1G78620,296,303,189,274,232,246
AT1G78630,443,636,472,382,192,345
AT1G78635,0,4,0,0,0,0
AT1G78640,0,0,0,0,0,0
AT1G78650,107,175,83,134,70,93
AT1G78660,1160,1628,1281,1687,939,1797
AT1G78670,389,635,461,427,365,592
AT1G78680,227,423,292,232,194,491
AT1G78690,162,112,67,90,81,93
AT1G78700,507,384,376,550,381,399
AT1G78710,8,4,1,3,2,1
AT1G78720,8,6,0,12,0,1
AT1G78730,8,35,20,14,10,7
AT1G78740,0,0,0,0,0,0
AT1G78750,4,9,1,7,2,5
AT1G78760,0,0,0,0,0,0
AT1G78770,114,134,109,216,78,136
AT1G78780,5,8,6,7,6,11
AT1G78790,53,74,52,67,35,90
AT1G78800,129,204,116,163,138,180
AT1G78810,60,70,38,92,46,69
AT1G78815,0,1,0,0,2,0
AT1G78820,0,1,1,0,0,0
AT1G78830,111,114,66,109,58,202
AT1G78840,0,0,0,0,0,0
AT1G78850,886,1160,883,2407,1012,2046
AT1G78860,288,314,306,768,659,606
AT1G78865,10,55,9,15,15,35
AT1G78870,1092,1444,1190,1147,742,1120
AT1G78880,508,535,369,652,419,523
AT1G78890,504,1100,673,365,333,536
AT1G78895,186,393,183,138,83,216
AT1G78900,2169,2349,1213,2624,1584,2426
AT1G78910,120,59,45,70,74,88
AT1G78915,37,75,27,26,16,16
AT1G78920,477,357,232,533,323,495
AT1G78922,44,50,31,53,33,71
AT1G78930,11,17,12,5,25,25
AT1G78940,2,19,7,19,1,15
AT1G78950,6,16,6,11,5,9
AT1G78955,11,34,16,23,11,32
AT1G78960,28,55,27,17,23,24
AT1G78970,0,0,0,0,0,0
AT1G78980,0,0,0,0,0,0
AT1G78990,0,7,0,0,0,1
AT1G78995,0,0,0,0,0,0
AT1G79000,310,198,137,238,178,316
AT1G79010,1689,2897,1597,1614,1185,1534
AT1G79020,48,125,71,119,87,120
AT1G79030,146,210,64,99,143,132
AT1G79040,300,597,424,50,30,122
AT1G79050,140,115,66,94,115,136
AT1G79060,239,282,138,213,144,181
AT1G79070,239,265,171,167,145,159
AT1G79075,1356,4564,1847,708,727,845
AT1G79080,141,119,33,129,69,65
AT1G79090,144,164,110,192,153,179
AT1G79100,4,0,3,2,3,1
AT1G79103,9,1,9,1,4,0
AT1G79110,48,45,25,29,26,24
AT1G79120,4,63,23,23,16,7
AT1G79130,0,25,17,0,0,8
AT1G79150,430,582,312,438,294,415
AT1G79160,0,2,4,1,0,5
AT1G79170,0,0,0,0,0,0
AT1G79180,278,316,222,152,221,442
AT1G79190,80,75,55,76,73,60
AT1G79200,227,350,176,180,154,192
AT1G79210,549,1230,700,553,377,538
AT1G79220,90,50,27,35,44,45
AT1G79230,820,977,701,925,621,894
AT1G79240,0,0,0,0,0,0
AT1G79250,0,2,2,0,3,0
AT1G79260,249,544,266,223,167,275
AT1G79270,147,272,185,87,91,216
AT1G79280,379,498,251,448,367,574
AT1G79290,0,0,0,0,0,0
AT1G79300,0,0,0,0,0,0
AT1G79310,36,44,15,31,41,65
AT1G79320,0,16,8,27,7,19
AT1G79330,2,25,20,15,17,28
AT1G79340,999,1307,746,1157,924,1272
AT1G79350,80,137,64,87,70,125
AT1G79360,9,16,10,3,8,3
AT1G79370,0,0,0,0,0,0
AT1G79380,155,324,221,279,202,384
AT1G79390,495,1173,695,540,411,505
AT1G79400,0,2,0,1,0,2
AT1G79410,157,179,133,181,144,170
AT1G79420,22,55,13,27,13,25
AT1G79430,393,123,151,280,259,244
AT1G79440,388,338,146,558,343,612
AT1G79450,91,86,84,197,119,229
AT1G79460,145,80,42,172,91,114
AT1G79470,106,139,87,106,76,111
AT1G79480,20,25,18,20,29,17
AT1G79485,0,0,0,0,2,1
AT1G79490,42,61,25,31,22,22
AT1G79500,272,450,233,326,212,348
AT1G79510,21,22,9,17,8,28
AT1G79520,34,150,60,40,50,44
AT1G79529,154,205,130,179,133,199
AT1G79530,2639,2336,1826,2996,1980,2821
AT1G79540,87,53,38,113,27,69
AT1G79550,2864,4558,2497,3274,1911,2338
AT1G79560,97,81,58,114,79,125
AT1G79570,60,80,51,82,105,134
AT1G79580,136,115,74,227,131,92
AT1G79590,303,478,365,290,201,404
AT1G79600,81,96,58,60,69,73
AT1G79610,109,133,73,121,75,104
AT1G79620,76,55,77,77,67,70
AT1G79630,102,103,55,124,74,66
AT1G79640,59,22,19,26,15,30
AT1G79650,437,714,433,600,376,401
AT1G79660,436,717,563,436,240,426
AT1G79670,88,114,89,87,87,166
AT1G79680,0,0,0,0,0,0
AT1G79690,341,379,193,332,319,329
AT1G79700,67,55,52,66,54,63
AT1G79710,282,274,140,266,167,179
AT1G79720,98,133,59,77,43,109
AT1G79730,282,191,202,248,161,179
AT1G79740,121,109,85,134,150,122
AT1G79750,2453,1256,1040,1993,1758,1825
AT1G79760,89,99,150,58,59,47
AT1G79770,0,0,0,0,0,0
AT1G79780,2,1,1,0,1,15
AT1G79790,151,211,134,145,139,137
AT1G79800,0,0,0,0,0,0
AT1G79810,177,190,123,183,173,172
AT1G79820,198,253,125,235,153,177
AT1G79830,709,702,586,619,560,823
AT1G79840,16,29,12,52,20,40
AT1G79850,227,229,280,171,145,213
AT1G79860,1,4,0,0,4,15
AT1G79870,318,382,397,395,303,408
AT1G79880,174,141,123,111,106,174
AT1G79890,25,6,10,7,1,1
AT1G79900,64,17,7,58,112,75
AT1G79910,1,8,1,12,3,5
AT1G79915,7,2,0,3,0,3
AT1G79920,299,207,162,357,206,289
AT1G79930,728,716,522,923,735,808
AT1G79940,483,313,233,677,439,539
AT1G79950,151,173,98,99,88,129
AT1G79960,8,10,5,7,9,16
AT1G79970,337,254,289,355,261,443
AT1G79980,0,0,0,0,0,0
AT1G79985,446,766,491,414,296,460
AT1G79990,337,444,224,475,398,399
AT1G80000,211,237,106,245,124,188
AT1G80010,149,125,94,164,129,141
AT1G80030,62,54,43,54,36,50
AT1G80040,586,690,516,641,549,606
AT1G80050,286,216,150,240,324,239
AT1G80060,25,44,23,24,25,28
AT1G80070,631,564,459,773,641,973
AT1G80080,5,5,4,2,1,0
AT1G80090,0,0,1,0,0,0
AT1G80100,66,95,48,44,34,52
AT1G80110,31,26,32,27,34,55
AT1G80120,14,111,69,46,16,56
AT1G80130,0,0,0,0,0,0
AT1G80133,0,0,0,0,0,0
AT1G80140,0,0,0,0,0,0
AT1G80150,66,130,58,69,60,67
AT1G80160,102,462,284,228,43,132
AT1G80165,12,114,70,9,2,5
AT1G80170,60,94,78,92,57,53
AT1G80180,311,834,824,346,289,1272
AT1G80190,89,163,120,135,82,114
AT1G80200,25,84,43,48,21,45
AT1G80210,77,120,70,102,55,130
AT1G80220,0,0,0,0,0,0
AT1G80230,1028,1562,986,965,754,933
AT1G80240,292,233,312,1091,373,1101
AT1G80245,158,198,131,138,117,149
AT1G80250,0,0,0,0,0,0
AT1G80260,204,291,130,219,173,179
AT1G80270,231,354,249,381,241,288
AT1G80280,650,391,197,264,281,293
AT1G80290,138,243,103,194,152,190
AT1G80300,183,181,118,181,107,179
AT1G80310,165,162,157,201,128,217
AT1G80315,17,7,32,19,25,26
AT1G80320,17,24,5,12,19,3
AT1G80325,197,177,147,223,100,210
AT1G80330,0,0,3,1,0,0
AT1G80340,0,7,0,6,1,1
AT1G80350,395,154,161,277,209,239
AT1G80360,601,572,356,591,352,626
AT1G80370,335,235,207,329,229,291
AT1G80380,427,831,1187,466,249,893
AT1G80390,0,0,0,0,0,1
AT1G80400,90,160,75,117,86,147
AT1G80410,935,1116,528,931,619,625
AT1G80420,205,313,129,175,131,236
AT1G80430,0,0,0,0,0,0
AT1G80440,47,94,175,54,32,364
AT1G80450,13,55,56,3,7,88
AT1G80460,506,732,365,711,376,715
AT1G80470,2,0,0,1,1,0
AT1G80480,145,135,110,231,115,219
AT1G80490,252,228,130,290,198,265
AT1G80500,819,1636,883,720,584,792
AT1G80510,80,96,67,95,47,99
AT1G80520,53,110,89,151,87,85
AT1G80525,0,7,5,5,0,0
AT1G80530,631,318,310,542,339,464
AT1G80540,0,1,0,2,0,0
AT1G80550,143,154,58,163,145,149
AT1G80555,2,8,1,5,3,2
AT1G80560,370,392,230,473,268,361
AT1G80570,110,55,69,76,72,198
AT1G80580,0,0,0,0,0,0
AT1G80590,0,0,0,1,0,3
AT1G80600,336,302,222,339,237,305
AT1G80610,157,195,135,183,106,234
AT1G80620,372,370,247,415,302,277
AT1G80625,1,0,2,7,3,2
AT1G80630,99,49,49,65,65,47
AT1G80640,56,96,43,73,56,42
AT1G80650,67,146,70,59,51,84
AT1G80660,0,3,0,0,0,0
AT1G80670,495,616,477,458,294,486
AT1G80680,338,400,217,374,224,276
AT1G80690,338,479,310,259,233,182
AT1G80700,237,413,210,230,154,244
AT1G80710,65,141,53,58,36,81
AT1G80720,172,353,182,224,157,153
AT1G80730,9,27,30,3,13,4
AT1G80740,0,0,0,0,0,0
AT1G80745,0,10,6,5,0,8
AT1G80750,763,998,760,1071,689,731
AT1G80760,79,25,14,29,30,20
AT1G80770,163,164,88,167,117,177
AT1G80780,1408,1548,1109,1193,1106,1364
AT1G80790,529,553,304,476,355,509
AT1G80810,81,109,101,80,85,105
AT1G80820,9,23,11,36,9,36
AT1G80830,2494,2467,1654,3144,2314,4809
AT1G80840,134,51,27,64,49,353
AT1G80850,98,142,72,80,79,104
AT1G80860,751,975,568,494,371,515
AT1G80865,0,4,0,0,0,0
AT1G80870,147,118,64,113,118,182
AT1G80880,33,14,22,43,13,30
AT1G80890,160,364,176,150,117,199
AT1G80900,63,44,26,30,30,46
AT1G80910,225,300,201,295,239,283
AT1G80920,578,1637,1019,492,342,1107
AT1G80930,696,719,501,724,516,817
AT1G80940,188,382,251,237,171,250
AT1G80950,279,323,267,420,287,290
AT1G80960,2,18,8,6,8,8
AT1G80970,13,50,26,22,12,33
AT1G80980,58,102,71,67,56,76
AT1G80990,0,1,0,0,0,0
AT2G01008,424,451,671,391,700,244
AT2G01010,208,298,235,218,128,96
AT2G01020,188,608,506,103,143,204
AT2G01021,110,147,170,176,164,225
AT2G01023,3,0,2,1,1,0
AT2G01035,0,0,0,0,0,0
AT2G01045,0,0,0,0,0,0
AT2G01050,0,0,0,0,0,0
AT2G01060,969,601,582,855,604,847
AT2G01070,177,276,241,247,193,285
AT2G01080,189,192,150,123,85,109
AT2G01090,351,599,322,249,204,279
AT2G01100,786,1215,588,582,511,794
AT2G01110,149,223,163,170,120,149
AT2G01120,133,183,133,180,101,181
AT2G01130,62,91,63,68,65,71
AT2G01140,5361,2984,2808,4309,2832,3313
AT2G01150,215,262,222,116,175,82
AT2G01160,0,0,0,0,0,0
AT2G01170,324,129,194,407,284,455
AT2G01175,0,31,11,4,12,6
AT2G01180,123,125,156,113,112,291
AT2G01190,165,172,128,221,241,280
AT2G01200,72,45,29,47,44,53
AT2G01210,202,114,79,155,132,113
AT2G01220,384,579,268,386,294,354
AT2G01240,0,0,0,0,0,0
AT2G01250,8631,16526,8877,8556,6152,7735
AT2G01260,160,232,151,160,82,155
AT2G01270,425,358,381,452,412,418
AT2G01275,14,46,22,17,22,25
AT2G01280,0,3,0,3,1,0
AT2G01290,77,40,41,62,78,33
AT2G01300,2,3,5,1,3,36
AT2G01310,0,0,0,0,2,0
AT2G01320,19,2,1,8,9,19
AT2G01330,38,34,19,19,29,20
AT2G01340,79,55,45,52,41,89
AT2G01350,467,521,314,501,290,525
AT2G01360,0,0,0,0,0,0
AT2G01370,0,0,0,0,0,0
AT2G01379,0,0,0,0,0,0
AT2G01390,3,15,13,10,13,1
AT2G01400,63,117,78,71,38,66
AT2G01410,122,180,178,158,150,153
AT2G01420,781,585,352,704,417,576
AT2G01422,1,5,7,0,0,4
AT2G01430,87,94,110,50,20,83
AT2G01440,197,141,59,175,133,112
AT2G01450,903,921,684,1009,686,1167
AT2G01460,125,99,62,82,94,120
AT2G01470,747,1233,601,943,620,886
AT2G01480,126,98,99,182,143,144
AT2G01490,1481,1550,943,1338,940,1760
AT2G01500,0,8,0,8,2,2
AT2G01505,151,387,131,234,177,166
AT2G01510,19,37,21,22,22,27
AT2G01520,0,33,197,0,0,34
AT2G01530,156,2201,2400,88,154,3477
AT2G01540,196,596,397,253,179,431
AT2G01554,0,0,0,0,0,0
AT2G01560,0,0,0,0,0,0
AT2G01570,573,432,244,553,411,448
AT2G01580,0,7,1,0,0,0
AT2G01590,5,11,7,25,7,8
AT2G01600,487,392,474,488,304,541
AT2G01610,2,0,15,1,0,2
AT2G01620,50,80,40,41,51,58
AT2G01630,315,198,131,267,165,199
AT2G01640,124,327,148,141,115,143
AT2G01650,149,236,165,172,122,305
AT2G01660,113,221,141,81,146,54
AT2G01667,0,0,0,0,0,0
AT2G01670,95,296,259,188,145,403
AT2G01680,126,186,122,158,101,243
AT2G01690,256,312,203,303,291,287
AT2G01710,392,586,295,371,301,351
AT2G01720,1751,1928,1388,2355,1110,1716
AT2G01730,3,9,8,12,6,13
AT2G01735,248,288,242,214,152,245
AT2G01740,16,29,12,29,12,23
AT2G01750,97,140,64,80,64,71
AT2G01755,2,7,0,0,0,3
AT2G01760,6,12,0,5,1,9
AT2G01770,0,4,5,0,0,1
AT2G01780,0,0,0,0,0,0
AT2G01790,0,0,0,0,0,0
AT2G01800,0,0,0,0,0,0
AT2G01810,0,0,0,0,0,3
AT2G01818,91,312,163,69,79,65
AT2G01820,295,289,174,202,164,149
AT2G01830,165,225,100,246,207,267
AT2G01850,330,198,171,259,222,260
AT2G01860,60,27,21,51,28,15
AT2G01870,13,8,2,16,10,12
AT2G01880,19,64,43,37,23,49
AT2G01890,14,173,103,97,58,221
AT2G01900,24,53,49,21,10,43
AT2G01905,13,29,20,36,23,18
AT2G01910,309,413,255,289,207,385
AT2G01913,31,60,36,17,16,13
AT2G01918,0,0,0,0,0,0
AT2G01920,0,0,0,1,2,0
AT2G01930,171,265,131,119,86,163
AT2G01940,157,152,40,91,91,72
AT2G01950,117,238,125,205,140,122
AT2G01960,0,6,0,2,0,0
AT2G01970,740,523,542,1025,595,745
AT2G01980,64,87,56,68,50,104
AT2G01990,0,5,12,1,4,3
AT2G02000,0,2,2,0,13,0
AT2G02010,0,0,0,0,0,0
AT2G02020,11,14,9,18,10,4
AT2G02023,0,0,0,0,0,0
AT2G02026,0,0,0,0,0,0
AT2G02030,0,0,0,0,0,0
AT2G02040,535,462,310,546,438,596
AT2G02050,2233,6269,2914,2051,1700,2282
AT2G02060,0,0,7,1,0,8
AT2G02061,0,2,2,0,0,6
AT2G02070,60,101,67,77,58,58
AT2G02080,41,53,34,70,47,31
AT2G02090,179,220,98,230,176,192
AT2G02100,1145,1354,1818,1159,1334,1542
AT2G02103,0,0,0,0,0,0
AT2G02120,0,12,12,1,3,15
AT2G02130,1511,6628,4801,574,1041,1062
AT2G02140,0,0,0,0,0,0
AT2G02147,1,0,0,2,1,3
AT2G02148,95,104,33,60,57,57
AT2G02150,42,45,9,17,18,25
AT2G02160,1385,1138,573,986,822,1177
AT2G02170,56,196,65,102,58,73
AT2G02180,205,392,259,203,186,371
AT2G02220,119,93,62,166,115,165
AT2G02230,122,139,61,99,142,148
AT2G02240,2,2,5,2,5,11
AT2G02250,7,31,22,41,37,40
AT2G02280,0,0,0,0,0,0
AT2G02290,0,0,0,0,0,0
AT2G02300,9,21,2,6,0,22
AT2G02310,8,5,11,4,4,40
AT2G02320,0,0,0,0,0,8
AT2G02340,0,0,0,0,1,2
AT2G02350,13,23,20,15,29,39
AT2G02360,91,111,91,106,89,174
AT2G02370,183,163,154,164,116,204
AT2G02380,4,26,5,0,2,2
AT2G02390,1277,2011,1182,1476,1006,1786
AT2G02400,104,103,50,50,34,53
AT2G02410,30,58,27,38,15,36
AT2G02440,0,0,0,0,0,0
AT2G02450,0,0,0,0,0,0
AT2G02455,0,0,0,0,0,0
AT2G02470,389,913,424,401,288,432
AT2G02480,120,260,104,172,143,199
AT2G02490,0,0,0,1,0,0
AT2G02493,0,0,0,2,0,0
AT2G02497,0,3,0,0,0,0
AT2G02498,0,1,0,0,0,0
AT2G02500,55,216,145,84,38,83
AT2G02510,732,1924,964,623,534,775
AT2G02515,0,0,0,3,2,0
AT2G02520,0,0,0,0,0,0
AT2G02525,0,0,0,0,0,0
AT2G02540,6,18,13,13,17,13
AT2G02550,0,0,0,0,0,0
AT2G02560,216,246,126,248,182,216
AT2G02570,268,449,224,297,198,340
AT2G02580,0,5,0,8,3,34
AT2G02590,27,73,58,49,22,70
AT2G02600,0,0,0,0,0,0
AT2G02610,167,145,102,182,115,279
AT2G02620,33,45,37,51,46,58
AT2G02630,98,108,101,207,126,272
AT2G02635,27,46,24,37,39,99
AT2G02640,0,0,0,3,0,3
AT2G02650,0,0,0,1,0,0
AT2G02660,0,0,0,0,0,0
AT2G02680,91,134,96,144,109,174
AT2G02690,10,10,4,56,14,20
AT2G02695,0,0,0,0,0,0
AT2G02700,10,11,5,26,11,6
AT2G02710,284,495,363,356,312,595
AT2G02720,6,4,0,4,1,3
AT2G02730,196,214,113,193,107,228
AT2G02740,164,442,215,143,89,168
AT2G02741,2,0,1,2,0,3
AT2G02750,17,18,11,16,18,43
AT2G02760,2162,3201,1774,2036,1639,2747
AT2G02765,88,99,64,99,77,109
AT2G02770,0,0,0,0,0,0
AT2G02780,252,336,130,421,259,247
AT2G02790,245,291,91,354,164,174
AT2G02795,0,0,0,0,0,0
AT2G02800,358,271,221,318,244,419
AT2G02810,73,142,108,163,87,179
AT2G02820,278,500,303,351,275,360
AT2G02835,0,0,0,0,0,0
AT2G02840,0,0,0,0,0,0
AT2G02850,0,1,0,22,0,3
AT2G02860,109,90,83,138,111,135
AT2G02870,569,789,472,535,535,725
AT2G02880,80,119,48,75,53,55
AT2G02890,0,0,0,0,0,0
AT2G02900,0,0,0,0,0,0
AT2G02910,136,129,82,104,103,124
AT2G02930,47,8,5,104,71,131
AT2G02950,43,128,36,5,0,0
AT2G02955,62,51,36,57,35,42
AT2G02960,661,764,602,690,546,1085
AT2G02970,125,234,155,194,172,237
AT2G02980,7,17,10,9,16,5
AT2G02990,0,0,21,0,0,0
AT2G03000,0,0,0,0,0,0
AT2G03010,7,10,7,5,15,9
AT2G03020,1,1,1,5,2,0
AT2G03030,0,0,0,0,0,0
AT2G03040,0,0,0,0,0,0
AT2G03050,80,57,60,67,44,35
AT2G03060,50,98,62,68,75,43
AT2G03070,194,197,108,164,113,194
AT2G03090,1384,2861,1140,876,881,811
AT2G03110,1,7,5,2,6,13
AT2G03120,1331,1960,1157,1708,1128,1541
AT2G03130,0,0,0,1,0,2
AT2G03140,76,73,56,99,64,116
AT2G03150,263,381,170,257,241,299
AT2G03160,0,0,0,2,0,0
AT2G03170,0,0,0,0,0,0
AT2G03180,0,0,0,0,0,0
AT2G03190,0,0,0,0,0,0
AT2G03200,5,42,17,3,28,7
AT2G03210,0,1,0,2,0,3
AT2G03220,201,311,162,348,252,322
AT2G03230,0,0,0,0,0,0
AT2G03240,551,330,208,545,356,482
AT2G03250,0,0,0,0,0,0
AT2G03260,4,53,10,26,24,27
AT2G03270,44,55,29,95,52,78
AT2G03280,51,76,55,58,29,47
AT2G03290,0,0,1,1,0,0
AT2G03300,0,0,0,0,0,0
AT2G03310,0,3,0,0,1,0
AT2G03320,0,0,0,0,0,0
AT2G03330,62,66,39,27,42,54
AT2G03340,137,107,57,84,120,85
AT2G03350,341,708,398,356,247,384
AT2G03360,16,22,5,0,2,32
AT2G03370,0,5,9,1,0,2
AT2G03380,6,29,15,2,16,14
AT2G03390,196,258,137,159,127,199
AT2G03410,3,8,6,2,1,10
AT2G03420,4,7,14,5,3,5
AT2G03430,172,279,127,146,96,104
AT2G03440,510,807,587,525,355,406
AT2G03445,0,0,0,0,1,0
AT2G03450,77,75,38,53,53,56
AT2G03460,0,0,0,1,0,1
AT2G03470,252,513,274,371,206,470
AT2G03480,86,75,51,60,64,78
AT2G03490,0,0,0,0,0,0
AT2G03500,138,181,95,99,99,101
AT2G03505,111,374,212,58,48,72
AT2G03510,430,833,467,578,380,534
AT2G03520,0,0,0,0,0,0
AT2G03530,0,55,39,10,0,7
AT2G03550,0,0,0,0,0,0
AT2G03560,0,1,0,0,0,0
AT2G03565,0,0,0,0,0,0
AT2G03567,0,0,0,0,0,0
AT2G03570,0,0,0,0,0,0
AT2G03580,0,0,0,0,0,0
AT2G03590,46,66,25,109,51,63
AT2G03600,11,35,18,13,12,21
AT2G03610,0,0,0,0,0,0
AT2G03620,55,123,53,79,104,168
AT2G03630,2,7,1,2,3,0
AT2G03640,484,777,389,659,445,535
AT2G03660,0,0,0,0,0,0
AT2G03667,66,123,59,73,49,62
AT2G03670,45,44,42,94,53,73
AT2G03680,3613,6826,5790,4015,2854,3756
AT2G03690,459,719,402,371,271,430
AT2G03700,0,0,0,0,0,0
AT2G03710,15,8,5,6,4,14
AT2G03720,2,74,28,12,40,29
AT2G03730,156,322,219,91,97,223
AT2G03740,0,0,0,0,0,0
AT2G03750,19,2,7,37,17,9
AT2G03760,407,443,247,590,358,589
AT2G03770,6,13,2,9,6,10
AT2G03780,225,338,152,176,116,142
AT2G03790,0,0,0,0,0,0
AT2G03800,167,96,78,108,129,95
AT2G03810,85,161,74,117,82,121
AT2G03820,1966,1109,588,1751,1521,1121
AT2G03821,0,0,2,0,0,0
AT2G03822,0,0,0,0,0,0
AT2G03823,0,0,0,0,0,0
AT2G03830,372,270,154,299,180,249
AT2G03840,2,0,0,1,0,0
AT2G03850,33,5,7,21,22,16
AT2G03855,7,1,7,13,23,0
AT2G03870,899,2752,1313,717,548,828
AT2G03880,9,28,10,3,30,11
AT2G03885,0,0,0,0,0,0
AT2G03890,826,690,380,660,557,635
AT2G03895,6,6,14,6,2,5
AT2G03905,0,0,0,0,0,0
AT2G03913,0,0,0,0,0,0
AT2G03925,40,35,21,25,32,23
AT2G03930,0,0,0,0,0,0
AT2G03931,0,0,0,0,0,0
AT2G03932,0,0,0,0,0,0
AT2G03933,0,0,0,0,0,0
AT2G03936,0,0,0,0,0,0
AT2G03937,0,0,0,0,0,0
AT2G03945,0,0,0,0,0,0
AT2G03955,0,0,0,0,0,0
AT2G03965,0,0,0,0,0,0
AT2G03975,67,86,118,87,96,98
AT2G03980,0,5,2,1,0,6
AT2G03985,0,0,0,0,0,0
AT2G03995,3,15,4,10,6,10
AT2G04005,0,0,0,0,0,0
AT2G04015,0,0,0,0,0,0
AT2G04020,0,2,8,2,1,0
AT2G04025,365,463,252,399,371,342
AT2G04030,476,676,348,515,328,631
AT2G04031,0,0,0,0,0,0
AT2G04032,0,0,0,0,0,0
AT2G04034,0,0,0,0,0,0
AT2G04037,0,0,0,0,0,0
AT2G04038,3,6,4,21,13,30
AT2G04039,3,0,0,0,0,0
AT2G04040,103,18,26,38,23,46
AT2G04041,0,0,0,0,0,0
AT2G04045,0,0,0,0,0,0
AT2G04046,0,0,0,0,0,0
AT2G04050,7,2,0,0,1,0
AT2G04060,0,0,0,0,0,0
AT2G04062,0,0,0,0,0,0
AT2G04063,0,0,0,0,0,0
AT2G04065,1,9,1,1,1,2
AT2G04066,0,0,0,0,0,0
AT2G04070,0,0,0,0,0,0
AT2G04075,0,0,0,0,0,0
AT2G04080,0,2,0,0,0,3
AT2G04085,0,0,0,0,0,0
AT2G04090,7,7,10,7,15,23
AT2G04095,0,0,0,0,0,0
AT2G04100,174,81,72,171,119,215
AT2G04115,0,0,0,0,0,0
AT2G04125,3,1,4,1,3,1
AT2G04137,2,0,1,1,2,7
AT2G04145,1,2,0,0,1,6
AT2G04155,0,0,0,0,0,0
AT2G04160,297,292,153,782,348,401
AT2G04170,607,782,502,1714,1165,1722
AT2G04175,0,0,0,0,0,0
AT2G04185,0,0,0,0,0,0
AT2G04190,0,0,0,1,0,0
AT2G04195,0,0,0,0,0,0
AT2G04205,32,51,25,8,6,15
AT2G04215,20,26,12,7,4,9
AT2G04220,0,0,0,0,0,0
AT2G04225,0,0,0,0,0,0
AT2G04230,26,39,19,9,37,33
AT2G04235,66,83,56,71,55,47
AT2G04240,293,669,326,266,203,314
AT2G04255,0,0,1,1,1,2
AT2G04265,3,0,0,1,2,4
AT2G04270,62,70,36,54,58,80
AT2G04280,384,491,267,625,371,476
AT2G04285,1,4,1,1,1,1
AT2G04295,1,5,3,4,6,9
AT2G04300,0,0,0,0,0,0
AT2G04305,223,264,116,189,132,182
AT2G04315,2,0,0,5,0,0
AT2G04325,0,0,0,0,0,0
AT2G04335,0,0,0,0,0,0
AT2G04340,164,328,161,198,110,203
AT2G04345,0,0,0,0,0,0
AT2G04350,75,164,86,61,70,78
AT2G04355,0,0,0,0,0,0
AT2G04360,203,381,177,188,198,208
AT2G04365,0,0,0,0,0,0
AT2G04375,3,4,2,3,1,1
AT2G04378,673,703,641,710,634,604
AT2G04380,119,168,137,114,120,93
AT2G04390,1797,4054,2909,1828,1338,1762
AT2G04395,0,2,4,2,0,0
AT2G04400,168,164,118,153,107,258
AT2G04405,0,2,0,0,0,0
AT2G04410,570,847,686,474,414,797
AT2G04420,0,0,0,0,0,0
AT2G04425,0,0,0,0,0,0
AT2G04430,75,87,69,78,52,163
AT2G04435,0,5,0,0,1,0
AT2G04440,0,0,0,0,0,0
AT2G04450,53,58,27,52,26,32
AT2G04455,0,3,5,0,0,0
AT2G04465,0,1,0,0,0,0
AT2G04480,96,181,82,70,83,80
AT2G04485,0,0,0,0,0,0
AT2G04495,0,0,0,0,0,2
AT2G04500,38,32,30,45,50,111
AT2G04505,0,0,0,0,0,0
AT2G04515,0,0,0,0,0,0
AT2G04520,952,2069,1033,987,697,936
AT2G04525,0,0,0,1,0,1
AT2G04530,24,71,22,54,12,32
AT2G04535,0,0,1,2,0,3
AT2G04540,103,97,59,111,88,78
AT2G04545,1,0,1,2,2,4
AT2G04550,189,364,204,182,126,198
AT2G04555,4,1,2,9,5,2
AT2G04560,20,59,32,31,22,25
AT2G04565,0,0,0,0,0,0
AT2G04570,0,0,0,0,0,0
AT2G04575,0,0,0,0,0,0
AT2G04595,0,0,0,0,0,0
AT2G04605,0,0,0,0,0,0
AT2G04615,0,0,0,0,0,0
AT2G04620,82,45,55,75,54,62
AT2G04621,5,5,9,12,3,6
AT2G04622,0,0,0,0,0,0
AT2G04630,672,1753,722,755,557,697
AT2G04635,0,0,0,0,0,0
AT2G04645,0,0,0,0,0,0
AT2G04650,91,214,163,188,112,154
AT2G04655,0,0,0,0,0,0
AT2G04660,90,99,48,73,41,43
AT2G04665,0,0,0,0,0,0
AT2G04675,0,0,0,0,0,0
AT2G04680,14,36,13,39,28,24
AT2G04685,0,0,0,0,0,0
AT2G04690,699,1060,683,660,465,783
AT2G04695,0,0,0,0,0,0
AT2G04700,390,827,521,426,270,477
AT2G04705,0,0,0,0,0,0
AT2G04715,0,0,0,0,0,5
AT2G04725,3,0,0,0,2,0
AT2G04735,0,0,0,0,0,0
AT2G04740,111,163,48,120,56,95
AT2G04745,0,0,0,0,0,0
AT2G04750,0,0,0,0,0,0
AT2G04755,407,352,191,503,308,427
AT2G04765,0,0,0,0,0,0
AT2G04775,0,0,0,0,0,0
AT2G04780,873,1463,1143,1303,1012,1244
AT2G04785,0,0,0,0,0,0
AT2G04790,8,1,4,6,7,13
AT2G04795,61,48,39,17,22,29
AT2G04800,903,1666,930,599,604,662
AT2G04805,33,63,18,30,24,52
AT2G04810,0,0,0,0,0,0
AT2G04815,0,0,0,0,0,0
AT2G04825,0,0,0,0,0,0
AT2G04830,0,0,0,0,0,0
AT2G04835,0,0,0,0,0,0
AT2G04840,0,1,0,0,0,0
AT2G04842,42,32,25,41,24,41
AT2G04845,167,367,185,140,89,154
AT2G04850,174,198,188,138,139,163
AT2G04852,58,83,77,72,56,60
AT2G04855,0,0,0,0,0,0
AT2G04860,9,9,0,4,2,0
AT2G04865,235,184,69,172,151,170
AT2G04870,0,0,0,0,0,0
AT2G04875,0,0,0,0,0,0
AT2G04880,239,276,175,194,170,254
AT2G04885,0,0,0,0,0,0
AT2G04890,149,155,106,157,115,114
AT2G04895,0,0,0,0,0,0
AT2G04900,994,2149,1282,853,729,1105
AT2G04905,0,0,0,0,0,0
AT2G04910,0,0,0,0,0,0
AT2G04915,0,0,0,0,0,0
AT2G04920,0,0,0,0,0,0
AT2G04925,0,0,0,0,0,0
AT2G04930,0,0,0,0,0,0
AT2G04935,0,0,0,0,0,0
AT2G04940,259,182,127,194,153,152
AT2G04945,0,0,0,0,0,0
AT2G04955,4,2,3,1,3,4
AT2G04965,0,1,0,0,0,1
AT2G04975,0,0,0,0,0,0
AT2G04985,0,0,0,0,0,0
AT2G04995,0,0,0,0,0,0
AT2G05005,0,0,0,0,0,0
AT2G05015,0,0,0,0,0,0
AT2G05035,0,0,0,0,0,0
AT2G05045,0,0,0,0,0,0
AT2G05050,0,0,0,0,0,0
AT2G05060,0,0,0,0,0,0
AT2G05065,0,0,0,0,0,0
AT2G05070,3,8,4,0,0,0
AT2G05075,44,103,57,23,15,50
AT2G05085,0,0,0,0,0,0
AT2G05095,0,2,0,2,0,0
AT2G05100,18,29,0,1,1,0
AT2G05105,0,0,0,0,0,0
AT2G05117,0,0,0,0,0,0
AT2G05120,76,52,14,57,68,64
AT2G05125,0,0,0,0,0,0
AT2G05140,0,0,0,0,0,0
AT2G05145,0,0,0,0,0,0
AT2G05155,0,0,2,0,1,0
AT2G05160,54,67,33,42,34,60
AT2G05170,121,157,105,137,180,146
AT2G05180,47,43,52,55,61,118
AT2G05185,26,39,21,20,16,27
AT2G05205,15,2,10,11,7,6
AT2G05210,148,140,78,161,125,148
AT2G05215,19,30,18,27,18,19
AT2G05220,5351,8454,7186,5494,3966,5235
AT2G05230,281,120,0,415,180,0
AT2G05245,0,1,0,1,1,0
AT2G05250,110,238,189,0,115,329
AT2G05255,8,11,4,15,7,9
AT2G05260,132,193,170,167,116,222
AT2G05270,0,4,1,0,2,0
AT2G05294,0,0,0,0,0,0
AT2G05310,22,4,15,2,2,2
AT2G05315,0,0,0,0,0,0
AT2G05320,130,92,39,101,106,90
AT2G05330,188,309,119,232,159,157
AT2G05335,0,0,0,0,0,0
AT2G05350,34,4,8,5,4,3
AT2G05355,0,0,0,0,0,0
AT2G05360,0,0,0,0,0,0
AT2G05365,1,0,4,2,2,1
AT2G05370,0,3,1,0,0,0
AT2G05380,298,190,55,138,166,337
AT2G05395,0,0,0,0,0,0
AT2G05400,0,6,5,25,32,22
AT2G05405,1,0,0,0,0,0
AT2G05410,0,0,0,0,0,0
AT2G05415,0,0,0,0,0,0
AT2G05420,0,0,0,0,0,0
AT2G05425,0,0,0,0,0,0
AT2G05430,0,2,0,0,0,0
AT2G05440,78,277,628,103,80,246
AT2G05445,0,0,0,0,0,0
AT2G05455,0,0,0,0,0,0
AT2G05465,0,0,0,0,0,0
AT2G05485,0,0,0,0,0,0
AT2G05495,0,0,0,0,0,0
AT2G05505,0,0,0,5,0,1
AT2G05510,69,84,100,669,359,668
AT2G05515,0,0,0,0,0,0
AT2G05518,3,13,4,6,9,9
AT2G05520,1,4,8,16,13,26
AT2G05525,0,0,0,0,0,0
AT2G05530,0,0,0,0,0,0
AT2G05535,0,0,0,0,0,0
AT2G05540,35,23,7,77,21,47
AT2G05545,0,0,0,0,0,0
AT2G05555,0,0,0,0,0,0
AT2G05565,0,0,0,0,0,0
AT2G05575,0,0,0,0,0,0
AT2G05580,0,0,0,0,0,1
AT2G05585,0,0,0,0,0,0
AT2G05590,200,312,174,169,124,170
AT2G05600,0,0,0,0,0,0
AT2G05605,0,0,0,0,0,0
AT2G05615,0,0,0,0,0,0
AT2G05620,33,86,84,6,9,12
AT2G05625,0,0,0,0,0,0
AT2G05630,284,423,313,249,175,352
AT2G05632,48,177,72,36,35,42
AT2G05635,0,0,0,0,0,0
AT2G05642,0,0,0,0,0,0
AT2G05645,0,0,0,0,0,0
AT2G05655,0,0,0,0,0,0
AT2G05665,0,6,1,1,1,0
AT2G05675,0,1,3,2,1,0
AT2G05685,0,0,0,0,0,0
AT2G05695,0,0,0,0,0,0
AT2G05705,0,3,0,0,0,0
AT2G05710,651,1124,699,1073,950,943
AT2G05720,0,0,0,0,0,0
AT2G05725,0,0,0,0,0,0
AT2G05752,0,0,0,0,0,0
AT2G05753,0,0,0,3,0,2
AT2G05755,148,139,121,158,91,114
AT2G05760,28,63,34,44,30,24
AT2G05765,1,3,0,0,0,1
AT2G05785,0,0,0,0,0,0
AT2G05786,0,0,0,0,0,0
AT2G05790,1830,1217,923,1892,1283,1589
AT2G05810,91,95,86,170,100,141
AT2G05812,83,98,85,168,123,133
AT2G05815,0,0,0,0,0,0
AT2G05825,0,0,1,1,2,1
AT2G05830,377,608,390,414,296,317
AT2G05835,0,0,1,1,0,0
AT2G05840,734,1066,714,637,454,670
AT2G05850,0,0,0,0,0,0
AT2G05855,0,0,0,0,0,0
AT2G05865,0,0,0,0,0,0
AT2G05875,0,0,0,0,0,3
AT2G05885,0,0,0,0,0,0
AT2G05895,1,3,3,2,3,4
AT2G05900,0,0,0,0,0,0
AT2G05905,0,0,0,0,0,0
AT2G05910,16,5,24,3,2,9
AT2G05914,0,0,0,0,0,0
AT2G05915,0,0,0,0,0,0
AT2G05920,699,553,405,605,602,512
AT2G05925,0,0,0,0,0,0
AT2G05940,99,63,24,29,54,322
AT2G05945,0,0,0,0,0,0
AT2G05965,0,0,0,0,0,1
AT2G05970,0,0,0,0,0,0
AT2G05975,0,0,0,0,0,0
AT2G05990,1079,2021,1102,1215,688,931
AT2G05995,0,9,0,2,23,0
AT2G06000,92,122,72,114,95,108
AT2G06002,0,0,0,0,0,0
AT2G06005,78,126,65,55,50,108
AT2G06010,296,483,243,241,173,278
AT2G06020,0,0,0,0,0,0
AT2G06025,292,446,238,270,223,453
AT2G06035,0,0,0,0,0,0
AT2G06040,58,45,56,57,24,62
AT2G06050,513,405,298,486,280,448
AT2G06065,0,0,0,0,0,0
AT2G06075,0,0,0,0,0,0
AT2G06085,3,0,0,0,1,6
AT2G06090,0,0,0,0,0,0
AT2G06095,0,0,0,0,0,0
AT2G06105,0,0,0,0,0,0
AT2G06115,0,0,0,0,0,0
AT2G06135,0,0,0,0,0,0
AT2G06145,0,0,0,0,0,0
AT2G06166,0,0,0,0,0,0
AT2G06175,0,0,1,0,0,0
AT2G06185,0,0,0,0,0,0
AT2G06200,12,157,72,29,24,21
AT2G06210,205,271,116,215,140,244
AT2G06215,2,0,0,0,0,0
AT2G06225,0,1,0,1,0,1
AT2G06255,144,237,122,96,71,100
AT2G06265,0,0,0,0,0,0
AT2G06275,0,0,0,0,0,0
AT2G06305,0,0,0,54,5,0
AT2G06315,0,0,0,0,0,0
AT2G06345,5,2,2,3,2,2
AT2G06355,0,0,0,0,0,0
AT2G06365,0,0,0,0,1,0
AT2G06375,0,0,0,0,0,0
AT2G06385,0,0,0,0,0,0
AT2G06395,0,0,0,0,0,0
AT2G06405,1,0,0,0,0,0
AT2G06415,0,0,0,0,0,0
AT2G06420,0,0,0,0,0,0
AT2G06425,0,0,0,0,0,0
AT2G06435,0,0,0,0,0,0
AT2G06445,0,0,0,0,0,0
AT2G06455,0,0,0,0,0,0
AT2G06465,35,37,31,52,25,39
AT2G06475,0,0,0,0,0,0
AT2G06485,0,0,0,0,0,0
AT2G06495,0,0,0,0,0,0
AT2G06500,0,0,0,0,0,0
AT2G06505,0,0,0,0,0,0
AT2G06510,250,104,55,250,65,118
AT2G06515,0,0,0,0,0,0
AT2G06520,158,113,78,92,35,86
AT2G06525,0,0,0,0,0,0
AT2G06530,189,446,298,359,245,408
AT2G06535,0,0,0,0,0,0
AT2G06541,0,0,0,0,0,0
AT2G06555,0,0,0,0,0,0
AT2G06562,0,0,0,0,0,0
AT2G06565,0,0,0,0,0,0
AT2G06570,0,0,0,0,0,0
AT2G06575,0,0,0,0,0,0
AT2G06585,0,0,0,0,0,0
AT2G06595,0,0,0,0,0,0
AT2G06605,0,0,0,0,0,0
AT2G06615,1,1,1,1,0,1
AT2G06625,0,0,0,0,0,0
AT2G06635,0,0,0,0,0,0
AT2G06645,0,0,0,0,0,0
AT2G06655,0,1,0,0,0,1
AT2G06665,0,0,0,0,0,0
AT2G06667,0,0,0,0,0,0
AT2G06675,0,0,0,0,0,0
AT2G06685,0,0,0,0,0,0
AT2G06695,0,0,0,0,0,0
AT2G06705,0,0,0,0,0,0
AT2G06725,0,0,0,0,0,0
AT2G06745,0,0,0,0,0,0
AT2G06755,0,0,0,0,0,0
AT2G06765,2,0,1,0,0,1
AT2G06785,0,0,0,0,0,0
AT2G06795,0,0,3,0,0,1
AT2G06805,1,0,0,1,0,0
AT2G06815,0,0,0,0,0,0
AT2G06835,9,11,5,4,3,1
AT2G06845,0,0,0,0,0,0
AT2G06850,423,1103,573,965,348,566
AT2G06855,0,0,0,0,0,0
AT2G06865,1,0,0,0,1,0
AT2G06904,0,0,0,0,0,0
AT2G06905,0,0,0,0,0,0
AT2G06906,0,0,0,0,0,0
AT2G06908,0,0,0,0,0,0
AT2G06925,227,357,143,161,94,234
AT2G06935,0,0,0,0,0,0
AT2G06945,0,0,0,0,0,0
AT2G06955,0,0,0,0,0,0
AT2G06960,0,0,0,0,0,0
AT2G06975,0,2,0,0,0,0
AT2G06983,0,0,0,0,0,0
AT2G06990,241,368,193,291,203,238
AT2G06995,0,0,0,3,0,0
AT2G07000,0,2,0,0,0,0
AT2G07005,0,1,0,3,0,0
AT2G07015,4,2,2,1,7,4
AT2G07020,0,0,0,0,0,0
AT2G07025,0,0,0,0,0,0
AT2G07035,0,0,0,0,0,0
AT2G07040,0,0,0,0,0,0
AT2G07042,13,4,3,0,0,1
AT2G07045,3,0,3,1,0,0
AT2G07050,429,601,306,481,446,559
AT2G07055,0,0,0,0,0,0
AT2G07085,0,0,0,0,0,0
AT2G07095,0,0,0,0,0,0
AT2G07110,0,0,0,0,0,0
AT2G07115,0,0,0,0,0,0
AT2G07120,0,0,0,0,0,0
AT2G07135,0,0,0,0,0,0
AT2G07140,0,0,0,0,0,0
AT2G07165,0,0,0,0,0,0
AT2G07170,125,214,66,226,96,143
AT2G07175,291,407,362,214,196,271
AT2G07180,151,242,109,109,83,128
AT2G07190,0,0,0,0,0,0
AT2G07195,0,0,0,0,0,0
AT2G07200,0,0,0,0,0,0
AT2G07205,0,1,0,1,1,0
AT2G07213,0,0,0,0,0,0
AT2G07215,0,0,0,0,0,0
AT2G07225,0,0,0,0,0,0
AT2G07235,0,0,0,0,0,0
AT2G07240,0,0,0,0,0,0
AT2G07245,0,0,0,0,0,0
AT2G07255,0,0,0,0,0,0
AT2G07265,0,0,0,0,0,0
AT2G07275,8,12,8,10,12,16
AT2G07280,0,0,0,0,0,0
AT2G07285,0,0,0,0,0,0
AT2G07290,0,0,0,0,0,0
AT2G07295,0,0,0,0,0,0
AT2G07305,60,106,71,41,27,84
AT2G07310,0,0,0,0,0,0
AT2G07315,0,0,0,0,0,0
AT2G07325,44,26,38,41,13,39
AT2G07335,0,0,2,17,0,0
AT2G07340,599,1368,712,614,453,618
AT2G07345,0,2,2,1,2,0
AT2G07355,0,0,0,0,0,0
AT2G07360,383,282,169,364,272,387
AT2G07375,0,0,0,0,0,0
AT2G07385,0,0,0,0,0,0
AT2G07405,0,0,0,0,0,0
AT2G07415,0,0,0,0,0,0
AT2G07425,0,1,0,0,0,2
AT2G07435,1,7,4,1,5,5
AT2G07440,0,0,0,0,0,0
AT2G07445,0,0,0,0,0,0
AT2G07475,177,191,127,153,148,136
AT2G07485,0,2,0,0,1,0
AT2G07495,14,26,8,9,5,21
AT2G07505,0,0,0,0,0,0
AT2G07515,96,56,39,89,100,58
AT2G07525,0,0,0,0,0,0
AT2G07535,0,0,0,0,0,0
AT2G07545,0,0,0,0,0,0
AT2G07555,0,0,0,0,0,0
AT2G07560,0,0,0,0,0,0
AT2G07565,0,0,0,0,0,0
AT2G07575,0,0,0,0,0,0
AT2G07585,11,36,15,17,13,9
AT2G07595,2,9,1,2,1,2
AT2G07599,3,11,8,5,3,8
AT2G07605,0,0,1,0,0,0
AT2G07613,0,0,0,1,0,0
AT2G07615,0,0,0,0,0,0
AT2G07617,0,0,0,0,0,0
AT2G07621,0,0,1,0,0,0
AT2G07623,0,0,0,0,0,0
AT2G07625,1,2,1,2,0,1
AT2G07626,0,0,0,0,0,0
AT2G07627,36,36,24,61,44,41
AT2G07628,0,0,1,1,0,1
AT2G07629,3,3,1,4,1,1
AT2G07631,0,0,0,0,0,0
AT2G07632,0,0,1,0,0,0
AT2G07633,4,15,9,10,16,7
AT2G07634,0,0,0,0,0,0
AT2G07636,0,0,0,0,0,0
AT2G07637,1,1,0,1,0,0
AT2G07638,27,15,5,33,22,17
AT2G07640,0,0,0,0,0,0
AT2G07641,130,44,37,50,26,60
AT2G07642,0,0,0,0,0,0
AT2G07643,0,0,0,0,0,1
AT2G07644,13,6,1,0,1,6
AT2G07645,0,0,0,0,0,0
AT2G07646,0,0,1,0,0,0
AT2G07648,0,1,1,0,0,0
AT2G07652,6,3,7,1,0,1
AT2G07654,0,0,0,0,0,0
AT2G07655,43,24,15,21,9,26
AT2G07656,0,2,2,1,2,2
AT2G07658,3,10,2,5,5,6
AT2G07659,0,1,4,2,2,0
AT2G07661,1,1,0,0,0,4
AT2G07662,8,13,2,14,5,9
AT2G07665,37,35,25,40,50,72
AT2G07667,2,4,0,1,6,6
AT2G07669,0,1,0,2,2,1
AT2G07671,266,803,422,308,305,381
AT2G07672,8,12,10,19,14,11
AT2G07673,0,1,0,0,0,0
AT2G07674,19,49,36,28,17,26
AT2G07675,39,48,22,24,16,50
AT2G07676,1,0,0,0,0,0
AT2G07678,20,93,54,68,53,78
AT2G07680,131,138,68,107,96,158
AT2G07681,0,3,0,0,0,0
AT2G07684,0,0,0,0,0,0
AT2G07687,74,76,37,26,41,40
AT2G07689,5,10,0,2,6,8
AT2G07690,282,172,111,363,227,240
AT2G07691,1,0,3,1,0,0
AT2G07692,0,1,1,1,3,2
AT2G07695,53,153,84,51,43,87
AT2G07696,240,468,291,359,287,390
AT2G07698,705,612,276,609,558,909
AT2G07701,1,0,0,0,0,1
AT2G07702,0,0,0,1,0,0
AT2G07705,2,1,0,2,0,1
AT2G07706,6,18,11,16,13,8
AT2G07707,42,65,33,47,42,43
AT2G07708,609,522,311,528,333,530
AT2G07713,0,0,0,0,0,0
AT2G07714,0,0,1,0,0,0
AT2G07715,66,66,55,75,51,79
AT2G07718,491,415,333,486,407,642
AT2G07719,16,62,31,15,12,20
AT2G07721,1,8,3,4,1,2
AT2G07722,1,0,2,1,0,1
AT2G07724,1,2,0,7,6,8
AT2G07725,381,237,174,304,351,306
AT2G07727,1772,1135,584,1170,1020,1289
AT2G07728,0,1,1,0,0,0
AT2G07732,0,5,2,1,1,4
AT2G07734,154,152,62,129,77,100
AT2G07738,0,1,0,1,2,0
AT2G07739,35,33,19,25,20,32
AT2G07741,3,0,0,0,0,0
AT2G07743,0,0,0,0,0,0
AT2G07745,0,0,0,0,0,0
AT2G07746,0,0,0,0,0,0
AT2G07748,0,0,0,0,0,0
AT2G07749,11,12,6,3,4,12
AT2G07750,0,0,0,0,0,0
AT2G07751,129,244,71,48,142,98
AT2G07752,0,0,0,0,0,0
AT2G07753,0,0,0,0,0,0
AT2G07754,0,0,0,0,0,0
AT2G07755,0,0,0,0,0,0
AT2G07756,0,0,0,0,0,0
AT2G07757,0,0,0,0,0,0
AT2G07758,0,1,0,0,0,0
AT2G07759,0,0,0,0,0,0
AT2G07760,0,0,0,0,0,0
AT2G07761,0,0,0,0,0,0
AT2G07762,0,0,0,0,0,0
AT2G07763,0,0,0,0,0,0
AT2G07764,0,0,0,0,0,0
AT2G07765,0,0,0,0,0,0
AT2G07766,0,0,0,0,0,0
AT2G07768,0,0,1,0,0,0
AT2G07771,2,4,1,6,2,4
AT2G07772,1,1,0,0,3,3
AT2G07773,41,54,29,36,25,57
AT2G07774,0,8,2,1,3,1
AT2G07775,2,1,0,1,0,1
AT2G07776,15,17,14,3,14,14
AT2G07777,17,48,13,18,26,26
AT2G07779,13,25,16,17,16,9
AT2G07785,29,17,11,12,18,11
AT2G07787,13,16,16,12,16,10
AT2G07792,0,0,0,0,0,0
AT2G07793,0,0,0,0,0,0
AT2G07794,0,0,0,0,0,0
AT2G07795,0,0,0,0,1,3
AT2G07798,9,12,4,2,5,15
AT2G07800,0,0,0,0,0,0
AT2G07805,2,2,5,4,2,6
AT2G07806,2,5,6,5,0,1
AT2G07810,0,0,0,0,0,0
AT2G07815,5,14,8,5,10,8
AT2G07820,0,0,0,2,0,0
AT2G07825,6,14,14,7,6,17
AT2G07827,1,3,2,0,6,0
AT2G07830,0,0,0,0,0,0
AT2G07835,8,6,4,10,5,14
AT2G07840,0,0,0,0,0,0
AT2G07845,23,22,8,10,15,14
AT2G07850,18,41,39,11,12,41
AT2G07855,0,0,0,0,0,0
AT2G07860,0,0,0,0,0,0
AT2G07865,0,0,0,0,0,0
AT2G07870,0,0,0,0,0,0
AT2G07875,1,3,0,0,1,0
AT2G07885,0,0,0,0,0,0
AT2G07890,0,0,0,0,0,0
AT2G07895,0,0,0,1,0,0
AT2G07900,0,0,0,0,0,0
AT2G07905,0,0,0,0,0,0
AT2G07910,0,0,0,0,0,0
AT2G07915,0,0,0,0,0,0
AT2G07925,0,0,0,0,0,0
AT2G07935,0,0,0,0,0,0
AT2G07940,0,0,0,0,0,0
AT2G07945,0,0,0,0,0,0
AT2G07950,1,0,2,2,3,1
AT2G07960,0,0,0,0,0,0
AT2G07965,2,3,0,0,3,3
AT2G07970,0,0,0,0,0,0
AT2G07975,0,0,0,0,0,0
AT2G07981,0,0,0,0,0,0
AT2G07985,0,0,0,0,0,0
AT2G07990,0,0,0,0,0,0
AT2G07995,0,0,0,0,0,0
AT2G08000,2,19,29,24,16,22
AT2G08005,0,0,0,0,0,4
AT2G08010,1,0,0,0,0,0
AT2G08015,0,0,0,0,0,0
AT2G08020,1,4,1,0,3,5
AT2G08025,2,0,0,0,1,5
AT2G08030,0,0,0,0,0,0
AT2G08035,0,0,0,0,0,0
AT2G08040,0,0,0,0,0,0
AT2G08045,0,0,0,0,0,0
AT2G08050,0,0,0,0,0,0
AT2G08055,0,0,0,0,0,0
AT2G08060,0,5,1,4,2,1
AT2G08070,0,0,0,0,0,0
AT2G08075,0,0,0,0,0,0
AT2G08085,0,0,0,0,0,0
AT2G08090,0,0,0,0,0,0
AT2G08095,0,0,0,0,0,0
AT2G08100,0,0,0,0,0,0
AT2G08105,0,0,0,0,0,0
AT2G08110,0,0,0,0,0,0
AT2G08115,0,0,0,0,0,0
AT2G08120,1,0,0,0,0,0
AT2G08125,0,0,0,0,0,0
AT2G08130,0,0,0,2,2,0
AT2G08135,0,0,0,0,0,0
AT2G08150,0,0,0,2,0,0
AT2G08155,0,0,0,2,0,0
AT2G08160,0,0,0,0,0,0
AT2G08165,0,0,0,0,0,0
AT2G08175,0,0,0,0,0,0
AT2G08180,0,0,0,0,0,0
AT2G08190,0,0,0,0,0,0
AT2G08195,0,0,0,0,0,0
AT2G08200,0,0,0,0,0,0
AT2G08205,2,0,0,1,1,2
AT2G08210,0,1,0,0,0,0
AT2G08215,0,0,0,0,0,0
AT2G08220,0,0,0,0,0,0
AT2G08230,0,0,0,0,0,0
AT2G08235,1,2,1,3,3,0
AT2G08240,0,0,0,0,0,0
AT2G08245,0,0,0,0,0,0
AT2G08250,0,0,0,0,0,0
AT2G08255,0,0,0,0,0,0
AT2G08260,2,1,0,0,0,0
AT2G08265,0,0,0,0,0,0
AT2G08270,0,0,0,0,0,0
AT2G08275,0,0,0,2,0,0
AT2G08280,0,0,0,0,0,0
AT2G08285,0,0,0,0,0,0
AT2G08290,0,2,0,0,0,0
AT2G08295,2,0,3,8,3,0
AT2G08300,0,0,0,0,0,0
AT2G08305,0,0,0,0,0,0
AT2G08310,0,0,0,0,0,0
AT2G08315,1,3,0,3,2,0
AT2G08320,1,1,0,2,1,0
AT2G08330,1,7,1,0,0,2
AT2G08335,0,0,0,0,0,0
AT2G08340,398,464,302,465,409,480
AT2G08345,12,40,19,21,3,17
AT2G08350,7,4,1,1,1,2
AT2G08355,0,0,0,0,0,0
AT2G08360,0,0,0,1,0,0
AT2G08365,0,0,0,0,0,0
AT2G08370,0,0,0,0,0,0
AT2G08375,0,0,1,0,0,0
AT2G08380,0,0,0,0,0,0
AT2G08385,0,0,0,0,0,0
AT2G08390,0,0,0,0,0,0
AT2G08395,0,0,0,0,0,0
AT2G08400,0,0,0,0,0,0
AT2G08405,4,0,0,1,0,1
AT2G08410,0,0,0,0,0,1
AT2G08415,0,0,0,0,0,0
AT2G08420,8,1,6,3,8,3
AT2G08425,12,17,15,8,17,19
AT2G08430,0,5,2,0,0,0
AT2G08435,15,29,4,22,21,28
AT2G08440,0,1,0,0,0,0
AT2G08445,0,2,1,0,1,0
AT2G08450,0,2,0,0,2,0
AT2G08455,0,9,4,3,4,10
AT2G08460,1,5,1,2,3,3
AT2G08465,0,0,0,0,0,0
AT2G08470,0,4,0,0,0,6
AT2G08475,0,2,2,3,4,7
AT2G08480,14,3,5,10,11,13
AT2G08485,4,9,9,1,2,2
AT2G08490,0,0,0,0,0,0
AT2G08495,0,0,0,0,0,0
AT2G08500,4,9,7,2,2,1
AT2G08505,0,0,1,0,0,0
AT2G08510,0,0,0,0,0,0
AT2G08515,0,0,0,0,0,0
AT2G08520,0,0,0,0,0,0
AT2G08525,3,9,4,3,6,1
AT2G08530,0,1,0,0,0,0
AT2G08535,0,0,0,0,0,0
AT2G08540,0,0,0,0,0,0
AT2G08545,0,0,0,0,0,0
AT2G08550,0,0,0,0,0,0
AT2G08555,0,0,0,0,0,0
AT2G08560,0,0,0,0,0,0
AT2G08565,0,0,0,0,0,0
AT2G08570,4,20,12,8,2,5
AT2G08575,0,2,0,0,0,2
AT2G08580,0,0,0,0,0,0
AT2G08585,0,0,0,0,0,0
AT2G08590,1,0,0,0,0,0
AT2G08595,0,1,1,1,1,2
AT2G08610,2,0,2,0,0,0
AT2G08620,0,0,0,0,0,0
AT2G08625,0,0,0,0,0,0
AT2G08630,0,0,0,0,0,0
AT2G08635,58,128,84,120,73,67
AT2G08640,0,0,1,0,0,0
AT2G08645,0,0,0,0,0,0
AT2G08650,61,43,126,8,1,17
AT2G08655,3,10,6,6,1,4
AT2G08660,2,2,4,3,2,12
AT2G08665,86,223,64,12,3,39
AT2G08670,0,0,0,0,0,0
AT2G08675,0,2,3,0,0,0
AT2G08680,1,2,0,2,6,1
AT2G08685,8,12,9,24,22,23
AT2G08690,0,0,0,2,0,0
AT2G08695,1,8,0,1,2,8
AT2G08700,0,0,0,1,0,0
AT2G08705,0,0,0,0,0,0
AT2G08710,0,0,0,0,0,0
AT2G08715,0,0,0,0,0,0
AT2G08720,0,0,0,0,0,0
AT2G08725,0,0,1,0,0,0
AT2G08730,11,3,2,5,1,11
AT2G08735,0,44,2,1,0,2
AT2G08740,1,0,2,0,0,2
AT2G08745,0,0,0,0,0,0
AT2G08750,47,44,45,40,38,77
AT2G08755,1,0,0,0,0,0
AT2G08760,3,2,2,1,1,0
AT2G08765,0,2,0,0,0,1
AT2G08770,4,9,4,3,0,0
AT2G08775,1,4,0,1,0,6
AT2G08780,27,32,23,16,24,171
AT2G08790,3,3,0,0,0,0
AT2G08795,3,0,2,0,0,0
AT2G08800,0,0,0,0,0,0
AT2G08805,0,0,0,0,0,0
AT2G08815,0,3,4,1,1,6
AT2G08820,0,2,1,1,1,1
AT2G08825,0,0,0,0,1,3
AT2G08830,2,0,0,0,0,1
AT2G08835,2,0,0,0,0,0
AT2G08845,0,0,0,0,0,0
AT2G08850,0,0,2,2,2,0
AT2G08855,0,0,0,0,0,0
AT2G08860,0,0,0,0,0,0
AT2G08865,6,13,7,14,21,11
AT2G08870,2,2,0,0,2,0
AT2G08875,0,0,0,0,0,0
AT2G08880,0,0,0,0,0,0
AT2G08885,0,0,0,0,0,0
AT2G08890,0,0,0,0,0,0
AT2G08895,0,0,0,0,0,0
AT2G08900,0,2,0,1,2,3
AT2G08905,0,0,0,0,0,0
AT2G08910,1,0,1,0,2,0
AT2G08915,9,7,9,0,1,2
AT2G08920,0,0,0,0,0,0
AT2G08925,0,0,0,0,0,0
AT2G08930,0,0,0,0,0,0
AT2G08935,0,0,0,0,0,0
AT2G08940,0,0,0,0,0,0
AT2G08945,0,0,1,3,0,0
AT2G08950,0,1,0,0,0,0
AT2G08955,0,0,2,4,1,0
AT2G08960,0,0,0,0,0,0
AT2G08965,0,0,0,0,0,2
AT2G08970,0,0,0,0,0,0
AT2G08975,0,1,0,0,0,0
AT2G08980,0,0,0,0,0,0
AT2G08985,0,0,0,0,0,0
AT2G08986,0,0,0,0,0,0
AT2G08990,0,0,0,0,0,0
AT2G08995,0,0,0,0,0,0
AT2G09000,3,1,3,2,0,0
AT2G09005,0,2,2,0,0,1
AT2G09010,6,8,6,2,0,1
AT2G09015,0,0,0,0,0,0
AT2G09020,0,0,0,0,0,0
AT2G09025,0,2,1,0,0,2
AT2G09035,0,0,0,0,0,0
AT2G09040,0,0,0,0,0,0
AT2G09045,0,0,0,1,0,0
AT2G09050,0,0,0,0,0,0
AT2G09055,2,6,4,2,1,7
AT2G09060,0,0,0,0,0,0
AT2G09065,0,0,0,0,0,0
AT2G09070,0,0,0,0,1,0
AT2G09075,0,2,0,0,1,2
AT2G09080,0,1,0,0,0,0
AT2G09085,0,0,0,0,0,0
AT2G09090,17,29,19,13,16,19
AT2G09095,0,0,0,0,0,0
AT2G09100,0,0,0,0,0,0
AT2G09105,0,0,0,0,0,0
AT2G09110,0,0,0,0,1,0
AT2G09115,0,0,0,0,0,0
AT2G09120,0,0,0,0,0,0
AT2G09125,0,0,0,0,0,0
AT2G09130,0,1,0,0,0,0
AT2G09135,0,0,0,0,0,0
AT2G09140,0,1,0,0,0,0
AT2G09150,0,0,0,0,0,0
AT2G09155,0,0,0,0,0,0
AT2G09160,0,0,0,0,0,0
AT2G09165,3,0,0,1,2,1
AT2G09170,1,0,2,0,0,0
AT2G09175,0,0,0,0,1,0
AT2G09180,0,0,0,0,0,0
AT2G09185,0,1,0,0,0,0
AT2G09190,9,9,11,3,13,23
AT2G09195,1,0,0,0,0,0
AT2G09200,17,10,17,28,16,17
AT2G09205,0,1,0,0,0,1
AT2G09210,0,0,0,0,0,0
AT2G09215,0,0,0,0,0,0
AT2G09220,0,0,0,0,0,0
AT2G09225,124,280,181,183,168,212
AT2G09230,0,1,1,1,0,4
AT2G09235,0,0,0,0,0,0
AT2G09240,0,0,1,0,0,0
AT2G09245,0,0,0,0,0,0
AT2G09250,8,45,27,9,8,19
AT2G09255,0,2,4,0,0,0
AT2G09260,0,0,0,0,0,0
AT2G09265,0,0,0,0,0,0
AT2G09270,0,0,0,0,0,0
AT2G09280,0,0,0,0,0,0
AT2G09285,0,0,0,0,0,0
AT2G09290,0,0,0,0,0,0
AT2G09295,6,2,2,2,2,0
AT2G09300,0,1,1,0,2,2
AT2G09305,0,1,2,0,0,2
AT2G09310,1,2,0,3,0,0
AT2G09315,0,0,0,0,0,0
AT2G09320,0,0,0,0,0,0
AT2G09325,6,8,5,4,11,6
AT2G09330,0,0,0,0,0,0
AT2G09335,0,2,2,1,5,2
AT2G09340,0,0,0,0,0,0
AT2G09345,0,0,0,0,0,0
AT2G09350,18,23,21,28,29,10
AT2G09355,0,0,0,0,0,0
AT2G09360,0,0,0,0,0,0
AT2G09365,0,2,0,0,0,0
AT2G09370,2,15,6,5,2,8
AT2G09375,0,0,0,0,0,0
AT2G09380,0,0,0,0,0,0
AT2G09385,0,0,0,0,0,0
AT2G09388,0,0,0,0,0,0
AT2G09390,0,0,0,0,0,0
AT2G09395,0,0,0,0,0,0
AT2G09400,0,0,0,0,0,1
AT2G09405,0,0,0,0,0,0
AT2G09410,0,0,0,0,0,0
AT2G09415,0,0,0,0,0,0
AT2G09420,7,10,9,11,9,7
AT2G09425,0,0,0,1,2,0
AT2G09430,3,2,1,2,2,2
AT2G09435,2,9,5,1,4,3
AT2G09440,4,2,0,0,0,1
AT2G09445,0,0,0,0,0,0
AT2G09450,0,0,0,0,0,0
AT2G09455,0,2,1,2,1,3
AT2G09460,0,0,0,0,1,0
AT2G09465,5,94,16,5,2,5
AT2G09470,11,13,17,1,4,8
AT2G09475,0,0,0,0,0,0
AT2G09480,0,0,0,0,0,0
AT2G09490,0,0,0,0,0,1
AT2G09495,1,1,4,1,2,2
AT2G09500,0,0,0,0,0,0
AT2G09505,2,1,0,0,5,10
AT2G09510,0,6,0,1,2,0
AT2G09515,0,0,0,0,0,0
AT2G09525,0,1,1,0,0,0
AT2G09530,0,1,0,0,0,0
AT2G09535,0,0,0,0,0,0
AT2G09540,0,1,0,1,0,0
AT2G09545,0,0,1,0,0,0
AT2G09550,5,3,0,0,0,0
AT2G09555,0,0,0,0,0,0
AT2G09560,0,0,0,0,0,0
AT2G09565,0,0,0,0,1,0
AT2G09570,0,0,0,0,0,0
AT2G09575,4,1,0,2,0,0
AT2G09585,0,0,0,0,0,0
AT2G09590,0,0,0,0,0,0
AT2G09605,0,6,7,0,3,6
AT2G09610,0,3,0,0,0,0
AT2G09615,0,0,0,0,0,0
AT2G09620,0,0,0,0,0,0
AT2G09625,0,0,0,0,0,0
AT2G09630,0,0,0,0,0,0
AT2G09635,0,0,0,0,0,0
AT2G09640,52,64,52,43,39,80
AT2G09645,0,1,1,0,0,0
AT2G09650,1,1,0,2,2,2
AT2G09655,0,0,0,0,0,0
AT2G09660,38,20,30,43,43,45
AT2G09665,1,0,0,0,2,0
AT2G09670,0,0,0,0,0,0
AT2G09675,0,0,0,0,0,0
AT2G09680,0,0,0,0,0,0
AT2G09685,0,1,0,0,0,1
AT2G09690,0,0,0,0,0,0
AT2G09695,1,0,0,0,0,0
AT2G09700,1,6,0,0,0,5
AT2G09705,0,4,0,0,0,0
AT2G09710,6,1,1,2,4,0
AT2G09715,0,0,0,0,0,0
AT2G09720,0,0,0,0,0,0
AT2G09725,0,0,0,0,0,0
AT2G09730,0,0,0,0,0,0
AT2G09735,1,7,3,3,2,5
AT2G09740,3,9,3,1,4,6
AT2G09745,1,5,2,0,4,6
AT2G09750,0,1,0,0,0,0
AT2G09755,0,0,0,0,0,0
AT2G09760,0,0,0,0,0,0
AT2G09765,0,0,0,0,0,0
AT2G09770,0,0,0,0,0,0
AT2G09775,0,8,0,1,0,1
AT2G09780,0,0,0,0,0,0
AT2G09785,135,460,257,197,167,197
AT2G09795,180,377,184,226,205,196
AT2G09805,0,0,1,0,1,0
AT2G09815,0,0,0,0,0,0
AT2G09825,0,0,0,0,0,0
AT2G09835,0,0,0,0,0,0
AT2G09838,0,0,0,0,0,0
AT2G09840,0,0,0,0,0,0
AT2G09845,0,1,2,1,3,0
AT2G09875,0,0,0,1,0,0
AT2G09885,0,4,0,1,1,0
AT2G09895,4,3,3,10,5,7
AT2G09905,1,7,4,4,4,1
AT2G09915,0,0,0,0,0,0
AT2G09925,0,0,0,0,0,0
AT2G09935,0,18,17,0,0,0
AT2G09945,10,33,31,22,19,25
AT2G09955,0,0,0,0,0,0
AT2G09965,0,0,0,0,0,0
AT2G09970,0,0,0,0,0,0
AT2G09975,41,10,21,35,20,26
AT2G09990,2372,4581,2222,2050,1891,1958
AT2G09995,0,0,0,0,0,0
AT2G10020,0,0,0,0,0,0
AT2G10025,0,0,0,0,0,0
AT2G10260,0,0,0,0,0,0
AT2G10440,0,0,0,0,0,0
AT2G10450,0,0,0,0,0,0
AT2G10455,0,0,0,0,0,0
AT2G10535,0,0,2,0,1,0
AT2G10537,2,0,1,0,0,0
AT2G10545,0,0,0,0,0,0
AT2G10550,0,0,0,0,0,0
AT2G10553,0,0,0,0,0,0
AT2G10556,0,0,0,0,0,0
AT2G10557,0,0,0,0,0,0
AT2G10560,0,0,0,0,0,0
AT2G10602,0,0,0,0,0,0
AT2G10606,0,1,0,0,0,0
AT2G10608,0,0,0,0,0,0
AT2G10615,0,0,0,0,0,0
AT2G10625,0,0,0,0,0,0
AT2G10920,0,0,0,1,0,0
AT2G10921,0,0,1,0,0,0
AT2G10930,9,5,10,4,7,7
AT2G10931,133,95,77,105,96,99
AT2G10940,7,7,1,1,5,5
AT2G10950,153,213,139,127,139,132
AT2G10955,0,0,0,0,0,0
AT2G10965,0,0,0,0,0,0
AT2G10970,0,0,0,0,0,0
AT2G10975,0,0,0,0,0,0
AT2G11000,128,140,75,143,107,113
AT2G11005,0,0,0,0,0,0
AT2G11010,0,0,0,0,0,0
AT2G11015,0,0,0,0,0,0
AT2G11025,0,0,0,0,0,0
AT2G11035,5,10,13,10,7,9
AT2G11045,0,0,0,0,0,0
AT2G11200,0,0,0,0,0,0
AT2G11205,0,0,3,0,0,0
AT2G11215,1,4,3,2,3,6
AT2G11225,24,26,14,22,23,37
AT2G11270,1,0,0,1,0,4
AT2G11271,0,0,0,0,1,0
AT2G11405,0,0,0,0,0,0
AT2G11462,0,0,0,0,0,0
AT2G11520,180,209,114,163,164,163
AT2G11522,0,0,0,0,1,0
AT2G11570,0,0,0,0,0,0
AT2G11620,0,0,0,0,0,0
AT2G11623,0,0,0,0,0,0
AT2G11626,0,0,0,0,0,0
AT2G11773,0,0,0,0,0,0
AT2G11778,0,0,0,0,0,0
AT2G11810,0,0,3,0,1,0
AT2G11815,1,0,0,0,0,0
AT2G11851,0,0,0,0,0,0
AT2G11852,0,0,0,0,0,0
AT2G11890,534,579,560,528,464,469
AT2G11891,0,0,0,2,3,1
AT2G11910,1679,3186,1653,1612,1109,1640
AT2G12170,4,1,5,1,0,6
AT2G12190,0,1,0,0,0,1
AT2G12200,0,0,0,0,0,0
AT2G12205,0,0,0,0,0,0
AT2G12280,0,0,0,0,0,0
AT2G12290,0,0,0,0,0,0
AT2G12400,336,341,237,295,276,305
AT2G12405,0,0,0,0,0,0
AT2G12461,1,1,3,1,3,3
AT2G12462,6,117,58,20,20,38
AT2G12465,0,0,0,0,0,0
AT2G12475,0,0,0,0,0,0
AT2G12480,0,0,0,0,0,0
AT2G12550,48,83,39,41,91,72
AT2G12646,527,385,321,457,278,290
AT2G12875,0,0,0,0,0,0
AT2G12880,0,0,0,0,0,0
AT2G12900,0,0,0,0,0,0
AT2G12905,0,0,0,0,0,0
AT2G12935,0,0,0,0,0,0
AT2G12940,0,0,0,0,0,0
AT2G12945,0,0,0,0,0,0
AT2G13100,198,259,153,176,196,173
AT2G13105,0,0,0,0,0,0
AT2G13125,0,0,0,0,0,0
AT2G13126,0,0,0,0,0,0
AT2G13150,0,0,0,0,0,0
AT2G13275,0,0,0,0,0,1
AT2G13290,148,97,72,80,56,77
AT2G13295,0,0,0,0,0,0
AT2G13350,0,0,0,0,0,0
AT2G13360,194,370,313,357,229,800
AT2G13370,176,210,127,130,166,226
AT2G13422,0,0,0,0,0,0
AT2G13430,0,0,0,0,0,0
AT2G13440,69,39,33,48,29,42
AT2G13450,0,0,0,0,0,0
AT2G13463,0,0,0,0,0,0
AT2G13500,0,0,0,0,0,0
AT2G13510,0,0,0,0,0,0
AT2G13540,255,199,105,330,204,183
AT2G13542,0,0,0,0,0,0
AT2G13547,0,0,0,0,0,0
AT2G13550,210,236,168,164,164,152
AT2G13555,0,0,0,0,1,0
AT2G13560,699,614,449,865,457,763
AT2G13570,6,11,2,0,2,1
AT2G13600,19,27,7,25,10,18
AT2G13610,5,0,0,3,1,5
AT2G13620,0,0,0,0,0,0
AT2G13630,0,0,0,0,0,0
AT2G13640,0,1,0,6,0,3
AT2G13650,134,268,152,169,93,162
AT2G13660,50,57,54,30,33,61
AT2G13665,82,110,84,75,64,89
AT2G13680,0,0,1,5,0,1
AT2G13690,123,46,43,88,75,132
AT2G13720,0,0,0,0,0,0
AT2G13760,0,0,0,0,0,0
AT2G13770,0,0,0,0,0,0
AT2G13790,82,67,61,95,86,97
AT2G13800,36,44,30,77,48,72
AT2G13810,0,16,14,1,1,30
AT2G13820,1274,2090,1712,1021,800,853
AT2G13840,45,103,41,112,80,91
AT2G13845,0,0,0,0,0,0
AT2G13895,0,0,0,0,0,0
AT2G13900,21,8,4,8,6,10
AT2G13905,0,0,0,0,0,0
AT2G13950,0,0,0,0,0,0
AT2G13960,62,73,31,40,22,37
AT2G13965,3,8,8,2,3,7
AT2G13980,0,0,0,0,0,0
AT2G13985,0,0,0,0,0,0
AT2G14000,0,0,0,0,0,0
AT2G14045,313,679,328,301,223,345
AT2G14050,45,43,24,26,2,32
AT2G14060,0,0,0,0,0,0
AT2G14070,0,0,0,0,0,1
AT2G14080,3,1,2,4,3,6
AT2G14095,0,21,5,11,10,36
AT2G14100,563,306,167,620,375,660
AT2G14110,121,248,106,94,64,163
AT2G14115,79,160,52,88,52,69
AT2G14120,226,191,144,279,235,262
AT2G14160,0,3,2,0,1,1
AT2G14170,549,669,370,671,487,683
AT2G14210,256,125,105,253,257,542
AT2G14247,349,40,19,50,23,599
AT2G14255,327,205,207,238,257,294
AT2G14260,282,267,131,182,177,277
AT2G14265,0,0,0,0,0,0
AT2G14270,0,0,0,0,0,0
AT2G14282,0,0,0,0,0,0
AT2G14285,61,154,83,33,59,49
AT2G14288,0,0,0,0,0,0
AT2G14289,0,0,0,0,0,0
AT2G14290,3,2,1,1,2,6
AT2G14365,0,0,0,0,0,0
AT2G14378,0,0,0,0,0,0
AT2G14390,0,0,0,0,0,0
AT2G14395,0,0,0,0,0,0
AT2G14440,0,0,0,0,0,0
AT2G14460,118,265,118,93,88,114
AT2G14500,0,0,0,0,0,0
AT2G14510,13,12,4,3,3,19
AT2G14520,44,39,22,38,55,51
AT2G14530,135,94,106,182,151,142
AT2G14540,0,0,0,0,0,0
AT2G14560,1,0,1,5,10,14
AT2G14580,0,0,0,0,0,0
AT2G14610,0,0,0,0,0,0
AT2G14620,35,45,23,73,26,10
AT2G14635,0,0,0,0,0,0
AT2G14660,30,65,28,43,24,23
AT2G14670,0,0,0,0,0,0
AT2G14680,101,92,72,101,90,105
AT2G14690,7,6,1,5,2,4
AT2G14692,0,0,0,0,0,0
AT2G14695,0,0,0,0,0,0
AT2G14700,0,0,0,0,0,0
AT2G14710,0,0,0,0,0,0
AT2G14720,385,417,306,610,293,434
AT2G14740,214,206,127,282,132,244
AT2G14750,219,372,266,260,169,335
AT2G14755,0,1,0,1,0,0
AT2G14760,2,7,2,2,5,8
AT2G14765,0,0,0,0,0,0
AT2G14775,4,4,3,2,4,5
AT2G14800,4,3,3,11,4,7
AT2G14810,0,1,0,0,0,1
AT2G14820,466,241,137,389,223,322
AT2G14825,199,278,176,153,112,206
AT2G14830,0,0,0,0,0,0
AT2G14835,576,1051,627,684,586,682
AT2G14846,0,0,0,0,0,0
AT2G14850,111,140,71,95,88,135
AT2G14860,66,146,88,86,47,67
AT2G14870,0,0,0,0,0,0
AT2G14878,4730,4950,3504,2947,2617,4810
AT2G14880,186,251,220,145,118,137
AT2G14890,1762,2349,2939,2148,1635,1925
AT2G14900,748,1064,530,554,575,641
AT2G14910,957,1087,546,693,669,791
AT2G14920,4,18,1,8,3,4
AT2G14935,0,0,0,0,0,0
AT2G14945,0,0,0,0,0,0
AT2G14960,4,2,16,1,5,15
AT2G15000,162,334,306,217,172,190
AT2G15010,0,0,0,0,0,0
AT2G15020,0,0,0,0,0,0
AT2G15025,0,0,0,0,0,0
AT2G15029,0,1,0,0,0,0
AT2G15042,0,0,0,0,0,0
AT2G15050,0,0,0,0,0,0
AT2G15080,0,0,2,1,0,4
AT2G15090,0,0,0,0,0,0
AT2G15110,0,0,0,0,0,0
AT2G15128,6,17,3,6,8,4
AT2G15130,1,3,3,2,0,0
AT2G15170,0,0,0,0,0,0
AT2G15180,0,0,0,0,0,0
AT2G15185,0,0,0,0,0,0
AT2G15220,0,7,9,12,1,14
AT2G15230,181,251,156,147,117,158
AT2G15240,681,1149,652,761,559,720
AT2G15260,0,0,0,0,0,0
AT2G15270,251,516,213,181,161,211
AT2G15280,191,365,213,152,135,161
AT2G15290,135,176,135,117,77,135
AT2G15292,337,459,307,317,342,290
AT2G15300,47,43,36,38,65,56
AT2G15310,64,88,35,25,26,43
AT2G15318,4,5,1,2,0,0
AT2G15320,136,166,167,199,160,151
AT2G15325,0,0,0,0,0,0
AT2G15327,0,0,0,0,0,2
AT2G15340,2,1,2,2,5,6
AT2G15345,0,0,0,0,0,0
AT2G15350,1,1,5,4,0,6
AT2G15360,0,0,0,0,0,0
AT2G15370,9,36,29,18,13,33
AT2G15390,71,93,62,96,81,111
AT2G15400,38,34,45,23,15,33
AT2G15420,0,0,0,0,0,0
AT2G15430,318,387,187,281,184,245
AT2G15440,43,48,21,37,35,40
AT2G15450,0,0,0,0,0,0
AT2G15460,0,0,0,0,0,0
AT2G15470,0,0,0,0,0,0
AT2G15480,300,268,198,341,245,461
AT2G15490,1851,784,464,2780,1847,1898
AT2G15500,0,0,0,0,0,0
AT2G15530,107,120,100,122,114,135
AT2G15535,0,0,0,0,0,0
AT2G15555,0,0,0,0,0,0
AT2G15560,145,91,69,96,66,122
AT2G15570,485,1120,815,494,301,432
AT2G15580,101,231,188,73,60,101
AT2G15590,13,0,5,11,6,1
AT2G15610,0,0,0,0,0,0
AT2G15620,334,522,314,558,493,355
AT2G15630,31,11,3,19,14,15
AT2G15640,0,0,0,0,0,0
AT2G15660,0,0,0,0,0,0
AT2G15670,0,0,0,0,0,0
AT2G15680,44,44,26,29,26,37
AT2G15690,126,162,131,198,125,141
AT2G15695,112,205,107,115,73,156
AT2G15710,0,0,0,0,0,0
AT2G15730,90,92,51,69,69,49
AT2G15740,0,0,0,0,0,0
AT2G15760,2,25,9,3,4,4
AT2G15770,0,0,0,0,0,0
AT2G15780,0,0,0,0,0,0
AT2G15790,140,89,78,98,50,100
AT2G15820,23,52,15,29,28,39
AT2G15830,28,214,181,77,24,161
AT2G15860,255,419,152,364,179,290
AT2G15880,131,94,67,126,72,234
AT2G15890,1450,1868,1391,1793,1240,2930
AT2G15900,77,136,82,105,84,165
AT2G15910,822,1116,654,724,606,862
AT2G15950,0,0,0,0,0,0
AT2G15960,30,16,17,77,36,167
AT2G15970,1385,3547,2249,583,525,3316
AT2G15980,38,12,12,30,33,49
AT2G16005,0,2,0,0,0,0
AT2G16015,0,0,0,0,0,0
AT2G16016,0,0,0,0,0,0
AT2G16018,0,0,0,0,0,0
AT2G16019,0,0,0,0,0,0
AT2G16020,0,0,0,0,0,0
AT2G16030,0,0,0,0,0,0
AT2G16040,0,0,0,0,0,0
AT2G16050,26,55,47,40,35,27
AT2G16060,234,250,164,435,406,414
AT2G16070,145,150,109,98,81,110
AT2G16090,87,73,51,140,65,67
AT2G16120,0,0,0,0,0,0
AT2G16130,0,0,0,0,0,0
AT2G16145,0,0,0,0,0,0
AT2G16190,0,0,0,0,0,1
AT2G16200,0,0,0,0,0,0
AT2G16210,0,0,0,0,0,0
AT2G16220,0,0,0,0,0,0
AT2G16225,0,0,0,0,0,0
AT2G16230,59,72,82,81,52,49
AT2G16240,0,0,0,0,0,0
AT2G16245,3,5,5,6,4,4
AT2G16250,17,23,5,32,27,42
AT2G16270,11,78,30,66,50,77
AT2G16280,334,450,225,520,319,323
AT2G16290,0,0,0,0,0,0
AT2G16300,0,0,0,0,0,0
AT2G16340,0,0,0,0,0,0
AT2G16360,0,0,0,0,0,0
AT2G16365,692,278,192,398,291,446
AT2G16370,233,270,208,218,150,197
AT2G16380,1,4,9,1,2,22
AT2G16385,17,39,33,22,32,29
AT2G16390,91,58,45,69,53,57
AT2G16400,51,121,86,59,63,83
AT2G16405,94,148,103,152,87,106
AT2G16430,67,104,61,51,32,31
AT2G16440,119,83,86,181,94,135
AT2G16450,0,0,0,0,0,0
AT2G16460,187,503,285,248,253,193
AT2G16485,387,214,170,286,259,321
AT2G16490,0,0,0,0,0,0
AT2G16500,283,289,207,402,439,356
AT2G16505,0,1,0,0,0,0
AT2G16510,1047,1856,1253,1366,908,1251
AT2G16520,0,0,0,0,0,0
AT2G16530,261,339,192,327,247,296
AT2G16535,0,0,0,0,0,0
AT2G16570,128,78,107,191,103,75
AT2G16575,2,13,2,2,7,10
AT2G16580,113,356,135,118,119,84
AT2G16586,821,854,1087,670,1137,645
AT2G16592,0,0,0,0,0,0
AT2G16594,0,0,0,0,0,0
AT2G16595,202,489,294,185,165,238
AT2G16600,6758,18459,8923,7964,5341,8448
AT2G16620,0,0,0,0,0,0
AT2G16630,0,0,0,0,0,1
AT2G16640,406,315,179,328,197,340
AT2G16650,68,60,42,86,90,88
AT2G16660,149,54,56,183,131,109
AT2G16676,0,0,0,0,0,0
AT2G16700,99,90,94,92,70,156
AT2G16710,252,397,220,221,198,428
AT2G16720,374,397,243,224,148,1120
AT2G16730,0,0,0,0,0,0
AT2G16740,91,220,154,49,117,144
AT2G16750,19,104,57,25,21,60
AT2G16760,20,30,35,10,12,11
AT2G16770,68,86,75,91,46,97
AT2G16780,499,604,239,532,355,365
AT2G16790,72,300,134,96,56,213
AT2G16800,290,305,251,383,239,263
AT2G16810,0,0,0,0,0,0
AT2G16835,0,0,0,0,0,0
AT2G16850,984,835,507,652,406,559
AT2G16860,438,819,440,496,387,454
AT2G16870,13,34,12,18,16,37
AT2G16880,59,74,73,63,65,78
AT2G16890,0,0,0,0,0,0
AT2G16900,121,127,81,99,86,191
AT2G16910,11,8,1,4,0,17
AT2G16920,192,126,66,87,120,171
AT2G16930,431,1097,621,452,311,506
AT2G16940,773,706,413,655,510,744
AT2G16950,242,274,240,217,167,304
AT2G16953,0,0,0,0,0,0
AT2G16960,0,0,0,0,0,0
AT2G16970,24,70,45,46,21,28
AT2G16980,40,248,100,41,56,83
AT2G16990,84,108,60,71,101,80
AT2G17000,0,0,0,0,0,0
AT2G17010,0,0,0,0,0,0
AT2G17020,278,273,114,224,185,173
AT2G17030,85,127,51,84,80,102
AT2G17033,67,112,52,103,70,71
AT2G17036,8,6,1,0,0,6
AT2G17040,5,1,2,0,6,5
AT2G17043,0,0,0,0,0,0
AT2G17050,0,9,0,0,6,0
AT2G17055,0,0,0,0,1,1
AT2G17060,6,15,5,6,2,7
AT2G17070,196,130,77,231,170,255
AT2G17080,362,295,161,504,301,433
AT2G17090,0,0,0,0,0,0
AT2G17110,99,127,47,41,55,96
AT2G17120,297,313,310,367,222,307
AT2G17130,436,613,331,428,255,476
AT2G17140,12,16,13,12,18,32
AT2G17150,93,108,48,80,70,79
AT2G17160,0,0,0,0,0,0
AT2G17170,0,0,0,0,0,0
AT2G17180,0,0,0,0,0,0
AT2G17190,209,386,193,391,238,299
AT2G17200,505,549,364,616,356,573
AT2G17210,0,4,1,0,0,0
AT2G17220,25,54,54,19,16,85
AT2G17230,64,101,86,240,166,161
AT2G17240,360,400,323,265,225,306
AT2G17250,241,323,228,336,282,223
AT2G17260,35,12,12,27,10,23
AT2G17265,363,409,330,378,229,290
AT2G17270,39,126,55,89,109,85
AT2G17280,103,286,181,261,163,272
AT2G17290,333,281,230,561,265,553
AT2G17295,0,2,0,0,0,0
AT2G17300,62,99,93,86,48,92
AT2G17305,0,0,0,0,0,0
AT2G17310,0,0,0,0,0,0
AT2G17320,302,286,159,180,146,189
AT2G17340,186,467,219,290,168,240
AT2G17350,157,287,162,122,102,182
AT2G17360,6489,8102,5619,6373,4640,5840
AT2G17370,219,376,129,269,149,274
AT2G17380,767,1621,804,786,526,868
AT2G17390,1535,1829,891,1170,782,1218
AT2G17410,243,155,151,286,209,248
AT2G17420,3109,3229,2029,3366,2507,3107
AT2G17430,21,34,16,12,17,56
AT2G17440,1224,1063,765,1274,1261,1426
AT2G17442,28,57,35,25,11,31
AT2G17450,349,613,447,272,234,444
AT2G17470,0,0,0,0,1,0
AT2G17480,75,79,75,134,81,101
AT2G17500,60,668,583,166,81,792
AT2G17510,316,208,160,245,169,245
AT2G17520,256,209,142,199,168,299
AT2G17525,18,48,10,21,14,38
AT2G17530,204,319,151,277,195,228
AT2G17540,230,334,170,236,171,249
AT2G17550,106,122,75,102,82,143
AT2G17560,1341,4290,2232,2005,1407,1893
AT2G17570,194,252,150,158,149,190
AT2G17580,110,149,68,157,112,106
AT2G17590,2,16,17,4,8,5
AT2G17600,4,13,2,3,0,1
AT2G17620,161,298,110,131,121,189
AT2G17630,319,320,192,407,312,255
AT2G17640,269,161,134,219,154,263
AT2G17650,79,55,19,40,48,30
AT2G17660,7,10,1,0,0,11
AT2G17670,113,60,55,128,62,81
AT2G17680,0,0,0,0,0,0
AT2G17690,0,0,0,8,4,1
AT2G17695,23,40,28,7,12,18
AT2G17700,142,136,103,83,92,153
AT2G17705,172,188,129,104,110,261
AT2G17710,1188,1068,803,1218,1029,2219
AT2G17720,579,1304,544,1021,599,911
AT2G17723,0,0,0,0,0,0
AT2G17730,39,83,64,56,61,88
AT2G17740,0,0,0,0,0,0
AT2G17750,0,0,0,0,0,0
AT2G17760,97,158,51,85,55,186
AT2G17770,0,0,3,4,2,2
AT2G17780,1,3,0,10,5,6
AT2G17785,0,0,0,0,0,0
AT2G17787,43,81,39,50,20,79
AT2G17790,429,270,160,345,309,360
AT2G17800,528,712,461,472,373,389
AT2G17810,0,0,0,0,0,0
AT2G17820,47,180,100,28,53,47
AT2G17830,62,61,44,40,37,48
AT2G17840,143,300,150,165,155,252
AT2G17845,0,0,0,0,0,0
AT2G17850,0,0,0,2,0,2
AT2G17860,0,0,0,0,0,0
AT2G17870,183,192,131,196,124,173
AT2G17880,29,49,32,21,24,41
AT2G17890,0,2,2,4,1,6
AT2G17900,110,152,86,109,85,120
AT2G17905,0,0,0,0,0,0
AT2G17920,2,0,0,1,1,4
AT2G17930,173,133,88,155,144,213
AT2G17940,8,24,15,32,6,30
AT2G17950,0,0,0,1,0,0
AT2G17960,0,0,0,0,0,0
AT2G17970,61,86,29,72,68,83
AT2G17972,11,22,15,15,12,23
AT2G17975,152,174,80,101,87,117
AT2G17980,311,377,237,468,340,372
AT2G17990,364,533,325,412,299,406
AT2G18000,13,25,25,16,14,40
AT2G18010,0,0,1,0,0,2
AT2G18020,17462,25328,14958,15008,10331,13496
AT2G18025,0,3,0,0,1,0
AT2G18030,623,1007,586,564,483,561
AT2G18040,1325,3646,1823,1613,1096,1465
AT2G18050,430,464,407,268,211,360
AT2G18060,6,54,9,11,7,7
AT2G18070,0,0,0,0,0,0
AT2G18080,0,0,0,0,0,0
AT2G18090,290,244,182,213,318,356
AT2G18100,25,21,16,13,19,4
AT2G18110,1431,1503,1076,1252,840,1054
AT2G18120,0,0,0,0,0,0
AT2G18130,0,0,0,0,0,0
AT2G18140,0,0,0,0,0,0
AT2G18150,14,30,3,100,58,48
AT2G18160,443,1522,954,309,374,533
AT2G18170,184,182,116,180,194,242
AT2G18180,0,0,0,0,0,0
AT2G18190,0,0,0,1,0,0
AT2G18193,220,145,66,204,204,237
AT2G18196,363,683,525,331,169,336
AT2G18200,0,0,0,0,0,0
AT2G18210,5,28,26,0,9,87
AT2G18220,198,270,140,236,196,211
AT2G18230,367,377,331,309,194,279
AT2G18240,78,230,144,194,136,173
AT2G18245,46,89,46,67,69,61
AT2G18250,169,391,245,130,104,217
AT2G18260,0,2,0,1,0,1
AT2G18270,24,26,21,11,18,22
AT2G18280,1175,1099,782,825,894,1468
AT2G18290,81,207,101,97,97,133
AT2G18300,0,27,7,1,1,0
AT2G18310,0,0,0,0,0,0
AT2G18320,0,0,0,0,0,0
AT2G18328,0,0,0,0,0,0
AT2G18330,75,191,109,199,151,159
AT2G18340,0,0,0,0,0,0
AT2G18350,0,6,7,11,1,4
AT2G18360,19,16,8,73,33,40
AT2G18370,1,8,3,151,0,103
AT2G18380,212,188,116,163,94,79
AT2G18390,696,1111,410,446,427,455
AT2G18400,778,1711,784,805,540,730
AT2G18410,183,257,144,196,138,174
AT2G18420,0,5,1,0,0,0
AT2G18440,1658,2261,1298,1366,1394,2555
AT2G18450,69,27,14,78,76,67
AT2G18460,0,2,0,1,0,0
AT2G18465,73,95,58,91,40,78
AT2G18470,0,1,3,0,0,0
AT2G18480,0,0,0,0,0,0
AT2G18490,0,0,0,0,0,0
AT2G18500,0,5,1,0,2,4
AT2G18510,183,224,219,347,280,238
AT2G18520,111,53,74,114,64,63
AT2G18530,0,0,0,0,0,0
AT2G18540,0,5,0,0,0,0
AT2G18550,7,2,2,6,1,6
AT2G18560,15,111,114,4,11,8
AT2G18570,93,254,178,24,31,77
AT2G18590,0,0,0,0,0,0
AT2G18600,50,154,118,57,44,106
AT2G18620,69,44,22,83,85,70
AT2G18630,297,418,167,393,229,337
AT2G18640,2,8,2,9,0,2
AT2G18650,12,11,9,27,16,24
AT2G18660,0,0,0,5,1,1
AT2G18670,152,193,105,259,222,364
AT2G18680,34,11,13,24,47,73
AT2G18685,2,0,1,0,4,6
AT2G18690,0,41,33,109,51,375
AT2G18700,173,146,89,155,105,319
AT2G18710,346,492,261,306,262,327
AT2G18720,0,0,12,0,2,0
AT2G18721,0,0,0,0,0,0
AT2G18730,220,244,150,218,173,280
AT2G18735,236,422,209,178,131,223
AT2G18740,797,2131,1144,815,663,913
AT2G18750,530,574,420,646,350,610
AT2G18760,31,40,38,25,39,27
AT2G18770,163,325,180,171,109,187
AT2G18780,26,42,20,38,19,21
AT2G18790,189,65,38,93,99,149
AT2G18800,214,407,308,458,390,349
AT2G18810,0,0,0,0,0,0
AT2G18830,0,0,0,0,0,0
AT2G18840,203,210,256,217,211,251
AT2G18850,112,126,55,106,49,72
AT2G18860,139,193,139,132,124,180
AT2G18870,0,0,0,0,0,0
AT2G18876,163,284,170,140,92,200
AT2G18880,0,0,0,0,0,0
AT2G18890,36,30,28,58,48,35
AT2G18900,296,253,134,348,189,214
AT2G18910,303,469,316,325,155,193
AT2G18915,99,52,46,57,74,92
AT2G18917,7,10,3,2,6,8
AT2G18920,0,0,0,0,0,0
AT2G18938,4,12,18,5,10,15
AT2G18940,58,58,31,67,35,64
AT2G18950,20,90,32,27,16,66
AT2G18960,1061,1327,808,1107,707,1301
AT2G18969,6,53,12,11,6,5
AT2G18970,3,23,11,3,7,5
AT2G18980,741,600,957,1323,840,951
AT2G18990,179,426,200,266,167,231
AT2G19000,0,0,0,0,0,0
AT2G19010,0,0,0,0,0,0
AT2G19020,0,0,0,0,0,0
AT2G19030,0,0,0,0,0,0
AT2G19040,0,0,0,0,0,0
AT2G19045,0,0,0,0,0,0
AT2G19050,0,13,0,3,16,20
AT2G19060,11,42,32,16,24,106
AT2G19070,0,0,2,0,0,0
AT2G19080,518,693,389,486,273,435
AT2G19090,155,89,76,75,71,118
AT2G19110,287,443,230,395,440,616
AT2G19120,51,26,29,40,27,43
AT2G19130,2,34,24,6,17,47
AT2G19146,0,2,0,0,0,0
AT2G19150,0,0,1,0,0,0
AT2G19160,126,230,156,215,165,185
AT2G19170,52,152,71,129,73,96
AT2G19180,195,370,204,150,110,194
AT2G19190,0,3,1,2,0,4
AT2G19210,0,0,0,6,0,0
AT2G19220,0,0,0,0,0,0
AT2G19230,0,0,0,0,0,0
AT2G19240,27,11,8,3,9,12
AT2G19260,130,52,54,85,59,109
AT2G19270,334,548,317,324,291,408
AT2G19280,84,42,20,35,37,11
AT2G19290,1,0,0,0,0,0
AT2G19300,0,0,0,0,0,0
AT2G19310,38,80,114,15,36,51
AT2G19320,0,0,0,0,0,0
AT2G19330,12,22,13,14,14,17
AT2G19340,294,412,371,287,191,263
AT2G19350,221,611,327,206,167,279
AT2G19360,0,0,0,0,0,0
AT2G19365,0,0,0,0,0,0
AT2G19380,60,91,56,94,48,63
AT2G19385,144,292,161,181,105,183
AT2G19390,95,100,52,84,60,125
AT2G19400,0,9,0,7,6,1
AT2G19410,0,10,8,0,0,2
AT2G19420,0,0,0,0,0,0
AT2G19425,0,0,0,0,0,0
AT2G19430,274,346,191,221,115,252
AT2G19440,13,68,12,17,20,37
AT2G19450,171,236,165,207,165,259
AT2G19460,180,233,153,202,141,204
AT2G19470,194,269,177,220,184,249
AT2G19480,1421,1760,1042,1276,1072,1588
AT2G19490,81,109,86,103,115,74
AT2G19500,0,0,0,0,0,0
AT2G19510,0,0,0,0,0,0
AT2G19520,720,584,400,670,475,525
AT2G19530,53,164,61,58,42,25
AT2G19540,528,784,345,490,396,526
AT2G19550,9,14,3,5,2,7
AT2G19560,168,401,235,280,160,243
AT2G19570,194,242,179,254,191,376
AT2G19572,177,276,186,268,230,353
AT2G19580,129,209,80,96,85,99
AT2G19582,23,57,31,29,27,37
AT2G19590,144,92,74,76,58,90
AT2G19600,357,398,194,394,282,282
AT2G19610,1,11,4,6,2,4
AT2G19620,96,82,84,117,98,119
AT2G19630,0,0,0,0,0,0
AT2G19640,424,250,138,429,229,274
AT2G19650,1,0,1,3,1,0
AT2G19660,44,67,63,63,61,33
AT2G19670,255,442,280,244,157,228
AT2G19680,273,697,388,285,246,298
AT2G19690,36,112,58,47,51,40
AT2G19700,4,0,2,1,0,0
AT2G19710,45,66,26,48,54,54
AT2G19720,111,450,199,161,112,136
AT2G19730,9045,23381,12381,8275,6472,8294
AT2G19740,1552,1263,1388,1588,1130,1453
AT2G19750,1839,4282,2399,1961,1613,1860
AT2G19760,1275,3163,2153,1429,1256,1672
AT2G19770,0,0,0,0,0,0
AT2G19780,23,20,16,15,11,6
AT2G19790,1009,2064,1050,967,717,1001
AT2G19796,0,1,0,0,0,0
AT2G19800,22,383,489,90,55,235
AT2G19802,0,0,0,0,0,0
AT2G19810,550,452,320,511,249,550
AT2G19820,0,0,0,0,1,0
AT2G19830,598,1203,750,650,535,706
AT2G19850,0,0,0,0,0,0
AT2G19860,62,80,60,100,62,106
AT2G19870,133,95,41,80,73,81
AT2G19880,406,261,201,360,213,341
AT2G19890,0,0,0,0,0,0
AT2G19893,0,0,0,0,0,0
AT2G19900,0,6,16,3,21,17
AT2G19910,0,0,0,0,0,0
AT2G19920,0,0,0,0,1,10
AT2G19930,96,73,41,75,88,76
AT2G19940,283,337,251,310,225,270
AT2G19950,129,231,179,242,205,207
AT2G19960,2,2,0,0,0,15
AT2G19970,8,5,8,11,21,8
AT2G19980,0,0,0,0,0,0
AT2G19990,0,0,0,0,0,0
AT2G20000,228,136,117,191,156,225
AT2G20010,106,128,55,64,61,120
AT2G20020,55,31,42,69,23,70
AT2G20030,3,5,12,0,1,13
AT2G20050,128,149,86,113,195,142
AT2G20060,773,1360,704,761,484,735
AT2G20070,0,0,0,0,0,0
AT2G20080,0,31,16,1,4,36
AT2G20100,25,112,58,58,34,25
AT2G20110,42,40,29,50,34,38
AT2G20120,762,930,598,677,451,733
AT2G20130,128,341,182,205,131,214
AT2G20140,538,726,406,591,400,618
AT2G20142,12,3,10,43,54,74
AT2G20150,0,0,0,0,1,4
AT2G20160,0,0,0,1,0,0
AT2G20170,0,2,0,0,0,1
AT2G20180,58,64,24,23,35,24
AT2G20190,211,239,133,217,238,203
AT2G20208,0,0,0,0,0,0
AT2G20210,72,69,31,61,75,32
AT2G20230,718,876,721,669,553,809
AT2G20240,68,66,52,65,49,50
AT2G20250,0,0,3,2,0,0
AT2G20260,21,46,21,19,10,22
AT2G20270,105,332,154,105,80,110
AT2G20280,407,629,309,439,281,437
AT2G20290,19,73,61,34,57,47
AT2G20300,131,91,66,142,100,130
AT2G20310,102,99,81,144,93,97
AT2G20320,115,121,87,152,105,180
AT2G20330,450,248,160,367,292,332
AT2G20340,20,19,11,15,17,15
AT2G20350,0,0,0,0,0,0
AT2G20360,1517,1842,1208,1667,1196,1440
AT2G20362,12,50,27,13,26,24
AT2G20370,369,259,227,413,295,272
AT2G20380,0,0,1,0,0,0
AT2G20390,189,265,204,188,176,283
AT2G20400,147,80,61,64,53,64
AT2G20410,132,152,102,90,100,148
AT2G20420,1357,2201,943,1464,859,1322
AT2G20430,0,0,0,0,0,0
AT2G20440,63,73,52,53,81,75
AT2G20450,1361,3303,1616,1385,1226,1304
AT2G20463,0,0,0,0,0,0
AT2G20465,0,0,0,0,0,0
AT2G20470,0,2,2,5,3,2
AT2G20480,92,192,127,79,80,70
AT2G20490,1335,2443,1677,942,763,1050
AT2G20495,37,83,46,44,44,53
AT2G20500,57,161,54,45,31,100
AT2G20510,1,0,5,0,3,3
AT2G20515,932,1414,896,852,679,649
AT2G20520,0,0,7,0,53,21
AT2G20530,673,876,553,685,437,601
AT2G20540,20,39,18,12,25,17
AT2G20550,31,36,58,22,16,17
AT2G20560,23,39,30,12,15,47
AT2G20562,74,239,248,84,87,140
AT2G20570,0,0,0,0,0,0
AT2G20580,464,570,318,548,397,487
AT2G20585,432,593,721,417,387,423
AT2G20590,48,168,88,47,54,88
AT2G20595,0,0,0,0,0,0
AT2G20597,0,0,0,0,0,0
AT2G20605,0,0,0,0,0,0
AT2G20610,241,262,174,225,166,268
AT2G20613,0,0,0,0,0,0
AT2G20616,0,0,0,0,0,0
AT2G20618,0,0,0,0,0,0
AT2G20619,0,0,0,0,0,0
AT2G20620,0,0,0,0,0,0
AT2G20625,0,0,0,0,0,0
AT2G20630,555,972,655,677,364,666
AT2G20635,48,126,53,70,47,76
AT2G20650,96,128,114,128,87,123
AT2G20660,0,0,0,0,0,0
AT2G20670,249,289,252,208,146,568
AT2G20680,55,77,47,54,53,18
AT2G20690,117,104,89,128,90,80
AT2G20700,2,3,0,3,0,1
AT2G20710,94,48,42,65,38,50
AT2G20720,0,0,1,8,0,0
AT2G20721,0,0,0,0,0,0
AT2G20722,0,0,0,0,0,0
AT2G20723,0,0,0,0,0,0
AT2G20725,107,273,141,117,85,141
AT2G20740,157,241,157,153,115,182
AT2G20750,508,306,393,365,284,228
AT2G20760,1600,1496,1207,1890,1443,1542
AT2G20770,28,37,24,56,31,42
AT2G20780,293,185,146,285,263,311
AT2G20784,0,0,0,0,0,0
AT2G20790,233,163,121,231,141,188
AT2G20800,0,0,0,0,0,0
AT2G20805,0,0,0,0,0,0
AT2G20810,558,562,331,520,417,455
AT2G20815,24,27,7,27,31,57
AT2G20820,1662,2751,2152,1592,1233,1760
AT2G20825,0,3,0,0,0,0
AT2G20830,225,483,279,251,190,302
AT2G20835,51,19,25,34,42,4
AT2G20840,232,424,235,296,154,226
AT2G20850,121,46,46,120,99,114
AT2G20860,496,287,310,372,244,381
AT2G20870,0,0,0,0,0,0
AT2G20873,0,0,0,0,0,0
AT2G20875,0,0,0,1,0,0
AT2G20880,2,18,24,5,3,23
AT2G20890,428,690,373,389,363,427
AT2G20900,98,125,125,160,164,166
AT2G20920,396,292,241,217,172,342
AT2G20921,2,0,0,1,0,0
AT2G20930,516,1097,707,547,416,546
AT2G20940,152,272,148,165,112,143
AT2G20950,41,38,52,42,76,68
AT2G20960,116,72,58,182,81,223
AT2G20970,0,0,0,0,0,0
AT2G20980,56,118,65,101,60,43
AT2G20990,1247,1201,702,1203,765,1111
AT2G21010,0,0,0,0,0,0
AT2G21030,7,20,11,8,5,2
AT2G21040,0,0,0,0,0,0
AT2G21045,654,1822,1364,974,693,1214
AT2G21050,1052,924,580,993,544,753
AT2G21060,887,1041,864,1019,725,931
AT2G21070,181,123,98,145,124,130
AT2G21080,13,8,6,15,14,18
AT2G21090,88,144,81,86,76,81
AT2G21100,5,54,23,12,13,11
AT2G21105,0,0,0,0,0,0
AT2G21110,0,0,0,1,0,0
AT2G21120,310,381,184,253,227,291
AT2G21130,76,42,37,121,84,120
AT2G21140,0,0,0,0,0,0
AT2G21150,204,292,166,241,169,248
AT2G21160,2865,6100,3233,3963,2548,3372
AT2G21170,1810,1359,1149,1456,1080,1485
AT2G21180,157,208,170,124,121,177
AT2G21185,149,456,254,84,37,88
AT2G21187,160,467,272,117,81,88
AT2G21188,5,3,9,5,4,3
AT2G21190,636,979,648,716,462,638
AT2G21195,342,672,338,233,200,290
AT2G21200,0,2,0,0,0,1
AT2G21210,0,0,4,0,1,0
AT2G21220,0,0,0,0,0,0
AT2G21230,129,115,100,143,100,131
AT2G21235,0,0,0,0,0,0
AT2G21237,0,1,1,5,1,0
AT2G21240,222,383,190,209,157,292
AT2G21250,704,1202,503,807,458,625
AT2G21260,0,0,0,0,0,0
AT2G21270,297,482,327,347,228,363
AT2G21280,4,16,15,8,6,14
AT2G21290,687,1560,852,622,589,743
AT2G21300,274,436,175,354,326,297
AT2G21320,17,35,15,18,15,30
AT2G21330,0,0,0,0,0,0
AT2G21340,235,276,152,170,127,190
AT2G21350,52,105,54,60,37,73
AT2G21360,0,0,0,0,0,0
AT2G21370,48,75,33,32,33,67
AT2G21380,234,154,104,226,183,246
AT2G21385,118,178,95,82,65,139
AT2G21390,712,778,454,755,645,778
AT2G21400,4,26,17,9,20,6
AT2G21410,229,351,171,338,234,285
AT2G21420,0,0,0,0,2,0
AT2G21430,1,3,8,6,4,19
AT2G21440,245,155,123,264,202,238
AT2G21450,0,0,0,0,0,0
AT2G21455,0,0,0,0,0,0
AT2G21465,0,0,0,0,0,0
AT2G21470,209,292,140,288,241,253
AT2G21480,0,0,1,1,0,0
AT2G21490,0,2,3,2,1,0
AT2G21500,75,147,107,136,97,135
AT2G21510,4,9,3,0,0,0
AT2G21520,360,711,349,394,357,647
AT2G21530,0,3,5,1,0,0
AT2G21540,15,32,38,22,20,20
AT2G21550,14,24,33,37,39,73
AT2G21560,150,638,373,160,188,161
AT2G21570,0,0,0,0,0,0
AT2G21580,5259,8161,6167,4725,3702,4469
AT2G21590,28,49,21,60,34,57
AT2G21595,1,17,7,3,4,5
AT2G21600,904,1780,1104,978,539,859
AT2G21610,5,6,9,17,3,29
AT2G21620,2562,1874,1395,2536,2030,2382
AT2G21630,92,50,49,115,62,51
AT2G21640,17,59,33,17,11,29
AT2G21650,1,1,1,0,0,0
AT2G21655,0,0,0,0,0,0
AT2G21660,10504,7307,6102,19562,15341,20495
AT2G21670,0,0,0,0,0,0
AT2G21680,0,0,0,0,0,0
AT2G21690,0,0,0,0,0,0
AT2G21700,0,0,0,0,0,0
AT2G21710,25,43,15,23,16,3
AT2G21720,0,0,0,0,0,0
AT2G21725,0,0,0,0,0,0
AT2G21727,0,0,0,0,0,0
AT2G21730,0,0,0,0,0,0
AT2G21740,0,0,0,0,0,0
AT2G21750,0,0,0,0,0,0
AT2G21770,16,0,0,0,0,0
AT2G21780,3,3,1,3,4,7
AT2G21790,422,284,196,465,236,320
AT2G21800,40,65,14,31,24,60
AT2G21810,0,0,0,0,0,0
AT2G21820,2,31,15,2,0,80
AT2G21830,35,64,21,95,49,94
AT2G21840,37,48,56,55,77,108
AT2G21850,109,110,61,125,118,100
AT2G21860,7,34,16,9,26,20
AT2G21870,2598,5394,2677,2938,2013,3112
AT2G21880,36,131,122,71,94,204
AT2G21890,0,0,0,0,0,0
AT2G21900,0,8,4,3,11,8
AT2G21910,0,0,0,0,0,0
AT2G21920,0,0,0,0,0,0
AT2G21930,0,0,0,0,0,0
AT2G21940,58,116,55,48,79,100
AT2G21950,187,298,129,191,187,184
AT2G21960,29,26,10,1,4,2
AT2G21970,238,591,343,144,134,238
AT2G21980,0,0,0,0,0,0
AT2G21990,0,0,0,0,0,0
AT2G22000,144,263,156,177,114,185
AT2G22010,114,152,71,89,80,117
AT2G22030,0,0,0,0,0,0
AT2G22040,0,0,0,0,0,0
AT2G22050,0,0,0,0,0,0
AT2G22055,0,0,0,0,0,0
AT2G22060,0,5,0,3,2,0
AT2G22070,0,19,4,26,4,17
AT2G22080,417,1004,508,322,230,481
AT2G22088,4,11,3,4,2,1
AT2G22090,178,161,96,217,195,169
AT2G22100,109,70,49,112,65,70
AT2G22110,0,0,0,0,0,0
AT2G22120,326,383,271,254,165,283
AT2G22121,0,2,0,1,1,0
AT2G22122,2519,2404,2498,1387,1796,2972
AT2G22125,329,542,280,469,424,667
AT2G22140,15,19,19,34,19,29
AT2G22145,0,0,0,0,0,0
AT2G22155,0,0,0,0,0,0
AT2G22160,0,0,0,0,0,0
AT2G22170,1890,2226,2709,1627,1078,1415
AT2G22180,0,0,0,0,0,0
AT2G22190,1,8,0,8,10,14
AT2G22200,0,8,8,0,1,5
AT2G22220,0,0,0,0,0,0
AT2G22230,357,978,520,445,247,322
AT2G22240,58,84,36,40,34,42
AT2G22241,0,0,0,0,0,0
AT2G22250,237,324,187,294,185,322
AT2G22260,58,101,45,61,64,76
AT2G22270,147,202,145,137,140,113
AT2G22280,0,0,0,0,0,0
AT2G22290,0,14,6,3,4,1
AT2G22300,172,278,136,227,215,315
AT2G22310,104,102,108,129,107,123
AT2G22320,0,0,0,0,0,0
AT2G22330,532,214,228,460,347,519
AT2G22340,0,0,1,3,0,2
AT2G22345,0,0,0,0,0,0
AT2G22360,28,47,25,60,33,56
AT2G22370,161,320,149,208,141,215
AT2G22380,0,0,0,0,0,0
AT2G22400,800,597,268,637,437,428
AT2G22410,28,71,22,29,31,47
AT2G22420,200,273,144,179,121,170
AT2G22425,778,2076,1160,852,609,936
AT2G22426,2,2,1,2,1,0
AT2G22430,335,628,368,364,243,666
AT2G22440,0,0,0,0,0,0
AT2G22450,246,199,111,345,221,284
AT2G22460,0,8,0,0,3,2
AT2G22465,0,0,0,0,0,0
AT2G22470,913,1311,1632,1499,1528,2297
AT2G22475,250,353,228,320,231,322
AT2G22480,319,549,296,484,239,359
AT2G22482,8,33,18,13,4,16
AT2G22490,377,751,296,414,378,363
AT2G22496,0,0,1,0,0,0
AT2G22500,82,74,80,62,54,318
AT2G22510,1,57,25,0,0,10
AT2G22520,0,0,0,0,0,0
AT2G22530,53,47,48,69,54,63
AT2G22540,307,670,289,320,322,326
AT2G22560,93,129,56,100,70,95
AT2G22570,211,230,154,176,106,209
AT2G22580,0,0,0,0,0,0
AT2G22590,7,5,0,0,0,0
AT2G22600,17,16,8,2,0,11
AT2G22610,90,153,57,109,55,159
AT2G22620,62,60,21,27,43,50
AT2G22630,233,479,273,275,159,342
AT2G22640,101,329,196,139,108,147
AT2G22650,104,63,37,58,61,43
AT2G22660,298,260,183,282,276,353
AT2G22668,0,0,0,0,0,0
AT2G22670,2105,2300,1326,1483,1117,1322
AT2G22680,103,145,79,57,107,113
AT2G22690,84,144,101,75,53,135
AT2G22720,271,241,182,260,243,283
AT2G22730,26,54,34,37,32,48
AT2G22740,47,63,14,61,30,51
AT2G22750,0,0,0,0,0,0
AT2G22760,0,0,0,0,0,2
AT2G22770,89,112,104,134,50,126
AT2G22780,442,713,369,795,438,797
AT2G22790,19,31,24,17,7,28
AT2G22795,785,1699,762,1072,620,1056
AT2G22800,19,70,77,12,15,47
AT2G22805,0,0,0,0,0,0
AT2G22807,0,0,0,0,0,0
AT2G22810,0,0,0,0,0,0
AT2G22820,0,0,0,1,1,2
AT2G22821,16,8,8,7,5,6
AT2G22830,23,94,51,57,56,80
AT2G22840,196,245,186,229,164,192
AT2G22850,10,41,30,22,18,38
AT2G22860,1052,105,45,1059,1063,2095
AT2G22870,101,114,99,116,77,576
AT2G22880,19,12,19,19,13,221
AT2G22890,38,38,29,35,37,55
AT2G22900,228,247,141,285,136,175
AT2G22905,9,5,17,2,10,11
AT2G22910,60,67,31,37,47,63
AT2G22920,1,58,21,1,0,15
AT2G22930,27,39,38,6,3,17
AT2G22940,0,0,0,0,0,0
AT2G22941,0,0,0,0,0,0
AT2G22942,1,0,0,0,0,0
AT2G22950,0,0,1,0,0,0
AT2G22955,0,0,0,0,0,0
AT2G22960,0,0,0,0,0,0
AT2G22970,168,328,195,359,223,290
AT2G22980,7,17,14,15,4,7
AT2G22990,123,46,29,162,107,85
AT2G23000,3,4,4,0,0,0
AT2G23010,0,0,0,0,0,0
AT2G23020,0,0,0,0,0,0
AT2G23030,116,171,109,415,328,791
AT2G23040,102,346,134,110,64,96
AT2G23050,712,1002,328,417,285,381
AT2G23060,17,7,2,0,5,3
AT2G23067,0,0,0,0,0,0
AT2G23070,1582,1326,958,1331,1101,1243
AT2G23080,175,356,207,219,129,180
AT2G23090,1440,3938,2237,1566,1253,1826
AT2G23093,100,91,52,68,62,84
AT2G23096,0,0,0,0,0,1
AT2G23100,23,21,9,25,33,58
AT2G23110,1,0,0,0,0,4
AT2G23118,0,1,0,0,0,0
AT2G23120,1323,2781,926,619,572,1550
AT2G23130,25,15,11,8,12,9
AT2G23140,66,108,47,99,58,107
AT2G23142,0,0,0,0,0,0
AT2G23148,0,0,0,0,0,0
AT2G23150,149,173,114,196,131,171
AT2G23160,0,0,0,0,0,0
AT2G23170,8,0,2,2,5,8
AT2G23180,0,0,0,0,0,0
AT2G23190,2,0,0,3,0,2
AT2G23200,103,216,122,84,69,67
AT2G23210,111,259,121,106,69,82
AT2G23220,0,0,0,0,0,0
AT2G23230,0,0,0,0,0,0
AT2G23240,0,1,0,0,0,0
AT2G23250,0,0,0,0,0,0
AT2G23260,0,0,0,0,0,0
AT2G23270,0,0,0,0,2,1
AT2G23290,27,43,23,27,33,50
AT2G23300,86,81,98,104,94,77
AT2G23310,1192,1208,1150,1275,904,1261
AT2G23320,524,395,340,550,422,643
AT2G23321,0,0,0,0,0,0
AT2G23340,101,149,108,74,90,174
AT2G23347,1,3,0,2,0,0
AT2G23348,58,51,14,38,30,32
AT2G23350,1885,1298,1189,2101,1787,1600
AT2G23360,80,56,37,53,56,68
AT2G23370,111,157,141,142,97,165
AT2G23380,182,200,142,249,154,181
AT2G23390,95,95,38,80,59,71
AT2G23400,1,1,0,0,0,0
AT2G23410,4,1,10,41,1,4
AT2G23420,204,197,123,300,252,250
AT2G23430,6,53,17,16,8,31
AT2G23440,4,11,12,10,18,6
AT2G23445,0,0,0,0,0,0
AT2G23450,77,104,66,110,51,227
AT2G23460,120,140,91,153,127,157
AT2G23470,42,41,14,42,35,47
AT2G23510,0,0,0,0,0,0
AT2G23520,99,84,39,75,60,78
AT2G23530,31,35,25,26,26,19
AT2G23540,0,15,5,0,0,4
AT2G23550,11,2,5,8,12,5
AT2G23560,115,68,77,82,77,99
AT2G23570,0,0,0,0,0,0
AT2G23580,0,0,0,0,0,0
AT2G23590,0,0,0,0,0,0
AT2G23600,240,131,123,152,161,135
AT2G23610,95,119,81,78,71,84
AT2G23620,18,38,28,40,38,267
AT2G23630,0,18,4,20,4,4
AT2G23640,0,0,0,0,0,0
AT2G23650,0,0,0,0,0,0
AT2G23660,0,3,0,0,0,0
AT2G23670,19,32,24,34,14,15
AT2G23672,33,20,24,26,14,24
AT2G23680,3,21,23,0,10,30
AT2G23690,57,31,43,67,51,54
AT2G23700,111,139,39,111,54,109
AT2G23740,46,51,45,62,72,77
AT2G23755,39,80,55,54,44,60
AT2G23760,3,21,9,4,15,52
AT2G23770,33,19,27,14,21,43
AT2G23780,653,986,479,602,548,646
AT2G23790,228,272,198,221,200,271
AT2G23800,0,0,0,0,0,0
AT2G23810,475,504,444,345,306,1413
AT2G23820,341,450,353,406,257,308
AT2G23830,0,0,3,0,0,0
AT2G23834,0,0,0,0,0,0
AT2G23840,0,2,1,0,0,0
AT2G23890,108,123,72,118,68,100
AT2G23900,0,0,0,0,0,0
AT2G23910,15,41,21,30,26,19
AT2G23930,927,2310,1425,787,652,888
AT2G23940,474,986,513,511,298,493
AT2G23945,10,27,14,27,31,19
AT2G23950,194,141,78,146,129,148
AT2G23960,5,38,39,33,20,50
AT2G23970,0,5,5,3,6,2
AT2G23980,217,232,173,242,194,299
AT2G23985,60,125,76,61,52,78
AT2G23987,10,28,11,13,12,17
AT2G23990,0,0,0,0,0,0
AT2G24000,0,0,0,0,0,0
AT2G24010,0,0,2,4,0,0
AT2G24020,113,201,131,95,73,102
AT2G24030,2,8,5,3,2,5
AT2G24040,199,442,247,157,118,183
AT2G24050,62,101,63,138,130,134
AT2G24060,252,295,265,225,158,277
AT2G24070,100,106,80,115,94,117
AT2G24080,0,0,0,0,0,0
AT2G24090,134,237,152,131,58,112
AT2G24100,348,288,191,311,297,419
AT2G24103,0,0,0,0,0,0
AT2G24120,60,44,14,42,23,55
AT2G24130,0,12,19,4,2,12
AT2G24140,13,36,43,16,28,44
AT2G24150,660,689,401,671,520,950
AT2G24170,206,217,157,341,213,204
AT2G24180,152,255,169,273,187,357
AT2G24190,29,41,25,29,19,27
AT2G24195,0,2,1,2,2,1
AT2G24200,1186,850,768,1175,688,951
AT2G24205,0,0,0,0,0,0
AT2G24210,0,0,0,0,0,0
AT2G24220,34,12,15,9,5,16
AT2G24230,188,209,137,152,149,147
AT2G24240,149,75,95,178,175,302
AT2G24250,41,39,28,30,19,28
AT2G24255,0,0,1,0,0,0
AT2G24260,1102,688,777,1424,1243,1412
AT2G24270,1,6,0,0,2,5
AT2G24280,413,173,127,342,260,236
AT2G24285,0,4,0,1,0,5
AT2G24290,377,560,309,343,233,279
AT2G24300,255,186,119,254,201,183
AT2G24310,4,24,24,19,18,20
AT2G24320,0,1,0,7,0,2
AT2G24330,86,159,88,101,85,125
AT2G24340,0,0,0,0,0,0
AT2G24350,56,52,33,50,31,40
AT2G24360,756,794,506,746,586,802
AT2G24370,0,2,0,0,0,5
AT2G24380,0,0,0,0,0,0
AT2G24390,28,87,44,44,46,58
AT2G24395,34,88,34,22,22,25
AT2G24400,92,304,139,162,144,86
AT2G24410,0,0,0,0,0,0
AT2G24420,440,682,377,392,305,313
AT2G24430,0,2,1,4,0,0
AT2G24440,100,205,80,83,54,87
AT2G24450,6,0,1,0,0,0
AT2G24460,0,0,0,0,0,0
AT2G24470,0,0,0,0,0,0
AT2G24480,0,0,0,0,0,0
AT2G24490,203,369,232,242,164,175
AT2G24500,466,747,305,568,309,395
AT2G24510,0,0,0,0,0,0
AT2G24520,69,45,35,37,56,61
AT2G24530,81,50,42,40,59,40
AT2G24535,1,6,1,2,0,3
AT2G24540,46,80,75,29,31,43
AT2G24545,59,102,81,21,34,60
AT2G24550,2895,3333,2049,2392,2140,2823
AT2G24560,15,14,1,13,17,12
AT2G24570,535,610,540,614,398,756
AT2G24580,143,192,159,133,76,114
AT2G24590,214,452,278,289,181,211
AT2G24592,35,33,19,27,25,43
AT2G24600,38,11,11,48,54,131
AT2G24610,77,179,48,181,118,143
AT2G24615,0,0,0,0,0,0
AT2G24617,0,0,0,0,0,0
AT2G24620,0,0,0,0,0,0
AT2G24625,0,0,0,0,0,0
AT2G24630,62,85,40,111,26,76
AT2G24640,173,214,159,260,181,268
AT2G24645,0,0,0,0,0,0
AT2G24650,138,194,64,104,89,109
AT2G24670,0,0,0,0,0,0
AT2G24680,24,13,8,8,12,7
AT2G24681,4,0,0,1,0,0
AT2G24683,1,0,0,2,0,0
AT2G24690,62,81,35,67,43,69
AT2G24692,0,0,0,0,0,0
AT2G24693,0,0,0,0,0,0
AT2G24696,0,0,0,0,0,0
AT2G24700,22,28,10,34,14,20
AT2G24710,0,0,0,4,4,9
AT2G24720,0,3,4,0,2,4
AT2G24735,0,0,0,0,0,0
AT2G24740,0,0,0,0,0,0
AT2G24755,246,243,111,258,287,287
AT2G24762,8,43,24,7,2,16
AT2G24765,1443,2599,1251,1365,1114,1349
AT2G24780,0,0,0,0,0,0
AT2G24790,431,891,425,459,284,456
AT2G24800,0,0,0,0,0,0
AT2G24810,0,0,0,0,0,0
AT2G24820,5,22,19,9,5,5
AT2G24830,186,233,119,190,141,176
AT2G24840,0,0,0,0,0,0
AT2G24850,4,3,0,0,0,6
AT2G24860,38,104,66,38,25,54
AT2G24870,0,0,0,0,0,0
AT2G24880,0,0,0,0,0,0
AT2G24940,1204,2028,1340,713,848,1157
AT2G24945,158,71,118,119,133,137
AT2G24950,0,0,0,0,2,0
AT2G24960,36,55,40,76,61,62
AT2G24970,68,147,87,79,47,71
AT2G24980,0,210,78,4,72,32
AT2G24990,166,201,108,217,138,194
AT2G25000,8,37,30,6,14,24
AT2G25010,151,139,76,73,75,87
AT2G25011,0,0,0,0,0,0
AT2G25050,110,49,25,28,27,36
AT2G25055,2,1,0,1,0,0
AT2G25060,420,1370,786,246,265,563
AT2G25070,573,861,546,615,481,610
AT2G25080,369,566,459,405,271,508
AT2G25090,8,9,27,1,1,33
AT2G25095,0,0,0,0,0,0
AT2G25100,169,204,130,131,68,95
AT2G25110,582,732,610,799,430,709
AT2G25120,0,0,0,0,0,0
AT2G25125,0,2,1,1,0,0
AT2G25130,35,19,11,30,11,18
AT2G25140,85,55,55,44,71,74
AT2G25150,0,0,0,0,0,0
AT2G25160,12,41,18,4,9,19
AT2G25169,0,0,0,0,0,1
AT2G25170,347,482,200,367,300,391
AT2G25171,0,0,0,0,0,0
AT2G25180,423,373,252,353,226,309
AT2G25185,0,3,0,0,0,0
AT2G25190,61,199,108,89,92,182
AT2G25200,0,0,3,1,4,3
AT2G25210,3437,9291,5259,2989,3018,3627
AT2G25215,0,3,5,0,0,0
AT2G25220,14,42,18,19,23,23
AT2G25230,0,0,0,0,0,0
AT2G25240,0,33,8,1,17,18
AT2G25250,449,617,416,379,445,870
AT2G25260,210,178,253,332,261,339
AT2G25270,149,197,122,129,106,136
AT2G25280,544,789,447,505,371,489
AT2G25290,18,23,14,13,5,24
AT2G25295,0,0,0,0,0,0
AT2G25297,0,3,0,2,0,3
AT2G25300,98,127,62,100,46,54
AT2G25305,0,0,0,0,0,0
AT2G25310,439,1121,506,443,332,526
AT2G25312,0,0,0,0,0,0
AT2G25320,140,97,48,88,45,120
AT2G25330,0,0,0,0,0,0
AT2G25340,0,4,0,0,0,0
AT2G25344,0,0,0,0,0,0
AT2G25350,43,99,23,67,56,44
AT2G25355,140,244,159,167,115,156
AT2G25360,0,0,0,0,0,0
AT2G25370,0,0,0,0,0,0
AT2G25400,0,0,0,0,0,0
AT2G25409,0,18,4,2,2,5
AT2G25410,0,30,14,3,2,4
AT2G25420,109,107,69,124,79,70
AT2G25430,515,654,438,560,426,573
AT2G25440,0,0,0,6,0,1
AT2G25450,699,320,289,1542,1086,2112
AT2G25460,58,23,17,30,19,116
AT2G25470,0,0,0,0,0,0
AT2G25480,183,382,176,258,132,207
AT2G25482,0,2,0,3,0,0
AT2G25490,1011,1020,623,831,959,1223
AT2G25500,0,0,0,0,0,0
AT2G25510,17,12,27,33,20,23
AT2G25520,1639,2609,1483,2269,1862,2169
AT2G25530,18,17,14,6,3,1
AT2G25540,0,0,2,2,0,0
AT2G25560,85,48,43,68,77,92
AT2G25565,0,0,0,0,0,0
AT2G25570,160,194,103,104,75,106
AT2G25580,49,117,51,106,60,88
AT2G25590,48,34,29,34,32,48
AT2G25600,0,0,0,4,0,1
AT2G25605,45,53,49,53,23,39
AT2G25610,585,951,637,500,354,538
AT2G25620,127,155,75,160,114,95
AT2G25625,0,3,0,0,0,0
AT2G25630,0,0,0,0,0,0
AT2G25640,137,137,79,193,153,126
AT2G25650,182,267,136,177,127,229
AT2G25660,190,279,171,205,172,246
AT2G25670,1174,1839,924,1258,853,1282
AT2G25680,16,13,9,5,12,7
AT2G25685,0,0,0,0,0,0
AT2G25690,48,79,35,47,51,60
AT2G25700,0,0,0,0,0,0
AT2G25710,121,302,173,170,116,196
AT2G25720,138,304,105,137,108,129
AT2G25730,234,234,88,166,140,261
AT2G25735,27,23,45,2,4,153
AT2G25737,53,89,50,145,94,95
AT2G25740,135,182,91,166,113,185
AT2G25760,139,97,83,167,123,123
AT2G25770,125,110,53,130,78,98
AT2G25780,0,0,0,0,0,0
AT2G25790,167,111,141,259,233,174
AT2G25800,194,173,76,149,120,227
AT2G25810,773,628,1234,1242,737,1177
AT2G25820,0,1,0,3,1,0
AT2G25830,58,165,66,120,42,60
AT2G25840,152,112,102,157,90,125
AT2G25850,125,122,74,139,91,141
AT2G25870,438,262,323,429,374,403
AT2G25880,121,398,171,160,95,233
AT2G25890,0,1,1,0,0,2
AT2G25900,1676,1380,1241,1790,1310,1685
AT2G25905,0,0,0,0,0,0
AT2G25910,846,776,675,828,669,891
AT2G25920,155,174,106,134,129,157
AT2G25930,157,183,88,107,113,185
AT2G25940,0,18,5,14,19,19
AT2G25950,173,440,179,183,117,169
AT2G25964,361,483,255,314,256,303
AT2G25970,967,507,508,905,654,673
AT2G25980,440,740,385,1297,625,1041
AT2G25990,0,0,0,0,0,0
AT2G26000,36,87,39,58,55,40
AT2G26010,0,0,0,0,0,0
AT2G26020,0,0,0,0,0,0
AT2G26030,30,89,48,38,34,85
AT2G26040,1,0,6,8,5,2
AT2G26050,0,0,0,0,0,0
AT2G26060,425,588,311,448,234,343
AT2G26070,97,176,67,113,86,104
AT2G26080,804,590,390,752,567,577
AT2G26090,0,0,0,0,0,0
AT2G26100,68,112,84,96,77,107
AT2G26110,193,424,231,204,142,242
AT2G26120,0,0,0,0,0,0
AT2G26130,0,0,0,0,0,0
AT2G26135,0,0,0,0,0,0
AT2G26140,352,416,241,443,317,412
AT2G26150,18,3,0,2,5,15
AT2G26160,0,0,0,2,0,0
AT2G26170,194,278,155,297,273,309
AT2G26180,57,143,72,47,60,62
AT2G26190,291,308,166,262,185,331
AT2G26200,168,234,145,205,111,162
AT2G26210,285,459,265,223,193,276
AT2G26211,0,0,0,0,0,0
AT2G26230,447,1016,679,577,417,576
AT2G26240,1158,1375,1043,1001,727,1333
AT2G26250,0,9,2,1,0,2
AT2G26260,307,345,158,272,211,191
AT2G26270,54,150,78,84,89,97
AT2G26280,500,540,343,574,436,672
AT2G26290,6,13,14,5,3,18
AT2G26300,1204,985,572,1174,991,1136
AT2G26310,51,77,26,55,43,42
AT2G26320,0,0,0,0,0,0
AT2G26330,0,23,2,1,8,1
AT2G26340,159,172,160,111,69,130
AT2G26350,151,165,93,117,90,115
AT2G26355,505,837,495,379,385,671
AT2G26360,108,177,105,157,147,140
AT2G26370,41,80,40,69,65,163
AT2G26380,12,9,10,1,5,37
AT2G26390,66,19,26,40,44,49
AT2G26400,51,15,29,569,550,549
AT2G26410,2,17,8,0,4,18
AT2G26420,9,20,10,4,12,17
AT2G26430,280,199,152,259,206,277
AT2G26440,42,48,13,23,13,18
AT2G26450,0,0,0,1,0,0
AT2G26460,214,208,180,209,140,235
AT2G26470,146,124,109,113,59,130
AT2G26480,1,0,8,2,0,0
AT2G26490,0,0,0,0,0,0
AT2G26500,13,20,10,1,1,3
AT2G26510,268,270,196,353,192,230
AT2G26515,15,9,6,2,4,9
AT2G26520,11,32,22,6,13,16
AT2G26530,111,29,46,11,45,552
AT2G26540,36,77,40,40,25,45
AT2G26550,145,282,141,133,90,152
AT2G26560,5,4,22,42,1,7
AT2G26570,92,142,64,85,72,246
AT2G26580,0,0,0,0,0,0
AT2G26590,574,688,429,546,315,434
AT2G26600,190,303,180,169,208,295
AT2G26610,1,0,0,1,0,0
AT2G26620,0,0,0,2,0,0
AT2G26640,182,187,119,201,128,173
AT2G26650,282,290,212,280,243,509
AT2G26660,153,277,153,152,109,166
AT2G26670,356,614,382,422,269,573
AT2G26680,272,579,249,442,302,312
AT2G26690,169,137,81,166,86,108
AT2G26692,0,1,1,2,5,2
AT2G26695,0,0,1,0,0,0
AT2G26700,340,168,140,246,140,205
AT2G26710,95,87,86,213,83,192
AT2G26720,1,0,0,0,0,0
AT2G26730,701,593,465,634,608,450
AT2G26740,24,5,5,6,19,39
AT2G26750,0,0,3,0,0,0
AT2G26760,408,449,292,196,154,336
AT2G26770,120,235,72,166,105,134
AT2G26780,198,202,110,249,203,222
AT2G26790,27,16,3,10,19,17
AT2G26800,243,315,224,154,141,225
AT2G26810,105,279,120,141,114,144
AT2G26820,8,77,42,7,3,39
AT2G26830,155,290,179,193,135,170
AT2G26840,110,165,113,67,75,65
AT2G26850,0,0,0,0,0,0
AT2G26860,193,161,117,139,160,133
AT2G26865,0,0,0,0,0,0
AT2G26870,97,55,24,107,41,94
AT2G26880,0,0,0,0,0,0
AT2G26882,0,0,0,0,0,0
AT2G26890,76,125,92,91,120,134
AT2G26900,778,646,389,658,544,547
AT2G26910,0,13,11,0,0,5
AT2G26920,110,131,85,153,135,196
AT2G26930,108,159,81,118,62,110
AT2G26940,4,5,1,1,0,0
AT2G26950,0,0,0,0,0,0
AT2G26960,0,0,0,0,1,0
AT2G26970,184,314,161,116,93,156
AT2G26975,9,20,13,4,1,0
AT2G26980,335,413,247,362,282,241
AT2G26990,373,579,280,403,296,324
AT2G27000,285,339,206,422,218,333
AT2G27010,207,107,88,178,187,188
AT2G27020,1345,2567,1679,1562,928,1406
AT2G27030,1775,4504,2344,1930,1364,1703
AT2G27035,57,20,13,5,9,21
AT2G27040,437,233,209,316,230,234
AT2G27050,460,295,167,446,318,438
AT2G27060,62,29,16,23,30,36
AT2G27070,0,0,0,0,0,0
AT2G27080,273,99,85,172,169,589
AT2G27090,99,92,76,46,97,102
AT2G27100,553,392,231,537,264,437
AT2G27110,81,129,73,95,69,152
AT2G27120,2,0,0,0,0,0
AT2G27130,237,267,213,241,180,211
AT2G27140,126,165,107,160,162,92
AT2G27145,0,0,0,0,0,0
AT2G27150,29,49,22,24,33,47
AT2G27160,0,4,0,3,0,0
AT2G27170,314,619,279,426,323,449
AT2G27180,16,9,6,12,12,9
AT2G27190,519,463,264,621,380,431
AT2G27200,95,95,68,113,94,92
AT2G27210,137,167,100,180,107,177
AT2G27220,0,0,0,1,0,0
AT2G27229,0,2,0,0,2,0
AT2G27230,568,726,326,724,566,602
AT2G27240,0,0,0,0,0,0
AT2G27250,0,0,0,2,0,0
AT2G27260,152,174,138,177,103,121
AT2G27270,0,0,1,0,0,0
AT2G27280,0,0,0,1,1,0
AT2G27285,144,239,120,164,106,178
AT2G27290,64,116,71,66,37,43
AT2G27300,0,1,2,4,2,14
AT2G27310,122,191,156,102,78,402
AT2G27313,0,3,7,0,1,3
AT2G27315,0,0,0,0,0,0
AT2G27320,6,5,5,0,0,0
AT2G27330,396,1046,484,457,346,407
AT2G27340,106,129,67,77,80,74
AT2G27350,283,313,159,287,210,277
AT2G27360,83,123,96,56,43,114
AT2G27370,223,390,251,436,327,227
AT2G27380,0,0,0,0,0,0
AT2G27385,0,2,1,0,0,0
AT2G27389,15,10,23,13,5,75
AT2G27390,5,6,7,7,2,18
AT2G27400,129,307,186,111,200,182
AT2G27402,0,4,0,0,0,0
AT2G27410,0,0,0,0,0,0
AT2G27420,0,0,0,0,0,0
AT2G27430,70,88,49,85,60,79
AT2G27450,533,957,559,552,403,546
AT2G27460,140,154,87,148,124,156
AT2G27470,216,317,196,242,149,190
AT2G27480,37,78,54,46,32,86
AT2G27490,47,75,41,35,30,42
AT2G27500,150,182,124,98,94,277
AT2G27505,5,11,6,6,0,1
AT2G27507,1,0,0,0,0,2
AT2G27510,1394,3612,2775,1534,1197,1653
AT2G27520,0,0,0,2,0,0
AT2G27530,8675,14211,7803,8572,5975,7774
AT2G27535,0,0,2,2,8,2
AT2G27540,0,0,0,0,0,0
AT2G27550,181,101,150,104,408,255
AT2G27560,0,0,0,0,0,0
AT2G27570,0,1,1,0,0,0
AT2G27580,197,442,297,185,198,267
AT2G27590,177,210,123,273,110,167
AT2G27600,362,611,327,472,341,457
AT2G27610,0,18,6,17,2,13
AT2G27630,0,3,2,0,6,0
AT2G27650,0,2,0,0,0,0
AT2G27660,53,47,47,59,54,159
AT2G27670,0,0,0,0,0,0
AT2G27680,149,135,94,87,69,144
AT2G27690,5,14,7,23,14,40
AT2G27700,0,0,0,0,0,0
AT2G27710,5693,11980,7623,6051,4650,6181
AT2G27720,3467,6709,4545,3760,2928,3962
AT2G27730,1667,4762,2353,2482,1606,2369
AT2G27740,145,421,204,140,141,201
AT2G27750,1,0,0,0,3,0
AT2G27760,108,76,44,71,82,101
AT2G27770,70,141,80,96,98,136
AT2G27775,298,830,398,298,260,315
AT2G27780,0,0,0,0,1,1
AT2G27790,13,57,23,34,19,40
AT2G27800,75,81,42,46,47,65
AT2G27810,171,102,107,197,152,199
AT2G27820,131,116,119,103,87,170
AT2G27830,91,328,260,88,69,524
AT2G27840,715,1243,627,703,489,487
AT2G27850,0,0,0,0,0,0
AT2G27860,1232,1318,972,1716,1157,1458
AT2G27880,0,3,0,0,0,0
AT2G27900,194,224,111,219,147,231
AT2G27920,13,64,18,28,37,26
AT2G27930,32,38,44,35,43,46
AT2G27940,0,0,1,0,0,0
AT2G27950,139,114,62,129,157,118
AT2G27960,696,2028,931,522,488,676
AT2G27970,291,694,349,249,243,254
AT2G27980,86,85,95,79,87,131
AT2G27990,0,0,0,0,0,0
AT2G28000,804,784,374,933,517,803
AT2G28010,0,0,0,0,0,0
AT2G28020,0,0,0,0,0,0
AT2G28030,0,0,0,0,0,0
AT2G28040,3,0,6,2,2,9
AT2G28050,21,18,4,13,7,31
AT2G28056,0,0,0,0,0,0
AT2G28060,293,432,257,212,151,187
AT2G28070,470,391,156,327,266,299
AT2G28080,236,286,167,266,200,231
AT2G28085,0,0,0,0,0,0
AT2G28090,0,0,0,2,0,0
AT2G28100,92,31,40,116,65,64
AT2G28105,52,77,33,16,13,29
AT2G28110,78,241,214,128,152,363
AT2G28120,107,80,36,117,82,128
AT2G28130,160,230,96,213,108,111
AT2G28140,1,2,1,0,0,0
AT2G28150,216,211,109,172,94,174
AT2G28160,183,345,246,224,129,329
AT2G28170,0,6,1,2,0,3
AT2G28180,0,0,0,0,0,0
AT2G28190,759,2390,1250,1074,919,709
AT2G28200,93,204,171,149,116,163
AT2G28210,12,3,3,19,22,35
AT2G28220,0,0,0,1,0,0
AT2G28225,5,0,0,0,0,0
AT2G28230,434,737,378,374,309,275
AT2G28240,47,60,93,136,85,129
AT2G28250,79,216,81,137,115,117
AT2G28260,11,39,24,27,36,63
AT2G28270,0,14,7,2,0,2
AT2G28290,427,389,280,423,324,466
AT2G28305,6,83,82,4,1,55
AT2G28310,308,474,311,367,277,291
AT2G28315,93,322,153,144,94,115
AT2G28320,68,109,23,107,72,85
AT2G28330,219,480,209,271,197,189
AT2G28340,0,0,0,0,0,0
AT2G28350,125,214,141,141,122,214
AT2G28355,0,0,0,0,0,0
AT2G28360,137,150,83,164,80,115
AT2G28370,408,804,388,406,262,461
AT2G28380,500,382,352,511,336,328
AT2G28390,269,367,179,367,223,302
AT2G28400,67,76,65,82,60,291
AT2G28405,0,0,0,0,0,0
AT2G28410,154,401,381,110,134,139
AT2G28420,10,6,2,3,5,3
AT2G28426,0,1,0,0,0,0
AT2G28430,280,639,392,218,201,281
AT2G28440,17,35,43,28,40,52
AT2G28450,673,362,196,549,422,478
AT2G28460,25,15,5,25,8,30
AT2G28470,49,139,35,54,23,80
AT2G28480,96,139,71,140,87,128
AT2G28490,1,2,1,0,0,1
AT2G28500,0,0,0,0,0,1
AT2G28510,434,505,340,384,277,465
AT2G28520,338,544,233,414,283,368
AT2G28540,99,158,79,101,92,118
AT2G28550,308,411,247,148,180,193
AT2G28560,0,14,10,23,7,2
AT2G28570,79,140,188,139,189,454
AT2G28580,0,0,0,0,0,0
AT2G28590,41,76,48,24,56,40
AT2G28600,383,248,267,368,320,414
AT2G28605,0,6,1,1,6,1
AT2G28610,0,0,0,0,0,0
AT2G28620,129,286,121,148,87,173
AT2G28625,0,0,0,0,0,0
AT2G28630,0,0,0,11,3,9
AT2G28640,0,0,0,0,0,0
AT2G28650,6,14,11,20,15,33
AT2G28660,219,251,232,267,249,198
AT2G28670,346,334,206,445,323,352
AT2G28671,322,401,214,437,344,390
AT2G28680,0,0,5,0,0,0
AT2G28690,28,33,17,49,44,118
AT2G28700,0,3,0,0,2,3
AT2G28710,8,29,19,2,2,25
AT2G28720,86,278,145,163,88,272
AT2G28725,0,0,0,0,0,0
AT2G28730,0,0,0,0,0,0
AT2G28740,244,1156,498,448,359,459
AT2G28755,0,2,0,0,0,1
AT2G28760,345,618,333,891,365,592
AT2G28770,0,0,0,0,0,0
AT2G28780,667,2221,1424,687,526,158
AT2G28790,2719,1284,1647,2006,1630,1621
AT2G28800,326,454,249,277,251,415
AT2G28810,359,239,209,234,200,224
AT2G28815,4,11,10,11,3,11
AT2G28830,63,30,20,36,30,43
AT2G28840,1593,1440,818,1147,1125,1223
AT2G28850,0,0,0,0,0,0
AT2G28860,0,0,0,0,0,1
AT2G28870,30,77,62,43,29,72
AT2G28880,14,5,11,15,17,29
AT2G28890,175,197,186,144,133,345
AT2G28900,500,469,251,356,301,321
AT2G28910,2257,2021,989,1557,1430,2201
AT2G28920,0,0,0,0,0,0
AT2G28930,17,25,19,5,6,3
AT2G28940,74,137,69,50,69,85
AT2G28950,88,268,151,97,64,91
AT2G28960,25,77,68,49,27,77
AT2G28970,54,67,58,18,36,90
AT2G28990,5,50,23,11,9,43
AT2G29000,0,2,0,0,0,0
AT2G29020,1812,3140,1671,1606,1416,1642
AT2G29030,0,0,0,0,0,0
AT2G29040,0,0,0,0,1,0
AT2G29045,0,0,0,0,0,0
AT2G29050,344,435,279,282,255,212
AT2G29060,111,178,103,99,81,131
AT2G29065,28,56,34,78,34,67
AT2G29070,68,266,96,93,83,137
AT2G29080,229,197,134,260,204,221
AT2G29090,2,8,0,1,0,4
AT2G29100,0,0,0,0,0,0
AT2G29110,4,1,0,0,0,0
AT2G29120,5,4,3,1,4,2
AT2G29125,293,611,272,177,209,199
AT2G29130,5,165,36,13,15,4
AT2G29140,178,204,98,171,160,164
AT2G29150,0,0,0,2,0,0
AT2G29170,0,0,0,0,0,0
AT2G29180,44,91,22,27,30,24
AT2G29190,246,216,102,215,139,157
AT2G29200,164,113,98,215,134,183
AT2G29210,208,147,157,168,179,319
AT2G29220,0,0,0,0,0,0
AT2G29250,0,0,0,0,0,0
AT2G29260,7,55,39,18,23,19
AT2G29263,1,0,0,0,0,0
AT2G29290,4,0,0,0,0,0
AT2G29300,0,0,0,0,0,0
AT2G29310,0,0,0,0,0,1
AT2G29320,3,28,10,7,1,34
AT2G29330,1624,2185,972,1702,1003,1700
AT2G29340,326,197,152,307,178,346
AT2G29350,0,0,0,0,0,0
AT2G29360,0,3,0,0,1,0
AT2G29370,0,0,0,0,0,0
AT2G29380,3,5,4,10,4,10
AT2G29390,797,732,666,816,548,703
AT2G29400,1745,1470,887,1479,1335,1370
AT2G29410,5,13,3,6,0,7
AT2G29420,1184,1312,826,1271,1046,1215
AT2G29430,3,15,6,3,3,5
AT2G29440,241,368,169,183,116,229
AT2G29450,24,30,12,9,0,26
AT2G29452,0,0,0,0,0,0
AT2G29460,7,11,10,4,12,12
AT2G29470,4,0,1,3,1,1
AT2G29480,173,206,155,137,113,221
AT2G29485,98,125,65,100,54,137
AT2G29490,1061,1215,672,1159,891,1139
AT2G29500,174,178,70,120,99,93
AT2G29510,220,289,124,194,160,216
AT2G29520,0,0,0,0,0,0
AT2G29525,47,76,58,83,20,56
AT2G29530,1452,3911,2121,1266,1057,1353
AT2G29540,434,955,584,435,347,470
AT2G29550,2645,2931,1749,2292,1440,1928
AT2G29560,447,572,261,398,239,343
AT2G29570,313,757,459,359,226,421
AT2G29580,214,61,78,196,126,148
AT2G29590,71,134,78,64,63,75
AT2G29600,4,4,5,2,5,3
AT2G29605,0,0,0,0,0,0
AT2G29620,1,16,10,3,1,12
AT2G29628,0,0,0,0,0,0
AT2G29630,0,0,0,0,0,0
AT2G29640,43,91,44,33,21,24
AT2G29650,27,63,28,31,11,25
AT2G29654,0,0,0,0,0,0
AT2G29660,95,241,171,72,103,79
AT2G29670,75,94,63,104,57,62
AT2G29679,0,0,0,0,0,0
AT2G29680,29,111,64,75,59,36
AT2G29690,158,81,114,194,171,141
AT2G29700,372,858,535,428,337,479
AT2G29710,0,2,0,1,0,7
AT2G29720,20,16,28,15,14,25
AT2G29730,78,166,120,119,101,168
AT2G29735,0,3,1,0,1,0
AT2G29740,114,87,66,65,43,68
AT2G29750,147,287,150,188,173,313
AT2G29760,32,33,4,39,34,24
AT2G29770,0,0,0,0,0,0
AT2G29780,0,0,0,0,0,0
AT2G29790,0,0,0,0,0,0
AT2G29800,0,0,0,0,0,0
AT2G29810,0,0,0,0,0,0
AT2G29820,0,0,0,0,0,0
AT2G29830,0,0,0,0,0,0
AT2G29840,0,0,0,0,0,0
AT2G29850,0,0,0,0,0,0
AT2G29860,0,0,0,0,0,0
AT2G29870,0,0,0,0,0,0
AT2G29880,0,0,0,0,0,0
AT2G29890,130,192,98,138,146,108
AT2G29900,93,186,103,115,81,114
AT2G29910,140,121,111,140,80,115
AT2G29920,0,0,0,0,0,0
AT2G29925,0,0,0,0,0,0
AT2G29930,0,0,0,2,0,0
AT2G29940,0,0,0,0,0,0
AT2G29950,0,18,17,3,0,14
AT2G29960,1120,2307,1141,1289,837,1126
AT2G29970,40,48,58,45,43,82
AT2G29980,2412,3228,1308,2327,1762,1946
AT2G29990,154,112,39,119,78,109
AT2G29995,316,590,535,385,292,826
AT2G30000,260,508,317,240,156,225
AT2G30010,30,53,29,12,14,13
AT2G30020,151,105,69,123,92,400
AT2G30040,54,85,46,12,33,127
AT2G30050,940,1091,893,1274,722,946
AT2G30060,385,835,431,354,304,375
AT2G30070,159,98,30,130,105,97
AT2G30080,66,226,150,54,44,103
AT2G30090,0,0,0,0,0,0
AT2G30100,17,37,27,23,16,49
AT2G30105,230,267,137,249,174,226
AT2G30110,459,485,269,440,401,559
AT2G30115,0,2,0,0,0,0
AT2G30120,72,131,55,67,59,78
AT2G30130,196,347,136,224,126,178
AT2G30140,46,59,49,171,103,147
AT2G30150,49,29,46,58,29,20
AT2G30160,230,292,137,270,187,223
AT2G30170,113,132,56,65,34,89
AT2G30180,0,0,0,0,0,0
AT2G30190,0,0,0,0,0,0
AT2G30200,503,894,583,862,530,587
AT2G30210,120,211,117,303,279,268
AT2G30220,0,0,14,4,4,6
AT2G30230,16,25,9,18,18,36
AT2G30240,0,0,0,0,0,0
AT2G30250,30,108,82,66,46,259
AT2G30260,513,876,544,489,325,566
AT2G30270,140,182,167,124,77,200
AT2G30280,101,264,136,110,70,158
AT2G30290,0,0,0,0,0,0
AT2G30300,0,0,0,0,0,0
AT2G30310,0,0,0,0,0,0
AT2G30320,57,74,53,72,38,51
AT2G30330,137,276,157,152,119,177
AT2G30340,171,109,152,209,142,173
AT2G30350,61,169,56,57,32,63
AT2G30360,77,110,77,122,76,283
AT2G30362,69,107,100,101,78,262
AT2G30370,21,38,25,21,17,9
AT2G30380,1,37,12,13,4,6
AT2G30385,0,0,0,0,0,0
AT2G30390,82,48,39,78,39,65
AT2G30395,94,206,142,91,111,157
AT2G30400,86,157,133,137,136,198
AT2G30410,941,1961,1152,756,601,813
AT2G30420,0,1,0,0,0,0
AT2G30424,0,0,0,0,0,0
AT2G30430,0,0,0,0,0,0
AT2G30432,0,0,0,0,0,0
AT2G30440,441,657,457,600,419,767
AT2G30450,0,0,0,0,0,0
AT2G30460,143,230,119,138,132,82
AT2G30470,118,101,46,179,87,151
AT2G30480,55,32,45,59,45,39
AT2G30490,1073,1634,887,951,807,1662
AT2G30500,642,837,330,818,507,1170
AT2G30505,31,59,22,18,27,60
AT2G30520,1766,1136,659,933,558,826
AT2G30530,212,362,200,229,156,242
AT2G30540,0,1,0,0,0,0
AT2G30550,60,30,61,143,118,290
AT2G30560,0,0,0,0,0,0
AT2G30570,21,41,10,0,1,2
AT2G30575,53,99,64,88,81,98
AT2G30580,84,147,97,90,66,130
AT2G30590,315,379,203,313,295,268
AT2G30600,123,273,212,228,229,303
AT2G30615,47,111,76,53,39,85
AT2G30620,1250,2602,1466,1648,1063,2084
AT2G30630,0,7,1,0,0,0
AT2G30650,0,0,0,4,0,0
AT2G30660,3,0,1,14,13,50
AT2G30670,9,1,0,0,8,8
AT2G30680,0,0,0,1,1,1
AT2G30690,0,0,0,3,0,0
AT2G30695,18,97,33,27,29,22
AT2G30700,559,459,253,510,384,405
AT2G30710,235,311,208,277,207,269
AT2G30720,50,87,49,37,44,61
AT2G30730,0,4,0,0,0,0
AT2G30740,398,300,256,420,334,450
AT2G30750,4,2,0,0,0,16
AT2G30760,0,0,0,1,0,0
AT2G30766,366,0,1,0,4,66
AT2G30770,4,0,0,0,0,4
AT2G30780,226,206,86,147,170,184
AT2G30790,1,0,0,3,0,4
AT2G30800,100,168,82,101,68,121
AT2G30810,0,0,0,0,0,0
AT2G30820,17,16,14,0,0,0
AT2G30830,0,1,0,0,0,0
AT2G30840,2,131,63,7,22,158
AT2G30850,0,0,0,0,0,0
AT2G30860,3916,6588,4623,4220,2136,5094
AT2G30870,4273,8879,5033,4414,2894,6799
AT2G30880,207,389,140,270,180,213
AT2G30890,43,57,43,17,12,9
AT2G30900,0,0,0,0,0,0
AT2G30910,125,224,109,118,106,129
AT2G30920,204,286,123,153,85,164
AT2G30925,0,0,0,0,0,0
AT2G30930,1083,1332,1279,1342,1410,2021
AT2G30933,19,72,44,28,23,17
AT2G30940,0,0,0,0,0,0
AT2G30942,11,28,34,14,4,22
AT2G30945,46,58,31,17,21,17
AT2G30950,126,92,75,117,74,117
AT2G30960,59,66,49,34,38,36
AT2G30970,838,1080,576,975,539,672
AT2G30980,1052,685,821,1233,917,935
AT2G30984,3,3,1,7,0,8
AT2G30985,1,4,1,5,0,2
AT2G30990,217,156,82,182,156,218
AT2G31005,0,0,0,0,0,0
AT2G31010,48,73,33,53,52,60
AT2G31018,0,0,0,0,0,0
AT2G31020,98,97,61,74,97,219
AT2G31030,0,0,0,0,0,0
AT2G31035,1,0,0,1,0,0
AT2G31040,46,121,76,115,61,91
AT2G31050,0,0,2,0,0,0
AT2G31060,285,190,178,357,257,267
AT2G31070,37,50,42,15,14,21
AT2G31081,83,202,199,57,53,95
AT2G31082,110,292,292,143,128,109
AT2G31083,328,1507,1508,407,661,951
AT2G31085,323,904,590,181,261,346
AT2G31090,532,1192,711,398,372,639
AT2G31100,18,0,1,4,1,6
AT2G31110,69,102,78,44,44,84
AT2G31130,95,131,74,47,33,119
AT2G31140,362,610,315,318,288,369
AT2G31141,12,67,63,5,8,18
AT2G31150,82,55,31,29,61,75
AT2G31160,12,1,4,11,1,10
AT2G31170,79,61,41,63,47,64
AT2G31180,11,28,11,4,2,2
AT2G31190,96,137,51,84,37,80
AT2G31200,210,563,335,185,163,303
AT2G31210,0,0,0,0,0,3
AT2G31215,0,0,0,0,0,0
AT2G31220,0,0,0,0,0,0
AT2G31230,9,38,32,4,14,24
AT2G31240,169,157,70,137,92,104
AT2G31250,0,6,4,0,0,7
AT2G31260,34,86,53,36,68,97
AT2G31265,0,0,0,0,0,0
AT2G31270,192,202,121,199,125,143
AT2G31280,104,179,93,103,142,138
AT2G31290,44,61,52,45,46,58
AT2G31300,61,123,61,52,63,91
AT2G31305,202,302,201,164,127,194
AT2G31310,3,5,7,1,12,2
AT2G31320,69,106,58,101,52,53
AT2G31335,0,0,0,0,0,0
AT2G31340,64,55,48,62,46,48
AT2G31345,0,0,2,0,0,1
AT2G31350,406,645,420,294,291,550
AT2G31360,2054,2303,1216,2119,1716,1841
AT2G31370,322,461,275,276,215,259
AT2G31380,16,35,13,12,3,3
AT2G31390,1582,3245,2045,2795,1494,1876
AT2G31400,211,246,142,273,201,354
AT2G31410,723,1146,515,806,589,683
AT2G31420,5,0,1,5,1,9
AT2G31425,0,0,0,0,0,3
AT2G31430,0,0,0,0,0,0
AT2G31432,0,1,0,1,1,0
AT2G31440,440,610,339,333,322,313
AT2G31450,122,105,42,76,46,62
AT2G31460,0,0,0,0,0,0
AT2G31470,0,0,0,0,0,0
AT2G31480,0,7,0,0,2,0
AT2G31490,1336,3448,1646,1322,1134,1469
AT2G31500,0,1,1,0,0,0
AT2G31510,248,241,143,287,269,264
AT2G31530,96,178,76,71,83,80
AT2G31540,0,17,29,4,6,1
AT2G31550,0,1,0,0,1,0
AT2G31560,14,15,12,11,18,4
AT2G31570,170,751,524,102,74,354
AT2G31580,69,86,60,83,41,56
AT2G31585,145,585,431,105,84,429
AT2G31590,0,0,0,1,1,1
AT2G31600,33,58,50,63,36,51
AT2G31610,4825,8615,4324,5394,3417,4565
AT2G31620,0,0,1,0,0,0
AT2G31650,26,51,47,60,32,58
AT2G31660,139,232,129,239,141,303
AT2G31670,515,904,856,786,594,722
AT2G31680,66,279,102,125,100,144
AT2G31690,0,0,0,0,0,0
AT2G31700,1,0,1,1,0,0
AT2G31710,209,498,284,239,150,217
AT2G31720,1,0,1,0,0,0
AT2G31725,97,301,128,139,91,96
AT2G31730,30,51,42,28,30,39
AT2G31740,248,349,139,277,181,192
AT2G31750,505,365,246,569,484,584
AT2G31751,426,408,246,469,409,552
AT2G31760,0,0,0,0,0,0
AT2G31770,0,0,0,0,0,0
AT2G31780,0,0,0,0,0,0
AT2G31790,7,8,10,6,16,20
AT2G31800,113,193,150,190,112,197
AT2G31810,1052,1186,862,1044,775,1022
AT2G31820,183,204,102,174,160,257
AT2G31830,25,44,17,25,16,24
AT2G31840,54,98,47,44,40,53
AT2G31850,0,0,0,0,0,0
AT2G31862,0,0,0,0,0,0
AT2G31865,11,10,8,12,3,41
AT2G31870,25,36,26,33,19,31
AT2G31880,61,167,94,113,91,239
AT2G31890,96,93,69,91,47,148
AT2G31900,163,134,182,109,122,154
AT2G31902,117,110,69,58,49,54
AT2G31910,0,20,12,5,6,9
AT2G31920,7,31,17,7,8,3
AT2G31930,4,40,38,0,4,33
AT2G31940,9,118,64,6,18,37
AT2G31945,44,32,87,32,20,163
AT2G31953,0,0,0,0,1,0
AT2G31955,62,182,92,138,130,129
AT2G31957,0,0,1,0,0,0
AT2G31960,264,251,190,172,182,256
AT2G31970,207,219,90,149,66,144
AT2G31980,0,11,7,4,9,12
AT2G31981,0,0,0,0,0,0
AT2G31985,0,0,0,0,0,0
AT2G31990,27,21,7,10,11,98
AT2G32000,74,58,79,96,66,63
AT2G32010,71,56,40,55,58,56
AT2G32020,115,74,61,41,23,117
AT2G32030,53,70,60,66,53,105
AT2G32040,103,108,93,177,103,136
AT2G32050,0,4,4,14,3,4
AT2G32060,7439,18019,8499,6179,4504,5979
AT2G32070,589,1085,501,534,389,592
AT2G32080,351,326,263,313,259,443
AT2G32090,152,294,179,110,100,154
AT2G32100,3,3,1,2,1,3
AT2G32110,0,0,0,0,0,0
AT2G32120,25,17,18,15,36,26
AT2G32130,5,2,0,2,1,3
AT2G32140,7,2,2,7,1,17
AT2G32150,800,1218,981,734,465,1067
AT2G32160,0,0,2,1,2,9
AT2G32170,350,238,201,313,282,371
AT2G32179,58,72,48,62,30,57
AT2G32180,46,78,27,28,15,37
AT2G32190,68,22,70,114,55,93
AT2G32200,1,0,0,0,0,2
AT2G32210,83,64,51,55,33,49
AT2G32220,179,320,201,240,232,154
AT2G32230,75,135,77,103,73,85
AT2G32235,11,29,13,8,0,19
AT2G32240,858,1372,703,771,710,1215
AT2G32250,85,117,75,135,130,118
AT2G32260,634,644,354,559,363,549
AT2G32270,22,98,84,88,72,227
AT2G32273,0,0,0,0,0,0
AT2G32275,10,4,1,0,2,1
AT2G32280,326,282,235,294,264,201
AT2G32290,10,0,0,0,2,0
AT2G32295,90,154,68,83,55,99
AT2G32300,367,427,461,783,494,468
AT2G32310,0,0,0,0,0,0
AT2G32315,0,0,0,0,0,0
AT2G32320,129,139,89,157,121,135
AT2G32340,1,10,9,8,5,9
AT2G32350,0,0,0,0,0,0
AT2G32360,0,0,0,0,0,0
AT2G32370,3,1,5,2,0,0
AT2G32380,473,1253,683,748,483,573
AT2G32390,11,59,16,43,37,41
AT2G32400,17,37,21,51,17,38
AT2G32410,66,48,19,35,28,55
AT2G32415,119,92,44,122,68,81
AT2G32430,54,182,95,44,28,86
AT2G32440,211,130,52,177,117,164
AT2G32450,63,61,23,70,33,106
AT2G32460,0,0,0,0,0,0
AT2G32470,24,24,32,20,22,13
AT2G32480,90,108,77,69,90,79
AT2G32487,0,1,16,1,3,1
AT2G32500,79,91,48,45,40,35
AT2G32510,4,14,4,0,3,9
AT2G32520,442,684,333,448,343,507
AT2G32530,0,1,0,0,0,0
AT2G32540,0,1,0,0,0,0
AT2G32550,0,1,0,0,0,0
AT2G32560,162,229,129,195,153,256
AT2G32580,300,600,290,269,237,265
AT2G32590,87,100,61,62,46,81
AT2G32600,350,247,147,231,145,250
AT2G32610,1,4,4,17,0,8
AT2G32620,0,7,12,13,0,6
AT2G32630,15,14,6,19,12,27
AT2G32640,6,5,3,7,1,10
AT2G32645,89,134,83,76,72,109
AT2G32650,179,293,151,175,127,180
AT2G32660,0,0,2,0,3,15
AT2G32670,0,3,7,13,1,0
AT2G32680,0,0,0,0,0,0
AT2G32690,0,2,0,0,0,0
AT2G32698,0,0,0,0,0,0
AT2G32700,572,806,450,649,428,606
AT2G32710,249,316,207,221,131,259
AT2G32720,721,1722,862,562,500,651
AT2G32730,551,635,376,674,493,676
AT2G32740,3,0,3,0,0,1
AT2G32750,10,0,4,1,3,3
AT2G32760,63,132,81,83,73,93
AT2G32765,20,28,9,12,8,8
AT2G32770,0,0,3,0,0,0
AT2G32780,0,0,0,0,0,0
AT2G32785,0,0,0,0,0,0
AT2G32788,0,0,0,0,0,0
AT2G32790,0,0,0,0,0,0
AT2G32795,10,21,15,4,1,6
AT2G32800,7,22,11,14,17,13
AT2G32810,142,67,54,120,135,140
AT2G32820,0,0,0,0,0,0
AT2G32830,0,0,0,2,1,6
AT2G32835,0,0,0,0,0,0
AT2G32840,86,74,39,57,43,40
AT2G32850,203,240,190,314,205,210
AT2G32860,0,0,0,0,0,5
AT2G32870,0,0,0,0,0,0
AT2G32880,0,0,0,0,0,0
AT2G32885,3,0,0,2,2,0
AT2G32890,18,15,14,10,10,14
AT2G32900,223,224,158,256,167,227
AT2G32905,0,0,0,0,0,0
AT2G32910,217,321,122,199,197,244
AT2G32920,557,731,407,693,430,544
AT2G32930,29,18,6,46,15,29
AT2G32940,13,18,9,16,3,4
AT2G32950,231,238,141,148,101,161
AT2G32960,4,13,19,2,1,20
AT2G32970,148,120,67,131,96,144
AT2G32980,279,492,260,359,253,326
AT2G32990,42,104,57,6,42,30
AT2G33000,0,5,2,0,0,0
AT2G33010,4,8,3,6,2,5
AT2G33020,0,0,3,0,0,0
AT2G33030,0,0,0,1,0,0
AT2G33040,3004,6561,3444,4132,2691,3301
AT2G33050,50,28,20,22,28,17
AT2G33051,78,44,23,29,30,26
AT2G33060,9,16,10,6,8,13
AT2G33070,0,0,0,0,0,0
AT2G33080,0,0,0,0,0,0
AT2G33090,0,0,0,0,0,0
AT2G33100,0,0,0,2,0,1
AT2G33110,73,46,57,90,56,47
AT2G33120,826,1608,1014,833,700,1026
AT2G33130,0,1,0,1,0,5
AT2G33140,0,0,0,0,0,0
AT2G33150,2464,2336,1381,3503,1710,2888
AT2G33160,0,6,6,2,0,0
AT2G33170,88,121,38,115,119,84
AT2G33175,0,0,0,0,0,0
AT2G33180,38,81,46,22,17,31
AT2G33190,0,0,0,0,0,0
AT2G33200,0,0,0,0,0,0
AT2G33205,0,13,11,15,7,2
AT2G33210,250,383,365,522,267,308
AT2G33220,1071,1257,1094,1091,769,1180
AT2G33230,0,1,1,0,0,1
AT2G33233,0,0,0,0,0,0
AT2G33240,11,6,6,4,2,6
AT2G33250,67,72,55,25,11,12
AT2G33255,171,253,150,124,81,117
AT2G33260,5,0,16,8,10,6
AT2G33270,0,0,0,0,0,0
AT2G33280,0,0,0,0,1,2
AT2G33290,52,39,20,43,25,72
AT2G33300,2,2,1,0,6,0
AT2G33310,534,679,615,400,359,378
AT2G33320,90,112,49,92,107,75
AT2G33330,74,154,57,122,54,124
AT2G33340,1556,1163,753,1396,1001,1250
AT2G33350,0,0,0,0,0,0
AT2G33360,54,99,50,55,55,73
AT2G33370,4242,8052,3981,3771,3023,3599
AT2G33380,0,0,0,0,0,0
AT2G33385,0,38,26,9,37,9
AT2G33390,258,525,316,249,213,360
AT2G33400,130,337,186,154,124,230
AT2G33410,674,620,396,727,476,630
AT2G33420,0,0,0,0,0,0
AT2G33435,409,580,241,373,286,458
AT2G33450,153,318,226,164,136,157
AT2G33460,86,196,131,82,88,99
AT2G33470,1432,3286,1696,1572,1188,1500
AT2G33480,25,40,61,26,28,45
AT2G33490,132,129,75,137,64,148
AT2G33500,53,44,58,105,46,62
AT2G33510,382,684,280,253,194,328
AT2G33520,0,0,0,0,0,0
AT2G33530,16,62,42,40,11,20
AT2G33540,42,117,56,51,29,47
AT2G33550,29,119,75,44,42,58
AT2G33560,95,204,104,134,44,143
AT2G33570,123,111,74,96,65,116
AT2G33580,63,27,24,45,32,143
AT2G33585,129,362,185,115,93,164
AT2G33590,509,499,367,570,342,483
AT2G33600,230,309,130,167,169,216
AT2G33610,165,285,147,203,135,181
AT2G33620,112,74,76,99,86,108
AT2G33630,1125,862,482,914,802,1090
AT2G33640,56,53,23,43,17,33
AT2G33650,0,0,0,0,0,0
AT2G33655,0,0,0,0,0,0
AT2G33660,0,0,0,0,0,0
AT2G33670,0,0,0,0,0,0
AT2G33680,12,52,15,22,15,23
AT2G33685,0,0,0,0,0,0
AT2G33690,0,0,0,0,0,0
AT2G33700,115,163,97,131,105,193
AT2G33705,0,0,0,1,0,0
AT2G33710,219,143,114,148,102,197
AT2G33720,5,1,2,4,1,3
AT2G33730,836,388,303,721,579,628
AT2G33735,29,55,27,32,37,25
AT2G33740,705,1013,525,573,376,524
AT2G33750,9,12,3,3,12,11
AT2G33760,3,7,3,11,2,14
AT2G33770,178,247,234,508,761,783
AT2G33775,0,0,0,0,0,0
AT2G33780,0,0,0,6,1,0
AT2G33790,336,2616,3093,3264,1277,3090
AT2G33793,82,126,60,79,63,87
AT2G33796,1,0,0,0,1,1
AT2G33800,315,418,196,271,134,263
AT2G33810,1,0,2,4,2,6
AT2G33815,5,0,2,6,1,9
AT2G33820,42,70,29,53,32,37
AT2G33830,9610,10620,9077,17960,11083,28131
AT2G33835,77,110,57,108,79,45
AT2G33840,354,623,355,418,333,482
AT2G33845,250,385,316,345,250,336
AT2G33847,77,120,91,77,59,69
AT2G33850,0,0,0,0,0,1
AT2G33855,11,5,7,2,3,4
AT2G33860,35,44,63,8,25,39
AT2G33870,0,0,0,0,0,0
AT2G33880,0,0,0,0,0,0
AT2G33890,0,0,0,0,0,0
AT2G33900,0,0,0,0,0,0
AT2G33910,0,0,0,0,0,0
AT2G33920,0,0,0,0,0,0
AT2G33930,0,0,0,0,0,0
AT2G33940,0,0,0,0,0,0
AT2G33950,0,0,0,0,0,0
AT2G33960,0,0,0,0,0,0
AT2G33970,0,0,0,0,0,0
AT2G33980,14,43,34,27,41,28
AT2G33990,339,418,256,235,195,278
AT2G34000,6,60,68,12,7,40
AT2G34010,0,0,2,1,0,0
AT2G34020,543,554,297,545,377,303
AT2G34030,0,0,0,0,0,0
AT2G34040,633,411,320,617,491,524
AT2G34050,136,330,147,210,192,164
AT2G34060,31,29,46,43,14,29
AT2G34070,460,379,296,327,235,401
AT2G34080,63,52,99,24,7,14
AT2G34090,37,53,69,78,36,61
AT2G34100,0,0,0,0,0,0
AT2G34110,0,0,0,0,0,0
AT2G34120,0,0,0,0,0,0
AT2G34123,0,0,0,0,0,0
AT2G34140,94,60,95,99,80,53
AT2G34150,140,210,97,108,110,79
AT2G34160,532,1158,660,454,366,446
AT2G34170,166,144,122,268,156,184
AT2G34180,8,14,7,28,14,35
AT2G34185,19,24,10,9,7,20
AT2G34186,0,0,0,0,0,0
AT2G34190,261,478,230,189,208,336
AT2G34200,34,64,42,47,42,31
AT2G34202,0,0,0,0,0,0
AT2G34204,0,0,0,0,0,0
AT2G34208,0,0,0,0,0,0
AT2G34210,0,0,0,0,0,0
AT2G34220,0,3,1,7,7,3
AT2G34224,0,9,2,3,6,5
AT2G34230,1,0,0,3,13,10
AT2G34238,0,0,0,2,2,0
AT2G34240,8,11,0,8,8,1
AT2G34250,3225,3609,2435,3828,2326,3257
AT2G34260,344,442,254,319,198,184
AT2G34270,0,0,0,1,0,0
AT2G34280,0,0,0,0,0,0
AT2G34290,0,0,0,0,0,0
AT2G34300,637,613,323,750,503,623
AT2G34310,165,284,173,142,118,192
AT2G34315,0,0,0,0,0,0
AT2G34317,10,15,38,24,36,299
AT2G34320,0,0,11,1,5,5
AT2G34325,77,199,118,53,24,53
AT2G34330,3,36,7,6,3,13
AT2G34340,69,133,60,145,96,142
AT2G34350,0,5,18,39,13,26
AT2G34355,14,62,14,32,40,36
AT2G34357,187,162,120,204,157,181
AT2G34360,2,1,3,5,4,7
AT2G34370,0,2,1,0,0,0
AT2G34380,61,94,54,110,82,92
AT2G34390,16,4,11,11,16,36
AT2G34400,11,5,9,18,11,14
AT2G34410,142,316,230,309,248,185
AT2G34420,66,169,67,12,1,38
AT2G34430,7,41,7,0,0,0
AT2G34440,4,1,2,6,4,0
AT2G34450,79,100,60,55,63,42
AT2G34460,211,204,122,114,95,198
AT2G34470,1029,895,652,964,720,1153
AT2G34480,14648,20148,15303,13638,10433,13463
AT2G34490,0,0,0,0,0,0
AT2G34500,52,88,85,94,135,191
AT2G34510,16,29,8,26,29,26
AT2G34520,687,1724,723,592,440,615
AT2G34530,4,32,12,3,32,7
AT2G34540,6,6,7,10,11,23
AT2G34555,0,0,0,0,0,0
AT2G34560,1885,1936,1179,1434,1127,1382
AT2G34570,212,221,173,240,126,222
AT2G34580,4,2,1,2,3,4
AT2G34585,590,1446,981,370,379,621
AT2G34590,991,1140,793,873,486,775
AT2G34600,4,13,12,2,1,51
AT2G34610,0,0,0,0,0,1
AT2G34620,2,0,0,0,0,3
AT2G34630,283,471,281,291,249,263
AT2G34640,204,138,84,154,77,149
AT2G34650,48,44,31,71,43,94
AT2G34655,0,3,0,0,0,0
AT2G34660,356,329,143,360,304,403
AT2G34670,96,42,49,78,77,85
AT2G34680,274,256,182,267,285,282
AT2G34690,1491,1456,837,1183,869,1237
AT2G34700,0,0,0,0,0,0
AT2G34710,409,278,207,213,251,301
AT2G34720,301,248,196,196,187,207
AT2G34730,389,463,296,298,244,352
AT2G34740,0,0,0,0,0,0
AT2G34750,1209,953,501,879,677,763
AT2G34770,767,707,660,741,496,670
AT2G34780,54,164,144,102,101,105
AT2G34790,42,62,39,74,117,80
AT2G34810,0,1,0,0,0,0
AT2G34820,0,0,0,0,1,0
AT2G34825,0,0,0,0,0,0
AT2G34830,29,47,51,76,58,60
AT2G34840,105,259,171,177,86,124
AT2G34850,0,3,1,5,0,7
AT2G34860,34,112,39,41,44,43
AT2G34870,0,0,0,0,0,0
AT2G34880,0,0,3,0,0,0
AT2G34890,0,0,0,0,0,0
AT2G34900,451,559,278,352,273,348
AT2G34910,27,51,20,36,31,75
AT2G34920,20,62,28,28,21,36
AT2G34925,1,11,1,0,3,0
AT2G34930,21,10,4,8,8,54
AT2G34940,9,38,16,21,15,56
AT2G34950,0,0,0,0,0,0
AT2G34960,2,0,0,0,0,0
AT2G34970,182,205,97,217,171,179
AT2G34980,19,40,25,39,13,12
AT2G34985,0,0,0,0,0,0
AT2G34990,11,9,1,9,0,1
AT2G35000,36,108,52,58,44,126
AT2G35010,200,652,374,231,165,267
AT2G35020,153,230,102,167,106,138
AT2G35030,60,38,13,59,34,28
AT2G35035,36,94,42,55,32,55
AT2G35040,431,421,269,574,340,422
AT2G35050,610,552,467,736,646,845
AT2G35060,114,145,72,97,86,87
AT2G35070,3,0,0,0,1,0
AT2G35075,0,0,0,0,0,0
AT2G35080,1,0,0,0,0,0
AT2G35090,0,0,0,0,0,0
AT2G35100,180,112,103,137,133,131
AT2G35110,130,152,118,162,146,178
AT2G35120,1989,4744,2523,1992,1447,2093
AT2G35130,0,1,0,0,0,0
AT2G35140,7,4,7,10,14,20
AT2G35150,2,20,4,0,0,0
AT2G35155,27,10,29,22,16,7
AT2G35160,34,54,40,53,36,28
AT2G35170,54,56,40,29,15,29
AT2G35190,306,669,363,399,323,367
AT2G35200,67,62,50,46,31,50
AT2G35210,7,43,48,14,15,29
AT2G35215,0,0,0,0,0,0
AT2G35220,0,0,0,0,0,0
AT2G35230,133,104,136,190,121,167
AT2G35240,689,669,676,614,405,529
AT2G35250,0,0,0,0,0,0
AT2G35260,5,0,4,0,0,0
AT2G35270,168,93,108,156,123,222
AT2G35280,0,0,0,0,0,0
AT2G35290,10,14,14,11,9,18
AT2G35300,2,4,3,1,1,26
AT2G35310,12,10,4,4,2,1
AT2G35320,184,282,163,199,161,210
AT2G35330,174,228,75,156,130,221
AT2G35340,11,42,10,6,4,8
AT2G35343,0,3,1,2,2,2
AT2G35345,9,17,14,15,11,10
AT2G35350,46,17,12,28,27,56
AT2G35360,77,74,31,66,52,77
AT2G35370,3,3,0,7,1,1
AT2G35380,0,26,0,48,6,37
AT2G35382,12,57,16,3,1,4
AT2G35384,1,4,2,2,0,2
AT2G35387,0,0,0,0,0,0
AT2G35390,111,109,74,129,74,102
AT2G35410,107,124,57,51,43,86
AT2G35420,12,4,5,4,2,5
AT2G35430,70,91,46,47,32,43
AT2G35450,64,195,54,85,53,58
AT2G35460,0,0,1,0,0,0
AT2G35470,304,398,322,239,160,253
AT2G35480,91,169,70,103,63,87
AT2G35490,60,97,79,100,55,93
AT2G35500,42,68,21,39,23,47
AT2G35510,318,251,199,263,208,275
AT2G35520,344,698,484,362,247,286
AT2G35530,201,182,151,221,146,124
AT2G35540,76,48,56,71,23,93
AT2G35550,8,32,14,5,4,13
AT2G35555,0,0,1,0,0,0
AT2G35580,0,0,0,0,0,0
AT2G35585,57,125,68,7,21,67
AT2G35600,11,0,12,11,14,0
AT2G35605,877,1528,1098,819,646,810
AT2G35610,505,548,340,825,628,726
AT2G35612,58,40,58,34,76,46
AT2G35615,0,0,0,0,1,0
AT2G35620,170,169,93,174,151,121
AT2G35630,351,473,250,337,329,460
AT2G35635,724,1841,1098,700,519,949
AT2G35637,6,2,1,1,0,1
AT2G35640,4,0,1,0,0,3
AT2G35650,85,194,75,182,170,104
AT2G35658,23,69,37,26,25,35
AT2G35660,8,14,12,4,1,13
AT2G35670,3,4,8,7,0,1
AT2G35680,703,607,487,684,556,772
AT2G35690,54,75,21,25,27,29
AT2G35700,2,7,0,5,2,1
AT2G35710,42,87,38,55,43,45
AT2G35720,136,60,55,145,89,81
AT2G35730,121,190,156,110,101,168
AT2G35733,0,0,0,1,0,3
AT2G35736,134,196,114,105,80,145
AT2G35738,96,54,33,35,42,37
AT2G35740,55,12,17,23,29,18
AT2G35742,0,0,0,0,0,0
AT2G35744,0,0,1,0,0,0
AT2G35747,0,1,0,0,0,1
AT2G35750,21,38,28,10,34,21
AT2G35760,30,35,23,27,25,30
AT2G35765,0,2,0,0,0,1
AT2G35770,0,11,6,9,14,12
AT2G35780,275,249,166,295,226,251
AT2G35790,628,766,662,662,462,646
AT2G35795,486,980,421,459,319,423
AT2G35800,105,83,49,81,48,79
AT2G35810,627,1442,725,622,344,719
AT2G35820,0,0,2,0,3,1
AT2G35830,0,0,0,0,0,0
AT2G35840,182,237,101,156,72,162
AT2G35850,0,3,0,3,0,1
AT2G35859,110,210,136,119,138,126
AT2G35860,141,280,174,149,154,158
AT2G35880,354,495,345,499,333,400
AT2G35890,0,8,5,3,3,14
AT2G35900,316,206,238,256,204,309
AT2G35910,40,117,118,95,75,195
AT2G35920,226,181,99,240,189,233
AT2G35930,162,72,87,158,98,431
AT2G35935,16,9,8,21,26,61
AT2G35940,57,185,128,49,79,264
AT2G35945,32,170,114,41,47,108
AT2G35950,10,14,5,31,25,24
AT2G35960,6,9,17,4,2,0
AT2G35965,0,0,1,0,0,0
AT2G35970,0,0,0,0,0,0
AT2G35980,0,9,16,0,3,13
AT2G35990,2,3,1,1,0,0
AT2G36000,56,62,38,36,31,46
AT2G36010,38,44,38,36,18,45
AT2G36020,0,0,0,3,0,0
AT2G36026,21,3,3,13,10,11
AT2G36030,2,0,0,3,3,1
AT2G36050,17,32,19,39,25,42
AT2G36060,895,1938,992,854,561,804
AT2G36070,320,423,218,379,270,252
AT2G36080,463,252,201,428,374,542
AT2G36090,19,85,60,19,12,34
AT2G36100,894,1778,1342,1996,880,1132
AT2G36110,0,5,1,0,0,0
AT2G36120,1111,3320,1972,250,249,986
AT2G36130,786,767,623,608,575,686
AT2G36140,0,0,0,0,0,0
AT2G36145,1,1,0,4,0,0
AT2G36150,0,0,0,0,0,0
AT2G36160,5414,10261,5700,5305,4142,5319
AT2G36170,2609,5245,3097,2650,2379,2753
AT2G36180,6,0,4,5,2,4
AT2G36190,0,0,0,0,0,0
AT2G36200,95,205,85,138,84,127
AT2G36210,0,6,5,0,0,16
AT2G36220,70,34,30,38,30,334
AT2G36230,130,282,130,170,77,84
AT2G36240,132,210,188,216,199,196
AT2G36250,192,190,135,261,174,240
AT2G36255,0,0,0,0,0,0
AT2G36260,0,0,0,0,0,0
AT2G36270,26,32,9,42,10,53
AT2G36280,0,0,0,0,0,0
AT2G36290,404,572,438,183,131,135
AT2G36295,1,3,5,7,1,1
AT2G36300,270,355,307,384,302,340
AT2G36305,97,198,154,134,112,162
AT2G36307,124,360,162,102,57,146
AT2G36310,518,577,376,622,406,582
AT2G36320,1253,2983,2555,1553,1238,2619
AT2G36325,0,0,0,0,2,1
AT2G36330,78,148,90,65,65,123
AT2G36340,213,153,92,137,104,115
AT2G36350,182,109,109,216,205,201
AT2G36355,29,86,61,68,40,34
AT2G36360,128,254,111,182,131,201
AT2G36370,46,53,45,46,41,46
AT2G36380,163,430,268,255,230,698
AT2G36390,178,137,80,164,117,162
AT2G36400,589,382,357,506,379,289
AT2G36410,760,954,686,797,701,1014
AT2G36420,209,207,184,176,132,330
AT2G36430,10,28,28,8,5,42
AT2G36440,1,2,0,1,0,0
AT2G36450,0,0,0,0,0,0
AT2G36460,153,196,112,157,124,317
AT2G36470,21,99,47,44,69,174
AT2G36480,144,225,147,140,135,145
AT2G36490,136,132,71,92,64,170
AT2G36500,1,3,1,0,0,6
AT2G36510,0,0,0,0,0,0
AT2G36520,0,0,0,0,0,0
AT2G36530,4690,6327,3703,6812,3469,4961
AT2G36540,0,1,0,0,1,1
AT2G36550,0,0,0,0,0,0
AT2G36560,1,3,4,3,3,5
AT2G36570,54,47,31,51,24,16
AT2G36580,572,576,428,794,374,592
AT2G36590,3,4,2,9,0,0
AT2G36600,0,0,0,0,0,0
AT2G36610,2,0,0,3,0,0
AT2G36620,4814,10142,5305,5234,3665,4765
AT2G36630,6,7,8,5,2,6
AT2G36640,0,0,0,0,0,0
AT2G36650,38,39,41,32,24,89
AT2G36660,0,2,6,3,0,0
AT2G36670,115,243,107,137,85,127
AT2G36680,205,372,244,158,128,212
AT2G36690,36,30,39,8,37,94
AT2G36695,0,0,2,0,0,6
AT2G36700,0,0,0,0,0,0
AT2G36710,0,0,0,0,0,3
AT2G36720,91,135,64,107,98,155
AT2G36724,0,0,0,0,0,0
AT2G36730,21,23,12,31,34,29
AT2G36740,234,323,178,173,134,210
AT2G36750,0,0,0,0,0,0
AT2G36760,0,0,0,0,0,0
AT2G36770,0,0,0,0,0,0
AT2G36780,0,0,0,6,9,26
AT2G36790,0,0,0,0,1,0
AT2G36792,0,0,0,3,1,0
AT2G36800,13,0,0,0,0,5
AT2G36810,90,112,43,35,53,130
AT2G36815,1,1,1,0,0,1
AT2G36830,2814,4934,3982,2433,1771,5201
AT2G36835,201,359,195,153,133,207
AT2G36840,55,41,45,46,66,73
AT2G36850,190,242,146,254,191,259
AT2G36854,2,1,2,1,1,0
AT2G36860,0,0,0,0,0,0
AT2G36870,0,4,5,0,0,0
AT2G36880,4427,5546,3442,4987,3050,3844
AT2G36885,51,145,131,130,94,47
AT2G36890,186,274,143,153,152,199
AT2G36895,270,217,226,159,126,174
AT2G36900,402,766,396,339,347,452
AT2G36910,313,328,265,388,485,484
AT2G36920,12,5,0,1,0,0
AT2G36930,970,1036,608,844,660,777
AT2G36950,1267,1285,1013,1055,740,1396
AT2G36960,60,100,65,127,88,103
AT2G36970,31,21,10,29,35,18
AT2G36980,13,3,11,17,9,12
AT2G36985,0,4,0,0,0,0
AT2G36990,16,38,17,35,16,20
AT2G37000,3,13,6,5,5,6
AT2G37010,0,0,0,0,0,0
AT2G37020,324,560,261,306,194,311
AT2G37025,11,2,0,13,21,7
AT2G37030,0,0,0,0,0,0
AT2G37035,65,72,62,97,65,80
AT2G37040,1610,1982,1101,1262,1361,2078
AT2G37050,876,532,375,685,557,777
AT2G37060,159,198,224,121,123,202
AT2G37070,6,18,15,19,20,41
AT2G37080,543,745,359,653,406,485
AT2G37090,79,337,146,141,148,79
AT2G37100,94,145,75,109,94,81
AT2G37110,889,1400,738,1069,727,1235
AT2G37120,1547,2710,1316,1229,963,1301
AT2G37125,0,1,0,0,0,0
AT2G37130,1599,1553,1485,2111,841,3294
AT2G37140,1,2,0,4,0,2
AT2G37150,60,98,67,82,95,152
AT2G37160,137,89,119,131,79,111
AT2G37170,5989,11606,8683,3995,2669,11647
AT2G37180,1020,810,888,375,248,1079
AT2G37190,2969,5848,2870,2835,2265,2644
AT2G37195,69,125,79,106,78,89
AT2G37200,190,289,282,147,166,192
AT2G37210,66,108,61,61,46,84
AT2G37220,271,207,165,280,178,386
AT2G37230,308,288,107,276,210,202
AT2G37240,20,65,14,24,14,33
AT2G37250,1101,1819,976,1112,828,1036
AT2G37260,46,64,9,44,22,22
AT2G37270,4480,7137,4192,4180,3141,3716
AT2G37280,15,13,12,5,11,24
AT2G37290,13,29,12,7,11,6
AT2G37300,14,65,20,14,17,17
AT2G37310,47,50,23,37,35,27
AT2G37320,5,23,11,16,8,19
AT2G37330,27,142,114,39,47,54
AT2G37340,2174,760,712,1580,1292,1501
AT2G37360,38,37,27,14,35,39
AT2G37362,51,36,23,32,43,44
AT2G37370,2,15,2,5,5,4
AT2G37380,184,231,120,154,138,181
AT2G37390,107,195,110,86,61,122
AT2G37400,257,353,210,328,212,248
AT2G37410,2036,2039,1060,1632,1237,1521
AT2G37420,83,108,71,75,61,109
AT2G37430,42,49,43,32,20,101
AT2G37435,0,0,0,0,0,0
AT2G37440,18,84,32,28,21,23
AT2G37450,26,115,45,5,5,15
AT2G37460,19,57,33,27,23,13
AT2G37470,441,1322,936,535,454,604
AT2G37480,788,1373,849,962,705,1053
AT2G37500,193,243,130,242,119,152
AT2G37510,75,102,65,50,53,35
AT2G37520,87,86,70,116,72,163
AT2G37530,25,67,36,29,23,28
AT2G37540,31,59,60,105,15,34
AT2G37550,488,702,398,495,362,582
AT2G37555,167,218,135,199,129,166
AT2G37560,66,83,30,59,46,47
AT2G37570,299,261,134,289,210,319
AT2G37580,1,32,8,7,13,8
AT2G37585,124,296,114,134,130,144
AT2G37590,48,35,16,66,56,32
AT2G37600,2557,3874,2034,1873,1654,1755
AT2G37610,9,5,5,3,6,8
AT2G37620,301,361,239,270,106,161
AT2G37630,137,98,91,88,63,52
AT2G37640,49,84,21,64,26,43
AT2G37650,37,47,27,36,35,61
AT2G37660,112,82,55,97,99,113
AT2G37670,6,11,7,3,3,5
AT2G37678,409,605,349,369,275,400
AT2G37680,93,210,98,134,76,141
AT2G37690,258,160,153,234,183,134
AT2G37700,4,12,9,31,19,13
AT2G37710,33,75,48,54,48,54
AT2G37720,0,0,0,0,3,0
AT2G37730,0,0,0,0,0,0
AT2G37740,0,0,1,0,0,0
AT2G37750,465,3112,2676,294,253,3328
AT2G37760,357,318,243,441,393,457
AT2G37770,34,5,9,65,50,71
AT2G37780,0,0,1,0,0,0
AT2G37790,432,550,363,402,250,307
AT2G37800,0,0,0,0,0,0
AT2G37805,0,0,2,0,0,0
AT2G37810,0,0,2,0,0,0
AT2G37820,41,32,40,34,13,31
AT2G37840,134,181,119,142,108,172
AT2G37860,423,451,288,521,499,439
AT2G37870,361,780,256,143,281,888
AT2G37880,1,1,6,0,0,0
AT2G37890,63,44,45,55,52,50
AT2G37900,42,11,5,11,11,22
AT2G37910,0,0,0,0,0,0
AT2G37920,56,69,46,32,30,31
AT2G37925,83,70,22,13,13,7
AT2G37930,63,79,30,21,29,54
AT2G37940,257,635,376,335,264,346
AT2G37950,61,65,33,34,32,35
AT2G37960,14,29,3,24,20,23
AT2G37970,104,101,89,10,3,25
AT2G37975,234,976,534,329,239,301
AT2G37980,38,38,26,34,24,64
AT2G37990,523,771,567,704,479,636
AT2G38000,117,217,83,113,76,179
AT2G38010,24,30,18,13,16,85
AT2G38020,152,127,91,137,90,171
AT2G38025,145,208,97,113,86,121
AT2G38030,0,0,0,0,0,0
AT2G38040,679,681,453,683,478,506
AT2G38050,97,123,134,110,75,134
AT2G38060,22,17,9,11,3,6
AT2G38070,29,29,19,11,9,18
AT2G38080,308,1233,532,479,858,294
AT2G38090,333,299,218,319,259,296
AT2G38100,8,3,2,14,22,22
AT2G38110,0,0,0,3,0,4
AT2G38120,846,802,918,1119,782,578
AT2G38130,522,914,466,431,345,498
AT2G38140,342,644,360,252,228,279
AT2G38150,0,6,1,4,0,6
AT2G38152,3,2,7,6,0,9
AT2G38160,80,178,76,103,97,96
AT2G38170,171,170,59,213,99,198
AT2G38180,166,290,157,149,99,121
AT2G38185,74,80,31,67,55,58
AT2G38195,0,0,0,0,0,0
AT2G38210,37,44,23,44,25,55
AT2G38220,0,6,0,0,5,2
AT2G38230,367,97,135,382,242,382
AT2G38240,1,0,2,20,15,53
AT2G38250,8,7,7,20,15,45
AT2G38255,1,0,0,0,0,0
AT2G38270,227,175,166,185,184,183
AT2G38280,374,212,172,463,229,277
AT2G38290,423,233,217,541,482,883
AT2G38300,50,101,36,58,48,58
AT2G38310,1107,1274,1448,1111,910,531
AT2G38320,35,144,56,55,91,58
AT2G38325,0,0,0,0,0,0
AT2G38330,41,26,18,24,28,20
AT2G38340,2,6,5,6,1,2
AT2G38350,0,1,0,0,1,0
AT2G38360,324,321,343,469,356,302
AT2G38365,0,0,1,1,0,0
AT2G38370,98,123,54,144,56,125
AT2G38380,17,258,196,64,31,67
AT2G38390,0,49,23,16,45,146
AT2G38400,721,893,594,1070,824,1285
AT2G38410,69,118,92,95,56,245
AT2G38420,66,90,46,82,50,110
AT2G38430,8,38,9,9,4,19
AT2G38440,121,137,116,135,187,203
AT2G38450,210,399,234,231,154,219
AT2G38460,0,11,13,5,19,0
AT2G38465,6,26,14,2,2,11
AT2G38470,155,161,102,190,216,320
AT2G38480,30,94,64,64,87,61
AT2G38490,0,18,9,8,3,4
AT2G38500,28,37,22,13,19,38
AT2G38510,3,4,11,2,4,0
AT2G38530,46,18,5,288,123,46
AT2G38540,0,13,0,0,0,5
AT2G38550,507,803,494,547,286,486
AT2G38560,460,401,253,454,269,387
AT2G38570,36,57,34,47,37,42
AT2G38580,222,281,169,251,150,196
AT2G38590,0,1,0,1,1,0
AT2G38600,14,197,172,4,6,101
AT2G38610,228,198,166,177,114,168
AT2G38620,166,412,196,177,168,243
AT2G38630,103,202,127,150,130,187
AT2G38640,242,446,352,156,106,391
AT2G38646,0,0,0,0,0,1
AT2G38650,187,270,183,229,205,236
AT2G38660,163,158,112,172,109,160
AT2G38670,625,831,470,674,462,649
AT2G38680,80,224,97,80,71,126
AT2G38690,0,0,0,0,0,1
AT2G38695,60,79,42,51,24,37
AT2G38700,1045,1141,503,979,643,732
AT2G38710,413,1075,515,426,247,404
AT2G38720,5,8,4,8,6,9
AT2G38730,240,360,246,219,129,209
AT2G38740,253,607,264,194,145,233
AT2G38750,0,30,26,0,0,1
AT2G38760,22,45,22,10,5,25
AT2G38770,119,112,80,152,156,189
AT2G38780,86,88,49,37,26,53
AT2G38790,0,7,5,3,5,16
AT2G38800,892,1015,691,681,814,1154
AT2G38810,612,1195,702,616,445,541
AT2G38820,50,99,55,45,47,145
AT2G38823,6,20,15,7,2,13
AT2G38830,24,17,17,28,37,62
AT2G38840,210,267,113,217,152,169
AT2G38860,342,338,140,462,259,442
AT2G38870,133,93,67,110,60,60
AT2G38880,247,361,217,235,136,220
AT2G38890,0,0,0,0,0,0
AT2G38900,0,0,0,0,0,0
AT2G38905,0,0,0,0,0,0
AT2G38910,0,0,0,0,0,0
AT2G38920,0,0,0,0,0,0
AT2G38940,108,98,90,242,111,170
AT2G38950,187,135,100,214,142,129
AT2G38960,97,194,93,131,97,128
AT2G38970,145,126,61,122,84,131
AT2G38995,0,0,0,0,0,0
AT2G39000,224,337,179,180,141,236
AT2G39010,0,18,6,1,4,0
AT2G39020,514,442,366,554,341,437
AT2G39030,0,0,0,0,1,0
AT2G39040,16,18,44,83,53,79
AT2G39050,100,100,80,99,70,135
AT2G39060,0,0,0,0,0,0
AT2G39080,190,302,179,176,130,182
AT2G39090,156,132,81,202,108,155
AT2G39100,104,154,100,98,90,116
AT2G39110,63,81,53,131,193,194
AT2G39120,41,64,48,60,47,48
AT2G39130,269,274,187,353,182,320
AT2G39140,66,99,85,124,64,108
AT2G39160,0,0,0,3,0,0
AT2G39170,144,293,186,139,116,146
AT2G39175,1,0,0,0,1,0
AT2G39180,29,23,26,34,40,39
AT2G39190,82,107,43,105,53,102
AT2G39200,85,91,96,108,77,119
AT2G39210,452,239,183,798,496,641
AT2G39220,11,72,41,21,17,28
AT2G39230,3,28,0,17,22,3
AT2G39240,0,0,0,1,0,0
AT2G39250,0,0,0,0,0,0
AT2G39260,281,342,178,244,231,360
AT2G39270,127,289,219,209,159,230
AT2G39280,170,181,87,176,124,202
AT2G39290,35,68,67,57,46,59
AT2G39300,237,398,154,222,203,169
AT2G39310,0,9,6,0,0,2
AT2G39320,0,0,0,0,0,0
AT2G39330,0,0,0,0,0,0
AT2G39340,191,211,181,197,168,200
AT2G39350,90,63,52,236,135,145
AT2G39355,0,0,0,0,0,0
AT2G39360,5,31,16,21,25,55
AT2G39370,99,206,161,192,124,56
AT2G39375,69,119,100,62,56,206
AT2G39380,71,119,103,39,59,218
AT2G39390,2388,5711,2674,2333,1885,2262
AT2G39400,3,17,7,91,33,130
AT2G39410,89,110,63,164,129,215
AT2G39415,1,2,2,0,2,0
AT2G39420,227,386,234,217,154,307
AT2G39430,162,315,234,540,519,374
AT2G39435,3,29,9,12,13,13
AT2G39440,118,314,146,122,99,120
AT2G39445,201,284,147,163,128,110
AT2G39450,110,351,163,237,136,179
AT2G39460,11445,30894,15479,11564,8237,11302
AT2G39470,3,4,3,3,0,2
AT2G39480,101,99,52,78,103,82
AT2G39490,0,0,0,0,0,0
AT2G39500,135,410,256,138,127,151
AT2G39510,0,265,81,1,0,0
AT2G39518,118,252,288,105,71,312
AT2G39520,3,6,8,3,3,10
AT2G39530,855,939,1970,1649,998,1593
AT2G39540,0,0,0,0,0,3
AT2G39550,309,492,280,440,259,445
AT2G39560,10,29,27,27,28,11
AT2G39570,851,1444,1325,488,582,1137
AT2G39580,201,269,100,197,136,229
AT2G39590,0,0,0,0,0,0
AT2G39600,0,0,0,0,0,0
AT2G39610,0,0,0,0,0,0
AT2G39620,0,14,2,13,0,13
AT2G39630,230,403,254,331,179,271
AT2G39640,0,0,0,3,4,0
AT2G39650,53,39,21,76,53,95
AT2G39660,126,133,42,126,82,162
AT2G39670,115,166,131,155,90,120
AT2G39675,26,114,73,46,64,63
AT2G39681,187,355,207,132,316,250
AT2G39690,21,14,2,7,8,22
AT2G39700,283,485,755,228,147,262
AT2G39705,270,785,309,141,154,191
AT2G39710,9,18,10,28,28,20
AT2G39720,219,159,145,175,144,213
AT2G39725,106,209,139,115,55,146
AT2G39730,89,51,34,28,15,37
AT2G39740,139,170,101,135,106,171
AT2G39750,231,216,127,166,157,224
AT2G39760,233,302,216,269,179,194
AT2G39770,1705,2205,1385,1497,990,1691
AT2G39780,1128,1753,999,1169,736,1305
AT2G39782,0,1,0,0,0,0
AT2G39790,0,0,0,1,1,0
AT2G39795,246,441,324,256,198,314
AT2G39800,492,697,249,471,284,974
AT2G39805,255,450,265,241,154,268
AT2G39810,233,212,60,179,161,251
AT2G39820,0,1,4,0,0,0
AT2G39830,101,133,66,109,96,68
AT2G39840,127,131,95,149,137,182
AT2G39850,0,0,0,0,0,0
AT2G39851,0,0,0,0,0,0
AT2G39855,0,0,0,5,0,0
AT2G39860,0,0,0,0,0,0
AT2G39865,0,0,0,0,0,0
AT2G39870,871,494,508,1020,835,828
AT2G39880,51,44,42,25,34,39
AT2G39885,0,0,0,0,0,0
AT2G39890,186,221,94,186,126,179
AT2G39900,643,946,498,676,499,606
AT2G39910,42,66,24,56,38,73
AT2G39920,0,5,0,3,0,1
AT2G39930,97,148,107,128,103,154
AT2G39940,254,220,131,215,183,269
AT2G39950,65,76,39,74,50,92
AT2G39960,662,1529,800,737,527,728
AT2G39970,618,671,408,498,401,526
AT2G39975,0,0,0,0,0,0
AT2G39980,0,3,9,2,1,3
AT2G39990,2072,2861,1805,2040,1270,1697
AT2G40000,513,192,154,262,111,1220
AT2G40004,0,0,0,0,0,0
AT2G40008,83,96,48,81,79,81
AT2G40010,207,241,152,198,175,195
AT2G40020,14,9,5,23,11,16
AT2G40030,49,76,27,77,41,66
AT2G40050,0,0,0,0,1,0
AT2G40060,2306,3841,2183,2061,1531,2121
AT2G40070,240,175,106,227,174,258
AT2G40080,132,295,235,142,100,304
AT2G40085,115,141,76,91,80,79
AT2G40090,99,89,51,45,51,95
AT2G40095,97,154,152,116,98,257
AT2G40100,18,4,6,17,26,18
AT2G40110,214,604,375,153,194,493
AT2G40113,379,1039,496,619,308,459
AT2G40116,0,0,0,0,0,0
AT2G40120,14,77,20,18,25,78
AT2G40130,0,0,0,0,0,0
AT2G40140,668,377,232,398,282,914
AT2G40150,59,109,49,35,47,26
AT2G40160,87,140,49,41,57,79
AT2G40165,19,24,12,16,12,15
AT2G40170,0,0,0,1,0,0
AT2G40180,0,2,1,1,3,1
AT2G40190,290,325,130,223,161,189
AT2G40200,1695,5435,2531,1169,1170,1417
AT2G40205,4121,12980,6026,2718,2739,3295
AT2G40210,0,0,0,0,0,0
AT2G40220,0,0,0,0,0,0
AT2G40230,15,53,29,44,59,117
AT2G40240,32,34,18,33,31,32
AT2G40250,6,1,0,3,0,1
AT2G40260,164,199,106,152,138,167
AT2G40270,54,145,66,129,70,157
AT2G40280,135,134,69,151,123,129
AT2G40290,511,641,504,682,342,444
AT2G40300,0,149,59,24,23,6
AT2G40310,0,0,0,0,0,0
AT2G40316,446,613,362,318,312,412
AT2G40320,66,87,74,52,108,78
AT2G40330,48,56,61,65,85,0
AT2G40340,0,4,0,18,1,17
AT2G40350,0,0,1,0,0,0
AT2G40360,1324,1524,678,1553,1199,1151
AT2G40370,0,0,0,0,1,1
AT2G40380,331,500,485,404,273,300
AT2G40390,10,20,4,12,7,0
AT2G40400,50,105,63,64,76,107
AT2G40410,230,195,141,247,120,200
AT2G40420,93,103,68,86,64,118
AT2G40430,721,960,577,855,509,708
AT2G40435,0,0,0,0,0,0
AT2G40440,0,0,0,0,0,0
AT2G40450,10,8,7,1,3,5
AT2G40460,0,13,7,6,0,5
AT2G40470,77,27,86,105,74,65
AT2G40475,224,340,304,420,287,276
AT2G40480,90,140,105,23,46,43
AT2G40490,210,363,191,252,156,138
AT2G40500,0,0,0,0,0,0
AT2G40510,4146,6863,5022,4098,2914,3964
AT2G40520,2,9,10,5,10,13
AT2G40530,76,101,97,69,66,94
AT2G40540,132,74,103,216,134,146
AT2G40550,248,202,137,318,144,180
AT2G40560,0,0,0,0,0,0
AT2G40570,72,98,68,82,43,59
AT2G40580,5,0,0,6,0,6
AT2G40590,2204,4583,2649,2132,1499,1952
AT2G40600,310,699,431,392,253,356
AT2G40610,71,42,28,10,15,17
AT2G40620,620,560,474,676,463,632
AT2G40630,136,160,88,133,122,144
AT2G40640,150,208,122,119,107,87
AT2G40650,413,648,330,496,344,419
AT2G40660,496,679,432,644,354,468
AT2G40670,0,16,2,1,0,2
AT2G40690,36,42,42,44,32,46
AT2G40700,285,276,133,335,201,202
AT2G40710,1,4,2,0,0,1
AT2G40711,4,9,9,7,8,7
AT2G40715,0,1,0,0,0,0
AT2G40720,6,30,16,18,14,12
AT2G40730,166,201,94,150,146,155
AT2G40740,0,1,1,0,0,0
AT2G40745,0,0,0,0,0,0
AT2G40750,61,162,90,179,65,91
AT2G40760,229,207,129,177,160,182
AT2G40765,1350,3088,1902,1407,1194,1460
AT2G40770,67,50,26,42,52,65
AT2G40780,74,136,80,73,68,62
AT2G40790,1,15,3,6,0,0
AT2G40800,282,457,256,398,274,352
AT2G40805,0,0,0,0,0,0
AT2G40810,76,47,27,45,26,56
AT2G40815,162,75,115,194,89,123
AT2G40820,441,345,193,332,266,246
AT2G40830,256,183,152,225,151,264
AT2G40840,263,246,165,299,172,202
AT2G40850,20,24,6,19,11,29
AT2G40860,65,71,47,51,61,41
AT2G40880,10,50,46,17,10,32
AT2G40890,814,728,516,559,521,1007
AT2G40900,380,1156,867,93,124,346
AT2G40910,0,0,0,2,0,4
AT2G40920,29,26,16,25,9,9
AT2G40925,1,0,0,0,0,2
AT2G40930,217,200,108,186,126,210
AT2G40935,219,310,158,154,108,208
AT2G40940,290,438,302,524,370,575
AT2G40950,220,102,109,229,199,231
AT2G40955,2,0,0,1,0,0
AT2G40960,72,74,41,56,45,56
AT2G40970,531,547,498,701,565,678
AT2G40980,148,164,102,152,163,135
AT2G40990,0,0,0,0,0,0
AT2G40995,0,0,0,0,0,0
AT2G41000,30,100,71,26,30,68
AT2G41010,327,133,136,197,131,580
AT2G41020,152,136,58,118,70,157
AT2G41040,34,73,45,33,41,31
AT2G41050,116,113,49,81,59,72
AT2G41060,110,109,83,158,138,141
AT2G41070,529,449,176,205,168,184
AT2G41080,20,44,17,35,41,14
AT2G41082,2,5,1,0,3,4
AT2G41090,4,9,2,12,4,11
AT2G41100,82,22,19,306,450,507
AT2G41105,0,0,0,7,6,4
AT2G41110,1108,2789,1792,1874,1257,1763
AT2G41120,46,191,96,83,66,89
AT2G41130,242,237,218,185,203,261
AT2G41140,138,184,118,174,159,165
AT2G41150,96,270,91,217,113,131
AT2G41160,562,702,486,567,402,604
AT2G41170,0,7,2,2,2,2
AT2G41178,6,25,16,7,3,24
AT2G41180,2,23,18,4,4,16
AT2G41190,8,93,77,17,12,81
AT2G41200,73,178,128,31,45,77
AT2G41210,30,6,3,4,0,9
AT2G41220,206,463,237,229,269,374
AT2G41225,0,0,0,0,0,0
AT2G41230,11,23,12,4,4,4
AT2G41231,2,19,2,3,4,0
AT2G41240,0,0,0,0,0,0
AT2G41250,380,427,289,345,232,357
AT2G41260,0,0,0,0,0,0
AT2G41280,0,0,0,4,0,0
AT2G41290,52,15,43,143,57,143
AT2G41300,44,27,28,39,24,50
AT2G41310,450,738,415,361,390,458
AT2G41312,1,11,11,1,1,8
AT2G41330,89,55,53,58,66,93
AT2G41340,8,7,7,5,5,4
AT2G41342,2,7,5,1,0,2
AT2G41350,72,188,89,119,81,106
AT2G41355,0,7,3,1,0,2
AT2G41360,0,0,0,4,0,0
AT2G41370,3,19,2,3,1,13
AT2G41375,0,0,0,0,0,0
AT2G41380,58,54,62,61,44,144
AT2G41390,0,0,0,0,0,0
AT2G41400,0,0,0,0,0,0
AT2G41410,1066,1556,1262,1091,1177,1770
AT2G41415,0,0,0,0,1,0
AT2G41417,0,0,0,0,0,0
AT2G41420,1233,2761,1756,1182,1002,1163
AT2G41430,5205,11446,7919,4890,3433,7506
AT2G41440,100,182,130,102,135,129
AT2G41445,0,0,2,0,0,2
AT2G41450,22,20,20,13,22,36
AT2G41451,0,4,1,0,1,4
AT2G41460,104,118,57,96,79,93
AT2G41470,0,1,1,1,0,0
AT2G41473,0,0,0,0,0,0
AT2G41475,531,1248,707,702,478,705
AT2G41480,106,1344,701,13,25,32
AT2G41490,131,149,135,151,116,203
AT2G41500,280,155,88,180,113,136
AT2G41505,10,22,17,21,16,29
AT2G41510,16,8,8,11,17,6
AT2G41515,2,3,1,3,3,3
AT2G41520,58,117,50,100,98,97
AT2G41530,1001,1646,939,1072,723,954
AT2G41540,51,131,54,74,34,97
AT2G41550,82,108,45,88,66,73
AT2G41560,251,199,87,319,197,214
AT2G41590,0,0,2,6,0,0
AT2G41600,565,764,355,420,315,411
AT2G41610,14,120,66,12,28,24
AT2G41616,0,0,0,0,0,0
AT2G41620,86,378,87,336,314,67
AT2G41630,315,662,279,287,171,284
AT2G41640,81,48,63,99,66,289
AT2G41650,1325,2428,1530,1337,1069,1306
AT2G41660,871,675,835,984,790,1475
AT2G41670,75,96,57,58,51,69
AT2G41680,106,82,88,115,94,123
AT2G41690,0,0,0,6,9,9
AT2G41700,101,68,60,61,46,148
AT2G41705,183,102,118,88,100,120
AT2G41710,230,277,178,233,102,206
AT2G41720,25,71,41,43,20,46
AT2G41730,3,13,4,8,10,42
AT2G41740,286,349,205,260,292,380
AT2G41750,162,101,114,150,147,122
AT2G41760,222,270,236,194,209,187
AT2G41770,49,133,49,84,85,75
AT2G41780,273,440,374,329,263,387
AT2G41790,289,284,115,182,172,275
AT2G41800,785,234,317,1473,619,689
AT2G41810,0,1,8,2,4,0
AT2G41820,113,138,73,75,72,44
AT2G41830,24,23,11,13,28,43
AT2G41835,66,109,75,99,65,76
AT2G41840,10924,11248,6646,10888,7834,9157
AT2G41850,0,0,0,0,0,0
AT2G41860,0,0,0,0,0,0
AT2G41870,18,77,44,17,27,114
AT2G41880,74,103,43,51,52,59
AT2G41890,224,136,70,141,110,122
AT2G41900,990,849,422,850,602,946
AT2G41905,21,17,10,14,15,10
AT2G41910,0,0,0,0,0,0
AT2G41920,0,0,0,0,0,0
AT2G41930,0,0,0,0,0,0
AT2G41940,5,0,0,1,0,1
AT2G41945,272,360,198,225,184,278
AT2G41950,105,182,87,76,59,45
AT2G41960,175,247,160,198,193,325
AT2G41970,23,84,60,84,55,115
AT2G41980,59,62,82,75,71,138
AT2G41990,12,46,38,3,5,3
AT2G41997,0,0,0,0,0,0
AT2G42000,0,0,0,0,0,0
AT2G42005,0,3,1,0,0,0
AT2G42010,51,77,41,60,50,43
AT2G42020,0,0,0,0,0,0
AT2G42030,403,296,165,239,203,250
AT2G42040,83,127,91,67,54,117
AT2G42060,44,126,119,47,34,220
AT2G42065,0,0,0,0,0,0
AT2G42070,152,235,157,133,108,161
AT2G42080,139,300,148,118,104,128
AT2G42090,0,0,0,0,0,0
AT2G42100,0,2,0,1,0,1
AT2G42110,80,314,119,77,56,115
AT2G42120,132,268,145,184,123,164
AT2G42130,34,107,49,64,19,63
AT2G42140,0,4,10,0,1,4
AT2G42150,1,8,8,1,0,1
AT2G42160,181,208,155,152,126,223
AT2G42170,97,23,26,87,86,49
AT2G42180,0,0,0,0,0,0
AT2G42190,285,530,212,270,201,224
AT2G42200,0,0,2,0,1,0
AT2G42210,2252,4424,2149,1939,1391,2203
AT2G42220,5,7,0,3,4,3
AT2G42230,220,283,178,276,236,262
AT2G42240,174,189,136,160,116,166
AT2G42247,91,34,35,41,48,47
AT2G42250,50,42,32,37,24,34
AT2G42260,40,78,30,51,45,51
AT2G42270,61,57,40,28,29,63
AT2G42280,138,149,116,118,104,68
AT2G42290,48,72,51,57,39,44
AT2G42300,149,209,128,157,71,153
AT2G42310,1466,3104,1622,1190,1143,1311
AT2G42320,32,79,24,23,9,14
AT2G42330,62,90,46,45,44,80
AT2G42340,0,8,4,2,2,5
AT2G42350,6,134,90,2,7,60
AT2G42360,8,8,9,9,24,3
AT2G42365,50,54,47,61,46,40
AT2G42370,24,12,7,19,2,12
AT2G42380,18,43,29,24,21,14
AT2G42388,0,0,0,2,0,0
AT2G42390,361,599,426,363,289,525
AT2G42395,31,57,36,11,22,29
AT2G42400,297,300,185,206,189,240
AT2G42410,0,0,0,0,0,0
AT2G42420,0,0,0,0,0,0
AT2G42425,0,0,0,0,0,0
AT2G42430,47,65,50,39,25,71
AT2G42440,16,10,9,27,10,14
AT2G42450,97,35,60,106,52,62
AT2G42455,0,0,0,0,0,0
AT2G42460,0,0,0,0,0,0
AT2G42465,0,0,0,0,0,0
AT2G42470,0,0,0,0,0,0
AT2G42475,0,0,0,0,0,0
AT2G42480,0,0,0,0,0,0
AT2G42485,22,71,51,20,22,28
AT2G42490,308,199,191,358,285,341
AT2G42500,2212,2298,1612,2169,1536,2107
AT2G42510,1,2,8,12,3,7
AT2G42520,90,85,51,79,125,103
AT2G42530,22,22,13,16,16,26
AT2G42540,0,0,0,0,0,0
AT2G42550,0,0,0,0,0,0
AT2G42560,0,0,0,0,0,0
AT2G42570,1319,1882,979,1608,1152,1270
AT2G42580,226,181,75,156,96,169
AT2G42590,1046,1664,982,1142,777,1012
AT2G42600,96,126,81,119,78,85
AT2G42610,0,1,0,4,4,13
AT2G42620,111,183,105,168,178,148
AT2G42640,33,21,30,25,27,21
AT2G42650,147,103,90,203,116,139
AT2G42660,89,99,55,59,37,84
AT2G42670,130,177,102,171,147,163
AT2G42680,968,2037,1358,1204,978,1310
AT2G42690,18,15,14,10,3,7
AT2G42700,119,160,61,155,111,131
AT2G42710,239,373,267,374,201,228
AT2G42720,36,42,28,33,3,32
AT2G42725,0,0,0,0,0,0
AT2G42730,16,24,28,18,20,31
AT2G42740,1272,1602,940,1074,797,916
AT2G42750,133,82,70,105,83,191
AT2G42760,16,74,34,41,23,122
AT2G42770,191,289,233,197,169,183
AT2G42780,595,907,454,428,389,568
AT2G42790,293,395,167,286,182,483
AT2G42800,0,0,0,0,0,0
AT2G42810,633,861,430,694,507,780
AT2G42820,97,256,163,129,118,81
AT2G42830,2,0,5,0,2,0
AT2G42835,4,1,0,0,3,1
AT2G42840,0,1,0,0,0,0
AT2G42850,1,10,10,10,8,24
AT2G42860,2,6,3,8,8,8
AT2G42865,2,7,2,0,4,0
AT2G42870,35,132,47,54,29,27
AT2G42880,242,370,281,295,221,256
AT2G42885,0,0,0,0,0,1
AT2G42890,98,139,94,78,74,121
AT2G42900,1,13,5,0,0,8
AT2G42910,628,1106,711,694,420,565
AT2G42920,47,26,10,25,38,33
AT2G42930,1,0,0,0,0,3
AT2G42940,13,8,4,6,10,20
AT2G42950,36,69,49,32,22,90
AT2G42955,3,2,0,3,1,0
AT2G42960,126,175,76,96,82,106
AT2G42970,0,0,0,0,0,0
AT2G42975,24,73,49,21,25,16
AT2G42980,4,7,16,2,9,8
AT2G42990,0,0,0,0,0,0
AT2G43000,0,7,0,3,0,8
AT2G43010,0,0,2,0,0,0
AT2G43020,224,88,61,181,149,169
AT2G43030,301,547,323,277,223,287
AT2G43040,59,51,28,91,89,83
AT2G43050,32,37,23,22,22,65
AT2G43060,43,76,83,56,33,114
AT2G43070,413,450,288,476,266,374
AT2G43080,217,281,217,254,202,323
AT2G43090,1685,3147,1880,1766,1262,1638
AT2G43100,27,79,37,12,65,27
AT2G43110,444,526,296,403,293,272
AT2G43120,25,62,20,33,33,39
AT2G43130,205,339,171,235,210,275
AT2G43137,0,1,0,0,1,1
AT2G43138,0,1,0,0,1,0
AT2G43139,1,0,0,0,0,0
AT2G43140,27,86,47,76,36,30
AT2G43141,1,3,2,0,0,0
AT2G43150,1895,4989,3415,1703,1657,6047
AT2G43160,653,511,400,475,459,583
AT2G43180,56,86,60,72,47,69
AT2G43190,134,141,61,76,33,59
AT2G43200,69,40,45,34,46,52
AT2G43210,486,491,307,369,206,387
AT2G43220,0,0,1,0,7,0
AT2G43230,24,10,9,12,2,5
AT2G43235,94,70,64,47,39,65
AT2G43240,109,187,175,185,128,141
AT2G43250,33,41,51,76,50,61
AT2G43255,0,6,2,0,0,0
AT2G43260,148,94,69,115,82,101
AT2G43261,0,0,0,0,0,0
AT2G43270,0,0,0,0,0,0
AT2G43280,135,142,78,83,49,146
AT2G43290,194,204,147,269,167,439
AT2G43300,0,0,0,0,0,0
AT2G43310,25,51,26,18,9,16
AT2G43320,105,116,82,119,95,126
AT2G43330,147,183,112,87,57,113
AT2G43340,340,1014,425,297,286,442
AT2G43350,753,1424,718,731,562,874
AT2G43360,687,1348,638,659,458,471
AT2G43370,143,149,73,95,68,162
AT2G43375,41,29,10,23,35,25
AT2G43386,0,0,0,0,0,0
AT2G43390,0,11,2,0,0,0
AT2G43400,77,97,79,129,89,167
AT2G43410,154,181,149,165,148,176
AT2G43420,324,369,287,389,344,349
AT2G43430,142,241,239,122,121,179
AT2G43440,0,0,0,0,0,0
AT2G43445,23,31,16,35,38,37
AT2G43450,0,0,0,0,0,0
AT2G43460,5402,16748,8227,4804,4472,5347
AT2G43465,18,52,10,28,28,36
AT2G43470,9,45,5,17,11,17
AT2G43480,78,85,98,198,70,124
AT2G43490,88,136,56,174,138,100
AT2G43500,121,38,34,80,51,71
AT2G43510,0,0,0,5,5,5
AT2G43520,0,0,0,0,0,0
AT2G43530,4,9,4,8,1,4
AT2G43535,599,983,508,868,611,1046
AT2G43540,148,181,121,76,63,158
AT2G43550,4,2,5,4,1,0
AT2G43560,41,75,47,44,34,17
AT2G43570,7,63,34,28,19,167
AT2G43580,0,4,0,0,0,0
AT2G43590,69,343,132,82,31,260
AT2G43600,14,12,35,52,23,23
AT2G43610,8056,5042,4603,23791,7440,12464
AT2G43620,9,4,2,10,6,46
AT2G43630,211,291,169,225,139,227
AT2G43640,585,1404,807,503,472,649
AT2G43650,440,437,356,564,370,527
AT2G43660,8,8,2,4,4,4
AT2G43670,4,135,188,16,18,13
AT2G43680,1411,1468,1134,1323,1522,1304
AT2G43690,26,13,6,12,12,18
AT2G43700,24,17,1,18,6,26
AT2G43710,894,704,515,816,609,670
AT2G43720,70,126,81,54,52,52
AT2G43730,0,0,0,1,0,0
AT2G43740,0,0,0,1,0,0
AT2G43745,9,8,6,8,0,9
AT2G43750,1058,973,594,940,592,812
AT2G43760,632,904,522,542,512,504
AT2G43770,526,416,415,470,293,336
AT2G43780,444,1032,670,489,398,421
AT2G43790,739,746,488,741,634,725
AT2G43795,0,1,0,0,0,0
AT2G43800,76,45,55,31,44,42
AT2G43810,691,1940,1131,753,591,620
AT2G43820,774,712,441,1212,686,1595
AT2G43840,5,21,22,22,11,39
AT2G43850,26,65,34,59,71,61
AT2G43860,0,0,0,0,0,0
AT2G43865,0,0,0,0,0,0
AT2G43870,8,20,18,18,10,25
AT2G43880,32,103,44,72,38,55
AT2G43890,3,24,17,7,12,10
AT2G43900,34,25,14,33,14,46
AT2G43910,718,1208,994,1023,625,942
AT2G43920,188,2,2,490,419,838
AT2G43930,9,16,5,7,8,10
AT2G43940,329,627,429,441,276,447
AT2G43945,126,219,159,97,77,153
AT2G43950,275,541,320,362,205,244
AT2G43960,0,0,0,0,0,0
AT2G43970,4201,2573,2244,4048,4336,4195
AT2G43980,237,239,133,209,163,262
AT2G43990,44,56,20,65,42,50
AT2G44000,18,38,15,11,37,25
AT2G44010,105,565,426,100,88,578
AT2G44020,87,200,54,117,62,76
AT2G44030,0,0,0,0,0,0
AT2G44040,166,299,152,221,156,162
AT2G44050,702,1208,833,774,561,644
AT2G44060,1282,1812,830,1431,948,1377
AT2G44065,679,930,430,709,430,577
AT2G44070,0,0,0,0,0,0
AT2G44080,47,66,52,155,103,197
AT2G44090,183,259,131,163,185,184
AT2G44100,1230,1186,864,1847,1129,1537
AT2G44110,23,94,48,93,97,181
AT2G44120,4955,8044,4041,4808,3618,4480
AT2G44130,85,84,32,61,48,146
AT2G44140,191,288,189,148,170,290
AT2G44150,103,181,113,169,124,122
AT2G44160,1191,1593,829,1087,892,1045
AT2G44175,0,0,0,0,0,0
AT2G44180,483,639,311,419,362,402
AT2G44190,37,83,37,39,49,90
AT2G44195,0,3,0,0,0,0
AT2G44198,0,0,0,0,0,1
AT2G44200,189,254,189,230,127,208
AT2G44210,13,21,14,9,12,22
AT2G44220,5,1,3,2,5,15
AT2G44230,17,8,6,6,3,1
AT2G44240,0,0,3,0,0,0
AT2G44250,0,0,0,3,0,0
AT2G44255,83,39,57,70,67,57
AT2G44260,59,59,47,58,82,72
AT2G44270,283,402,165,239,165,224
AT2G44280,64,39,28,47,58,77
AT2G44290,12,15,5,27,13,57
AT2G44300,430,456,317,341,477,778
AT2G44310,293,514,327,308,256,325
AT2G44320,0,0,0,0,0,0
AT2G44330,0,0,0,0,0,0
AT2G44340,13,23,10,0,2,3
AT2G44350,923,1069,824,1166,723,1131
AT2G44360,317,868,433,366,277,411
AT2G44370,161,179,163,437,198,252
AT2G44380,161,380,326,230,132,453
AT2G44390,1,22,1,4,6,16
AT2G44400,0,2,0,0,0,0
AT2G44410,230,457,257,283,288,402
AT2G44420,112,216,117,145,133,146
AT2G44430,320,334,195,279,205,334
AT2G44440,76,51,59,69,61,76
AT2G44450,181,193,107,255,155,244
AT2G44460,18,0,0,44,34,19
AT2G44470,0,0,0,0,0,0
AT2G44480,13,14,5,13,13,14
AT2G44490,225,430,223,375,272,396
AT2G44500,386,423,241,869,382,619
AT2G44510,117,217,86,92,108,98
AT2G44520,311,517,353,391,335,403
AT2G44525,391,810,472,392,282,411
AT2G44530,231,182,163,236,174,292
AT2G44540,0,0,1,1,0,0
AT2G44550,0,0,0,0,0,0
AT2G44560,0,0,0,0,0,0
AT2G44570,0,0,0,0,0,0
AT2G44578,12,3,2,1,6,30
AT2G44580,109,200,81,117,55,108
AT2G44581,0,0,0,0,0,0
AT2G44590,0,0,0,0,0,0
AT2G44600,28,55,48,18,27,57
AT2G44610,1480,2232,1298,1482,1097,1350
AT2G44620,1083,2864,1564,1052,811,1118
AT2G44630,18,35,28,21,17,25
AT2G44640,264,213,121,213,157,170
AT2G44650,409,1032,522,372,261,369
AT2G44660,219,369,203,251,177,177
AT2G44670,27,391,298,24,26,85
AT2G44680,369,538,336,385,314,462
AT2G44690,13,14,23,37,22,13
AT2G44700,6,9,7,9,6,13
AT2G44710,114,118,75,153,130,139
AT2G44730,177,140,113,203,124,179
AT2G44735,1,3,1,3,7,1
AT2G44740,222,812,340,377,240,321
AT2G44745,0,0,0,0,0,0
AT2G44750,64,146,101,96,68,95
AT2G44760,77,118,34,50,47,54
AT2G44770,291,553,299,295,221,324
AT2G44790,2490,2545,3054,3975,2994,3979
AT2G44798,23,53,35,18,27,32
AT2G44800,13,29,21,12,10,16
AT2G44810,0,1,0,0,0,0
AT2G44820,368,455,275,313,267,334
AT2G44830,112,126,122,162,129,120
AT2G44840,65,2,3,4,5,109
AT2G44850,58,76,31,55,73,60
AT2G44860,1276,2237,1198,1253,1008,1230
AT2G44870,165,281,234,172,129,218
AT2G44880,0,6,3,18,10,0
AT2G44890,0,0,1,0,0,3
AT2G44900,52,61,45,51,22,66
AT2G44910,11,21,3,9,6,12
AT2G44920,15,2,2,0,0,1
AT2G44925,0,0,0,0,0,0
AT2G44930,0,0,0,0,0,0
AT2G44940,21,65,71,20,23,24
AT2G44950,170,161,80,128,127,137
AT2G44970,233,202,162,226,210,270
AT2G44980,55,47,39,61,60,56
AT2G44990,0,0,0,0,0,0
AT2G44993,118,51,58,117,104,77
AT2G44995,7,16,4,0,0,3
AT2G45000,379,179,193,438,262,353
AT2G45010,407,690,450,526,334,417
AT2G45020,0,0,0,0,0,0
AT2G45023,42,45,25,22,22,36
AT2G45030,177,260,165,289,173,214
AT2G45040,11,26,13,20,17,17
AT2G45050,565,865,534,657,518,535
AT2G45060,368,634,359,387,298,377
AT2G45070,2524,5098,3793,2517,1903,2807
AT2G45080,5,30,17,35,20,88
AT2G45100,63,36,23,32,22,34
AT2G45110,0,0,0,0,0,0
AT2G45120,9,17,16,4,11,15
AT2G45130,0,3,1,0,0,1
AT2G45135,0,0,0,0,0,0
AT2G45140,556,833,759,794,483,683
AT2G45150,54,65,46,32,27,39
AT2G45160,390,422,281,339,207,271
AT2G45170,599,2420,1678,515,363,1249
AT2G45180,3529,2764,2788,5570,3820,3861
AT2G45190,1,0,0,0,0,0
AT2G45200,583,1065,505,558,441,583
AT2G45210,339,568,412,294,289,409
AT2G45220,105,303,134,20,5,138
AT2G45240,261,401,227,333,278,320
AT2G45243,0,2,0,1,1,1
AT2G45245,227,461,211,149,102,180
AT2G45250,257,338,269,249,248,321
AT2G45260,112,313,139,227,176,203
AT2G45270,21,49,34,48,33,50
AT2G45280,181,191,111,94,147,104
AT2G45290,575,469,346,348,328,470
AT2G45300,313,330,271,360,263,410
AT2G45310,122,175,130,137,121,137
AT2G45315,141,194,118,165,98,142
AT2G45320,114,119,49,89,66,59
AT2G45330,212,559,305,191,165,383
AT2G45340,211,280,117,213,159,181
AT2G45350,0,1,0,5,0,1
AT2G45360,30,42,69,15,41,211
AT2G45380,431,457,307,293,317,485
AT2G45390,0,0,0,0,0,0
AT2G45400,141,153,110,240,130,250
AT2G45403,0,0,0,0,0,0
AT2G45405,0,1,0,0,0,0
AT2G45406,0,0,0,0,0,0
AT2G45410,1,0,0,1,0,0
AT2G45420,9,17,13,5,15,5
AT2G45430,880,1283,807,932,660,926
AT2G45440,386,370,209,415,262,345
AT2G45450,90,256,108,60,54,107
AT2G45460,77,105,43,89,36,86
AT2G45470,1240,839,1361,1337,1192,1203
AT2G45480,26,52,26,33,16,45
AT2G45490,150,219,65,89,71,104
AT2G45500,103,92,61,68,57,94
AT2G45510,431,345,200,315,261,407
AT2G45520,609,757,439,448,355,465
AT2G45530,78,95,78,58,56,92
AT2G45540,308,377,251,296,253,409
AT2G45550,0,0,2,0,0,7
AT2G45560,0,4,1,0,0,14
AT2G45570,0,0,0,0,0,0
AT2G45580,0,0,0,0,0,0
AT2G45590,117,131,80,87,71,67
AT2G45600,1,3,0,0,0,0
AT2G45610,0,0,0,0,0,0
AT2G45620,410,215,146,240,222,288
AT2G45630,1,20,9,12,5,13
AT2G45640,1337,2796,1352,1107,851,1221
AT2G45650,0,0,0,0,0,0
AT2G45660,38,99,61,30,44,46
AT2G45670,311,453,377,436,371,565
AT2G45680,104,49,33,67,65,116
AT2G45685,109,45,43,103,65,95
AT2G45690,114,217,64,118,72,79
AT2G45695,244,341,229,219,176,232
AT2G45700,179,129,111,168,173,155
AT2G45710,465,1414,627,469,407,475
AT2G45720,235,190,134,162,114,182
AT2G45730,292,539,271,300,235,274
AT2G45740,55,59,50,57,48,90
AT2G45750,35,72,38,40,44,38
AT2G45760,4,7,4,7,4,11
AT2G45770,36,78,28,44,35,54
AT2G45780,2,1,0,0,0,0
AT2G45790,1193,2180,1190,1344,768,1292
AT2G45800,4,6,0,6,2,2
AT2G45810,291,387,284,360,291,301
AT2G45820,1362,1743,1174,781,747,925
AT2G45830,417,340,206,397,289,338
AT2G45840,2,2,0,1,0,4
AT2G45850,12,20,5,13,5,8
AT2G45860,407,1100,535,366,320,399
AT2G45870,47,54,52,68,31,47
AT2G45880,110,80,56,130,58,106
AT2G45890,11,83,54,27,33,68
AT2G45900,2,3,4,3,11,0
AT2G45910,141,120,76,113,74,149
AT2G45920,113,179,116,128,144,376
AT2G45930,7,0,4,5,2,2
AT2G45940,7,0,0,2,0,1
AT2G45950,178,143,88,181,115,165
AT2G45960,32753,28721,20739,18922,11840,25487
AT2G45970,24,19,46,12,20,20
AT2G45980,631,1060,647,617,362,775
AT2G45990,401,667,329,384,312,391
AT2G46000,305,564,355,381,323,381
AT2G46020,700,394,330,510,432,693
AT2G46030,343,613,373,274,206,397
AT2G46040,70,46,65,105,77,86
AT2G46050,1,4,6,9,4,15
AT2G46060,62,60,71,81,63,94
AT2G46070,4,4,3,4,1,12
AT2G46080,216,389,212,219,178,337
AT2G46090,120,205,139,159,123,145
AT2G46100,53,162,111,53,46,104
AT2G46110,80,77,42,69,43,59
AT2G46120,0,0,0,0,0,0
AT2G46130,0,2,0,0,0,0
AT2G46140,561,1471,939,838,424,668
AT2G46150,86,96,131,108,106,175
AT2G46160,41,38,40,35,24,20
AT2G46170,386,700,427,465,299,502
AT2G46180,147,208,106,135,67,171
AT2G46190,0,0,0,0,0,0
AT2G46192,35,74,25,28,27,14
AT2G46200,147,258,109,192,158,196
AT2G46210,59,73,35,43,55,28
AT2G46220,105,242,253,142,102,530
AT2G46225,350,665,383,455,303,356
AT2G46230,1109,1802,1051,892,684,1036
AT2G46240,68,78,36,101,63,94
AT2G46250,21,12,4,3,4,15
AT2G46255,0,0,0,0,0,0
AT2G46260,243,260,149,220,154,284
AT2G46270,195,233,131,144,122,354
AT2G46280,3430,3630,2223,3127,2510,2813
AT2G46290,64,135,134,107,60,127
AT2G46300,3,4,12,15,3,9
AT2G46308,0,0,0,0,0,0
AT2G46310,50,83,40,28,28,46
AT2G46320,55,102,43,82,75,77
AT2G46330,1917,4397,3205,1913,1522,2543
AT2G46340,321,307,137,90,105,158
AT2G46360,2,3,0,0,0,1
AT2G46370,636,844,506,794,370,652
AT2G46375,0,0,0,0,0,0
AT2G46380,33,11,13,13,10,20
AT2G46390,1067,3261,1732,878,799,1215
AT2G46400,1,14,16,1,1,38
AT2G46410,198,285,156,119,87,154
AT2G46420,24,14,10,4,0,0
AT2G46430,3,48,22,1,13,39
AT2G46440,1,1,1,2,7,2
AT2G46450,178,215,101,179,101,84
AT2G46455,0,2,0,1,0,2
AT2G46460,0,0,0,0,0,0
AT2G46470,653,671,346,608,525,500
AT2G46480,0,0,0,0,0,0
AT2G46490,696,1142,894,798,572,957
AT2G46493,0,0,0,0,0,0
AT2G46494,0,0,0,0,0,0
AT2G46495,63,61,59,109,107,112
AT2G46500,429,469,287,441,209,432
AT2G46505,1040,1721,1524,1202,973,1303
AT2G46510,38,7,6,28,3,41
AT2G46520,244,244,168,235,177,257
AT2G46530,16,28,8,5,1,15
AT2G46535,21,55,32,14,15,36
AT2G46540,562,1957,854,642,496,703
AT2G46550,182,509,276,265,267,463
AT2G46560,185,200,103,114,129,215
AT2G46567,1,0,0,0,1,0
AT2G46570,20,58,55,27,23,73
AT2G46572,21,37,34,37,19,80
AT2G46580,100,216,104,104,72,91
AT2G46590,68,76,83,73,71,45
AT2G46600,107,287,223,107,164,236
AT2G46610,20,71,30,21,16,44
AT2G46620,101,114,71,100,70,114
AT2G46630,201,77,80,59,106,77
AT2G46640,0,0,0,0,0,0
AT2G46650,13,228,94,42,24,49
AT2G46660,9,8,1,0,5,12
AT2G46670,14,7,0,6,4,19
AT2G46680,77,180,85,92,71,757
AT2G46685,0,1,0,0,1,0
AT2G46690,235,1045,682,108,95,449
AT2G46700,79,84,51,109,63,90
AT2G46710,153,186,89,210,104,191
AT2G46720,0,0,0,0,0,0
AT2G46735,52,53,51,24,13,61
AT2G46740,201,202,195,293,179,367
AT2G46750,18,71,86,10,24,150
AT2G46760,62,91,20,53,38,82
AT2G46765,0,0,1,0,0,0
AT2G46770,0,0,0,0,0,0
AT2G46780,484,688,453,436,399,375
AT2G46790,35,45,34,26,35,18
AT2G46800,1550,878,892,1138,856,1276
AT2G46810,13,11,12,29,13,6
AT2G46820,47,117,79,37,17,41
AT2G46830,150,243,133,7,2,18
AT2G46840,11,8,8,1,0,1
AT2G46850,139,86,73,120,82,61
AT2G46860,0,5,2,1,2,1
AT2G46870,0,0,0,0,0,0
AT2G46880,0,0,0,0,0,0
AT2G46890,438,726,569,376,204,281
AT2G46900,658,838,423,490,503,664
AT2G46910,51,53,31,21,19,23
AT2G46915,67,76,65,65,56,77
AT2G46920,180,185,138,265,201,224
AT2G46930,384,352,167,267,157,320
AT2G46940,18,62,55,31,25,109
AT2G46950,84,36,36,143,64,99
AT2G46960,0,0,0,0,0,0
AT2G46970,54,67,31,45,27,26
AT2G46980,46,143,30,48,49,66
AT2G46990,98,95,45,84,36,25
AT2G46995,1,0,0,2,0,6
AT2G47000,277,550,252,400,343,571
AT2G47010,16,10,13,12,12,20
AT2G47015,26,11,6,13,11,20
AT2G47020,421,199,137,249,247,226
AT2G47030,0,0,0,0,0,0
AT2G47040,0,0,0,0,0,0
AT2G47050,4,0,0,0,0,0
AT2G47060,339,341,200,277,149,331
AT2G47070,230,321,211,283,294,342
AT2G47090,120,85,72,100,48,93
AT2G47100,0,0,0,0,0,0
AT2G47110,3519,7619,4379,3814,2811,3726
AT2G47115,1,2,1,2,2,0
AT2G47120,0,0,0,3,0,0
AT2G47130,353,423,313,283,248,607
AT2G47140,85,197,98,166,109,165
AT2G47150,1,1,0,1,0,1
AT2G47160,295,355,366,1126,826,502
AT2G47170,1933,4367,2233,2173,1527,1933
AT2G47180,12,59,69,24,21,50
AT2G47190,7,5,0,4,3,11
AT2G47200,0,12,0,4,0,39
AT2G47210,551,391,308,416,351,408
AT2G47220,0,12,19,13,15,17
AT2G47230,166,117,48,119,105,156
AT2G47240,0,2,0,0,2,2
AT2G47245,0,0,0,9,0,0
AT2G47250,423,379,241,486,351,307
AT2G47260,39,35,35,66,37,97
AT2G47270,624,812,451,450,379,741
AT2G47275,2,11,2,1,0,2
AT2G47280,0,0,0,0,0,0
AT2G47300,40,24,11,31,2,26
AT2G47310,34,25,28,31,36,40
AT2G47320,656,1589,730,801,528,800
AT2G47330,186,126,90,120,70,138
AT2G47340,0,0,0,2,1,0
AT2G47350,48,115,52,60,64,95
AT2G47360,74,221,125,115,76,215
AT2G47370,10,7,17,5,11,9
AT2G47380,1294,3613,1880,1111,984,1419
AT2G47390,261,356,237,299,230,364
AT2G47400,247,270,252,301,226,602
AT2G47410,62,99,55,63,48,123
AT2G47420,861,435,429,631,558,585
AT2G47430,0,0,0,0,0,0
AT2G47440,373,273,333,674,406,351
AT2G47450,127,102,84,109,82,97
AT2G47460,36,80,45,2,3,7
AT2G47470,1938,2722,2219,3015,1527,2624
AT2G47480,25,37,17,28,18,16
AT2G47485,228,525,385,211,125,405
AT2G47490,156,310,185,211,155,257
AT2G47500,239,415,217,228,181,185
AT2G47510,1119,1484,827,1477,999,1269
AT2G47520,4,0,1,0,2,8
AT2G47530,8,80,34,15,23,30
AT2G47540,133,659,400,355,302,502
AT2G47550,87,23,28,54,43,54
AT2G47560,0,119,137,1,1,1
AT2G47570,0,0,0,0,0,0
AT2G47580,399,908,481,482,295,521
AT2G47585,0,0,0,0,0,0
AT2G47590,102,180,161,160,116,92
AT2G47600,144,176,119,204,179,210
AT2G47610,9304,12775,7932,9070,6174,8613
AT2G47620,229,232,122,193,121,239
AT2G47630,41,196,145,140,76,112
AT2G47640,565,1489,754,605,473,636
AT2G47650,652,883,524,903,519,961
AT2G47670,14,17,22,9,26,19
AT2G47680,25,7,29,38,15,10
AT2G47690,1589,3774,1676,1258,1154,1407
AT2G47700,480,382,466,379,353,471
AT2G47710,691,649,457,426,309,525
AT2G47720,0,0,0,0,0,0
AT2G47730,9370,7561,9595,14395,10115,10737
AT2G47740,0,0,0,0,0,0
AT2G47750,0,0,0,3,1,0
AT2G47760,339,488,268,337,276,332
AT2G47770,5,7,0,0,0,5
AT2G47780,9,0,4,2,0,1
AT2G47790,261,333,194,264,162,183
AT2G47800,35,25,40,57,27,62
AT2G47810,2,8,12,4,2,16
AT2G47820,61,72,26,71,39,79
AT2G47830,82,115,85,101,61,116
AT2G47840,324,219,224,235,167,173
AT2G47844,0,0,0,1,1,0
AT2G47850,213,122,161,215,181,178
AT2G47860,176,145,165,146,106,99
AT2G47870,0,3,0,0,0,3
AT2G47880,0,0,0,0,0,0
AT2G47885,0,0,0,0,0,0
AT2G47890,113,211,192,84,87,116
AT2G47895,9,15,10,2,7,5
AT2G47900,521,417,311,397,304,440
AT2G47910,12,60,43,27,26,44
AT2G47920,36,21,29,9,20,19
AT2G47930,488,400,330,333,282,264
AT2G47935,90,143,106,103,90,58
AT2G47940,198,151,128,192,138,168
AT2G47950,0,0,1,0,0,0
AT2G47960,623,543,520,706,643,641
AT2G47970,440,289,231,380,246,344
AT2G47980,329,217,178,396,299,286
AT2G47990,159,72,93,168,84,136
AT2G48000,89,128,75,87,79,114
AT2G48010,245,86,75,174,149,251
AT2G48020,455,532,231,653,450,494
AT2G48030,170,120,150,158,76,119
AT2G48060,147,197,85,134,118,164
AT2G48070,133,145,122,149,96,160
AT2G48075,15,33,21,10,16,20
AT2G48080,3,44,24,6,10,12
AT2G48090,2,2,0,0,0,0
AT2G48100,897,805,649,769,576,748
AT2G48110,54,38,54,52,44,43
AT2G48120,78,101,50,74,63,69
AT2G48121,0,0,6,0,0,8
AT2G48130,44,353,280,80,45,88
AT2G48140,11,262,138,8,10,55
AT2G48150,6,6,12,2,4,3
AT2G48160,232,282,185,231,196,298
AT3G00970,0,0,0,0,0,0
AT3G00975,1,0,0,0,0,0
AT3G00980,0,0,0,0,0,0
AT3G00985,0,4,2,0,0,0
AT3G00995,0,0,0,0,0,0
AT3G01005,5,22,4,9,5,11
AT3G01010,0,0,0,0,0,0
AT3G01015,0,7,2,0,0,0
AT3G01020,0,0,0,0,0,0
AT3G01025,0,0,0,0,0,0
AT3G01030,0,0,0,0,0,0
AT3G01035,2,5,4,5,1,10
AT3G01040,99,236,151,221,220,209
AT3G01045,0,0,0,5,1,3
AT3G01050,340,680,381,344,243,382
AT3G01055,0,0,0,0,0,0
AT3G01060,15,5,5,0,1,7
AT3G01065,5,2,2,7,3,1
AT3G01070,66,142,92,55,56,50
AT3G01075,0,0,0,0,0,0
AT3G01080,0,0,2,3,3,6
AT3G01085,0,0,0,2,0,2
AT3G01090,627,431,312,513,395,455
AT3G01095,0,0,0,0,0,0
AT3G01100,79,150,105,80,132,203
AT3G01105,15,23,14,11,11,12
AT3G01115,0,4,2,1,0,0
AT3G01120,2182,3316,1860,2077,1858,1971
AT3G01125,0,0,0,0,0,0
AT3G01130,1170,2978,1597,956,901,1090
AT3G01135,4,21,10,4,5,11
AT3G01140,19,7,10,11,16,8
AT3G01142,38,35,35,39,38,28
AT3G01145,0,3,3,1,2,1
AT3G01150,307,256,241,270,214,230
AT3G01155,0,0,0,1,0,0
AT3G01160,320,500,160,464,278,356
AT3G01165,1,0,0,0,0,1
AT3G01170,69,137,146,127,89,214
AT3G01175,4,19,11,1,4,45
AT3G01180,111,142,58,66,39,78
AT3G01185,0,2,6,11,0,0
AT3G01190,2021,3024,2217,3078,1690,3694
AT3G01195,0,0,0,0,0,0
AT3G01200,84,145,91,88,147,166
AT3G01202,37,58,50,51,75,80
AT3G01205,254,649,503,117,110,147
AT3G01210,39,46,29,12,13,13
AT3G01215,3,2,0,0,0,0
AT3G01220,431,633,385,478,477,404
AT3G01225,1,10,0,1,3,1
AT3G01230,0,0,0,0,0,0
AT3G01235,2,3,3,0,1,6
AT3G01240,0,4,3,0,1,0
AT3G01250,0,5,1,2,3,0
AT3G01255,1,0,0,1,0,0
AT3G01260,307,877,421,145,262,95
AT3G01270,0,0,2,0,0,0
AT3G01275,0,0,0,0,0,0
AT3G01280,4392,8055,4849,4596,2858,4338
AT3G01285,0,0,0,0,0,0
AT3G01290,295,906,957,403,336,2058
AT3G01295,6,43,19,8,8,26
AT3G01300,274,205,94,167,137,206
AT3G01305,0,0,0,0,0,0
AT3G01310,531,438,252,306,273,443
AT3G01311,3,23,3,4,1,6
AT3G01313,0,1,0,0,0,1
AT3G01315,0,0,0,0,0,0
AT3G01316,0,0,0,0,0,0
AT3G01319,0,1,1,0,0,0
AT3G01320,74,104,80,150,92,139
AT3G01322,0,0,0,0,0,0
AT3G01323,0,0,0,0,0,0
AT3G01324,0,0,0,0,0,0
AT3G01325,0,0,0,0,0,0
AT3G01326,0,0,2,0,0,0
AT3G01327,0,0,0,0,0,0
AT3G01328,0,0,0,0,0,0
AT3G01329,0,0,0,0,0,0
AT3G01330,90,112,57,62,43,59
AT3G01331,0,0,0,0,0,0
AT3G01340,937,840,688,834,591,858
AT3G01345,0,1205,0,0,0,8
AT3G01350,37,74,78,58,33,88
AT3G01360,257,389,226,368,170,271
AT3G01365,0,1,2,0,0,1
AT3G01370,111,87,61,146,93,156
AT3G01375,1,1,0,5,0,3
AT3G01380,177,196,139,290,190,163
AT3G01385,1,5,1,0,0,1
AT3G01390,1517,3343,1775,1434,1087,1746
AT3G01395,0,0,0,0,0,0
AT3G01400,242,335,230,195,158,270
AT3G01410,69,250,126,122,107,152
AT3G01415,0,0,0,0,0,0
AT3G01420,45,506,375,52,58,719
AT3G01425,0,0,0,0,0,0
AT3G01430,38,73,46,33,39,55
AT3G01435,150,277,253,193,148,194
AT3G01440,0,1,0,0,2,1
AT3G01445,0,0,0,0,0,0
AT3G01450,91,145,80,84,57,79
AT3G01460,91,123,60,108,54,136
AT3G01470,463,2137,1471,911,917,2386
AT3G01475,12,51,30,20,29,60
AT3G01480,28,85,41,71,48,86
AT3G01485,2,0,0,2,0,0
AT3G01490,0,2,9,4,5,10
AT3G01495,0,0,0,0,0,0
AT3G01500,1,5,2,0,1,0
AT3G01505,6,24,17,15,7,11
AT3G01510,27,23,24,36,21,28
AT3G01513,94,115,98,110,86,145
AT3G01515,75,42,25,50,59,87
AT3G01516,199,268,194,254,169,201
AT3G01520,537,906,642,469,349,786
AT3G01525,3,4,6,2,3,5
AT3G01530,0,3,1,4,2,0
AT3G01535,0,0,0,0,0,0
AT3G01540,2425,932,998,2211,2094,1863
AT3G01545,20,42,45,35,19,37
AT3G01550,0,0,0,0,0,0
AT3G01555,2,5,1,3,6,1
AT3G01560,387,272,259,349,263,338
AT3G01565,0,0,0,0,0,0
AT3G01570,6,7,4,6,10,8
AT3G01572,0,0,1,0,0,0
AT3G01575,0,0,0,0,0,0
AT3G01580,9,19,4,10,4,9
AT3G01585,0,0,0,0,0,0
AT3G01590,261,229,186,195,137,186
AT3G01595,0,0,0,0,0,0
AT3G01600,5,4,5,0,0,0
AT3G01605,0,0,1,0,0,0
AT3G01610,142,80,74,147,90,98
AT3G01615,0,0,0,0,0,0
AT3G01620,0,1,0,8,5,0
AT3G01625,0,2,2,0,0,0
AT3G01630,0,0,0,0,2,0
AT3G01635,0,1,0,0,0,0
AT3G01640,252,132,113,261,191,252
AT3G01645,0,0,0,0,0,0
AT3G01650,134,151,120,233,131,154
AT3G01655,0,0,0,0,0,0
AT3G01660,0,0,0,4,1,2
AT3G01665,0,0,0,0,0,0
AT3G01670,57,27,27,25,47,63
AT3G01675,0,1,1,1,0,1
AT3G01680,65,33,19,36,16,59
AT3G01690,706,489,487,632,441,669
AT3G01695,0,1,0,0,0,0
AT3G01700,0,0,2,0,3,7
AT3G01705,0,0,0,0,0,0
AT3G01710,65,68,66,38,37,49
AT3G01715,0,1,0,0,0,0
AT3G01720,178,163,142,247,193,327
AT3G01730,0,9,4,2,9,4
AT3G01735,0,0,0,0,0,0
AT3G01740,1296,2615,1276,1022,679,1048
AT3G01745,0,0,0,0,0,3
AT3G01750,46,49,24,63,30,29
AT3G01755,3,0,0,0,1,0
AT3G01760,0,3,1,6,2,4
AT3G01765,0,0,0,0,0,0
AT3G01770,674,582,366,550,536,592
AT3G01775,0,0,0,0,0,0
AT3G01780,253,221,146,310,226,277
AT3G01785,0,0,0,0,0,0
AT3G01790,1005,932,727,950,751,909
AT3G01795,1,17,8,13,27,39
AT3G01800,155,192,115,135,94,90
AT3G01805,0,0,0,0,0,0
AT3G01810,104,144,67,64,70,86
AT3G01815,0,0,0,0,0,0
AT3G01820,368,152,162,285,188,249
AT3G01830,32,31,23,24,30,49
AT3G01835,0,0,0,0,0,0
AT3G01840,91,78,53,102,75,97
AT3G01845,0,0,0,2,0,3
AT3G01850,98,160,82,76,42,104
AT3G01855,0,0,0,0,0,0
AT3G01860,138,256,181,112,112,138
AT3G01865,0,2,0,0,0,0
AT3G01870,0,0,0,0,0,0
AT3G01880,0,0,0,0,0,0
AT3G01885,0,0,0,0,0,0
AT3G01890,94,69,51,126,54,96
AT3G01895,24,18,12,19,15,23
AT3G01900,1,15,17,52,36,47
AT3G01905,2,6,3,1,0,0
AT3G01910,630,604,577,640,388,553
AT3G01915,1,0,0,0,2,0
AT3G01920,40,117,41,52,45,55
AT3G01925,0,0,0,0,0,0
AT3G01930,139,123,90,158,135,176
AT3G01935,1,1,1,0,0,2
AT3G01940,240,79,73,52,50,74
AT3G01945,0,0,0,0,0,0
AT3G01950,722,582,410,213,330,316
AT3G01960,696,490,374,231,278,289
AT3G01961,0,0,0,1,0,0
AT3G01965,0,0,0,0,0,0
AT3G01970,121,17,10,233,183,255
AT3G01975,0,1,1,2,2,0
AT3G01980,185,206,163,168,120,224
AT3G01985,0,0,0,0,0,0
AT3G01990,111,75,81,60,59,87
AT3G01995,122,276,181,133,166,124
AT3G02000,101,57,110,62,41,60
AT3G02010,33,26,2,13,4,11
AT3G02015,0,0,2,0,1,0
AT3G02020,43,40,10,16,19,34
AT3G02025,2,7,3,4,1,3
AT3G02030,150,161,87,108,112,241
AT3G02035,0,0,3,1,0,1
AT3G02040,253,337,216,236,218,423
AT3G02045,0,0,1,0,0,0
AT3G02050,116,51,32,88,63,95
AT3G02055,0,0,0,0,0,0
AT3G02060,30,14,23,48,20,43
AT3G02065,66,116,55,130,84,87
AT3G02070,142,155,155,155,93,216
AT3G02075,2,1,0,0,2,2
AT3G02080,7468,13310,7157,6603,5174,6119
AT3G02085,0,0,0,2,0,1
AT3G02090,1872,2165,1482,2231,1479,2074
AT3G02095,8,34,19,8,3,13
AT3G02100,0,1,1,6,0,0
AT3G02105,2,2,2,0,1,4
AT3G02110,23,31,22,2,0,5
AT3G02115,0,0,3,3,4,1
AT3G02120,192,479,348,286,219,377
AT3G02125,0,0,0,1,0,4
AT3G02130,33,46,17,35,40,53
AT3G02135,0,0,1,0,0,0
AT3G02140,55,129,101,39,40,57
AT3G02145,0,0,0,2,0,0
AT3G02150,14,8,0,3,2,3
AT3G02155,0,0,0,0,0,0
AT3G02160,30,31,12,29,22,6
AT3G02165,0,0,1,0,1,0
AT3G02170,342,286,151,332,188,215
AT3G02180,994,1272,941,899,729,892
AT3G02190,1164,1941,1442,977,900,1015
AT3G02195,0,0,0,0,0,0
AT3G02200,1715,2113,1052,1517,1029,1286
AT3G02205,0,0,0,1,0,0
AT3G02210,202,173,69,127,78,108
AT3G02215,21,53,17,26,27,28
AT3G02220,1162,1338,780,998,553,816
AT3G02225,3,8,2,2,3,1
AT3G02230,2427,3917,2730,5247,2824,3130
AT3G02235,0,0,0,0,0,0
AT3G02240,92,186,176,93,79,324
AT3G02242,24,10,17,11,9,58
AT3G02245,204,263,134,98,98,130
AT3G02250,68,113,57,112,72,131
AT3G02255,1,0,0,0,0,1
AT3G02260,569,621,399,669,595,932
AT3G02265,0,0,0,0,0,0
AT3G02270,0,0,3,1,0,0
AT3G02275,12,11,6,8,3,9
AT3G02280,130,125,53,123,69,103
AT3G02285,0,0,0,0,0,0
AT3G02290,118,193,123,103,93,84
AT3G02295,0,0,0,1,0,0
AT3G02300,320,296,153,233,177,313
AT3G02305,2,10,9,3,3,3
AT3G02310,0,0,0,1,0,0
AT3G02315,0,0,0,0,0,0
AT3G02320,180,166,126,150,177,132
AT3G02325,0,0,0,0,0,1
AT3G02330,16,13,0,26,6,21
AT3G02335,0,0,0,0,0,0
AT3G02340,126,186,85,130,83,202
AT3G02345,0,0,0,0,0,0
AT3G02350,387,515,334,658,397,562
AT3G02360,775,921,599,811,570,879
AT3G02365,8,10,4,6,6,0
AT3G02370,26,24,7,18,13,34
AT3G02380,39,15,21,9,18,21
AT3G02385,0,0,0,0,0,0
AT3G02390,3,1,3,3,5,7
AT3G02395,0,0,0,0,0,0
AT3G02400,91,71,65,75,58,91
AT3G02405,3,0,0,0,0,0
AT3G02410,93,72,59,63,44,72
AT3G02415,0,0,0,0,0,0
AT3G02420,589,735,518,625,446,492
AT3G02425,1,2,2,0,0,1
AT3G02430,0,3,4,2,0,3
AT3G02435,1,0,0,0,0,0
AT3G02440,0,0,0,0,0,0
AT3G02445,0,0,2,0,0,0
AT3G02450,75,159,63,104,67,67
AT3G02455,0,2,0,3,0,0
AT3G02460,93,249,174,146,167,214
AT3G02465,2,2,2,7,3,6
AT3G02470,5135,6755,5840,5702,5940,6641
AT3G02475,3,1,3,0,2,1
AT3G02480,4,9,7,5,0,10
AT3G02485,3,8,8,12,4,7
AT3G02490,102,118,65,75,58,52
AT3G02493,29,44,22,4,12,8
AT3G02495,2,5,3,0,1,1
AT3G02500,0,2,0,3,1,11
AT3G02505,45,31,36,47,36,63
AT3G02510,47,33,18,40,13,12
AT3G02520,443,1013,707,662,403,581
AT3G02525,0,2,0,2,2,3
AT3G02530,1139,867,595,1356,669,886
AT3G02535,41,63,24,45,28,59
AT3G02540,583,495,429,601,346,583
AT3G02545,0,0,0,0,0,1
AT3G02550,118,134,125,137,112,363
AT3G02555,230,104,134,119,107,193
AT3G02560,3194,5687,2641,2827,2177,2644
AT3G02565,2,4,4,7,1,5
AT3G02570,378,564,240,398,292,399
AT3G02575,57,191,87,88,73,84
AT3G02580,884,1318,960,852,608,948
AT3G02585,0,1,0,0,0,0
AT3G02590,0,4,4,6,0,2
AT3G02595,0,0,0,0,0,0
AT3G02600,209,200,191,328,191,249
AT3G02605,0,0,0,0,0,0
AT3G02610,5,60,21,11,17,35
AT3G02615,0,0,0,0,0,0
AT3G02620,32,42,25,22,22,32
AT3G02625,0,0,0,0,0,0
AT3G02630,358,607,297,417,210,336
AT3G02635,0,0,0,0,0,0
AT3G02640,313,1016,476,350,269,508
AT3G02645,0,0,0,2,0,0
AT3G02650,281,403,114,360,216,243
AT3G02655,0,0,0,0,0,0
AT3G02660,76,158,63,153,71,99
AT3G02665,1,0,0,0,0,0
AT3G02670,0,0,0,0,0,2
AT3G02673,0,0,0,0,0,0
AT3G02677,6,15,4,13,3,11
AT3G02680,56,56,47,57,54,55
AT3G02685,0,0,0,0,0,0
AT3G02690,117,111,80,78,64,81
AT3G02695,1,5,0,1,1,1
AT3G02700,552,891,448,368,311,621
AT3G02705,0,0,0,0,0,0
AT3G02710,131,178,127,219,124,158
AT3G02715,0,0,0,0,0,0
AT3G02720,549,523,421,475,285,479
AT3G02725,2,9,1,3,1,2
AT3G02730,18,54,14,20,11,12
AT3G02735,0,0,0,0,0,0
AT3G02740,259,399,217,223,166,242
AT3G02745,0,0,0,0,0,0
AT3G02750,141,276,152,238,212,186
AT3G02755,3,0,0,2,0,2
AT3G02760,477,610,365,589,432,495
AT3G02765,90,103,67,116,83,90
AT3G02770,641,770,584,764,649,1146
AT3G02775,0,0,0,0,0,0
AT3G02780,3359,5068,2724,3209,2464,3279
AT3G02785,0,0,0,0,0,0
AT3G02790,677,1146,791,780,730,785
AT3G02795,0,0,0,0,0,0
AT3G02800,113,179,114,132,51,185
AT3G02805,0,0,0,0,0,0
AT3G02810,0,0,0,1,0,0
AT3G02815,0,0,0,0,0,0
AT3G02820,257,430,204,284,221,252
AT3G02825,3,3,3,5,0,2
AT3G02830,52,66,58,42,20,31
AT3G02832,14,50,10,24,25,11
AT3G02835,0,0,0,0,0,0
AT3G02840,9,1,2,2,0,52
AT3G02845,0,0,0,0,0,0
AT3G02850,168,173,127,70,118,189
AT3G02855,0,0,0,0,0,0
AT3G02860,217,298,212,153,129,190
AT3G02870,148,308,175,118,107,119
AT3G02875,122,159,158,136,91,173
AT3G02880,254,201,235,365,271,384
AT3G02885,0,0,8,0,0,0
AT3G02890,98,59,42,76,32,73
AT3G02895,1,1,0,0,1,1
AT3G02900,459,899,494,411,307,429
AT3G02905,0,1,0,0,0,0
AT3G02910,291,687,518,124,93,133
AT3G02915,0,0,0,3,0,0
AT3G02920,202,261,192,149,120,169
AT3G02925,3,4,4,11,6,8
AT3G02930,49,40,23,39,34,50
AT3G02935,231,99,115,310,243,238
AT3G02940,0,5,2,9,5,10
AT3G02945,0,0,7,1,0,2
AT3G02950,218,413,253,252,163,257
AT3G02955,0,0,0,0,0,0
AT3G02960,0,0,0,0,0,0
AT3G02970,0,0,0,0,0,0
AT3G02975,0,0,0,0,0,0
AT3G02980,55,166,103,69,98,83
AT3G02985,0,1,0,0,0,0
AT3G02990,82,113,58,51,61,86
AT3G02995,0,0,0,0,0,0
AT3G03000,79,216,113,78,88,175
AT3G03005,0,0,0,0,0,0
AT3G03010,238,348,200,203,169,198
AT3G03020,39,47,30,33,40,46
AT3G03025,0,3,2,0,0,2
AT3G03030,75,125,87,108,63,75
AT3G03035,0,2,1,1,0,0
AT3G03040,185,207,99,179,127,114
AT3G03045,0,0,0,0,0,0
AT3G03050,336,320,181,306,305,310
AT3G03055,0,0,0,0,0,0
AT3G03060,136,86,83,169,86,114
AT3G03065,0,0,0,0,0,0
AT3G03070,1518,3498,2219,1612,1183,1718
AT3G03075,2,8,2,6,3,5
AT3G03080,0,0,0,0,0,0
AT3G03085,0,0,0,0,0,0
AT3G03090,23,14,30,14,31,15
AT3G03095,3,3,0,1,7,2
AT3G03100,1787,3282,1787,1716,1267,1953
AT3G03105,4,1,0,1,0,0
AT3G03110,95,88,54,62,60,72
AT3G03115,0,0,0,0,0,0
AT3G03120,189,335,242,186,142,207
AT3G03125,5,13,10,11,11,17
AT3G03130,307,467,215,302,184,291
AT3G03135,0,0,0,0,1,4
AT3G03140,90,122,46,129,69,95
AT3G03145,1,1,0,0,0,0
AT3G03150,427,728,609,537,364,678
AT3G03155,1,0,0,0,1,0
AT3G03160,1467,2907,1553,1566,1232,1536
AT3G03165,0,0,0,1,0,1
AT3G03170,662,816,457,649,515,1169
AT3G03175,0,0,0,0,1,0
AT3G03180,128,240,115,121,84,141
AT3G03190,0,7,0,0,6,0
AT3G03195,0,0,0,0,1,1
AT3G03200,8,21,11,13,24,9
AT3G03205,0,0,0,0,0,0
AT3G03210,90,131,54,102,72,108
AT3G03215,19,35,13,39,29,18
AT3G03220,242,299,186,232,179,193
AT3G03225,2,3,6,1,8,0
AT3G03230,0,0,0,3,1,0
AT3G03235,0,0,1,0,0,0
AT3G03240,7,0,0,4,13,37
AT3G03245,0,0,0,0,0,0
AT3G03250,902,753,727,1235,730,811
AT3G03255,0,0,0,0,0,0
AT3G03260,0,0,0,0,0,0
AT3G03265,1,0,3,2,0,0
AT3G03270,503,417,269,230,285,580
AT3G03272,2,0,2,1,0,2
AT3G03275,0,0,0,0,1,0
AT3G03280,30,74,28,34,34,105
AT3G03285,0,0,0,0,0,0
AT3G03290,8,10,3,9,9,9
AT3G03295,0,0,0,0,0,0
AT3G03300,38,57,38,50,49,98
AT3G03305,179,137,83,125,131,192
AT3G03310,245,298,170,282,151,239
AT3G03320,242,616,283,265,213,268
AT3G03325,0,2,0,0,0,1
AT3G03330,262,390,224,317,169,319
AT3G03335,0,0,0,0,0,0
AT3G03340,279,184,162,326,215,229
AT3G03341,2,2,2,0,0,10
AT3G03345,0,0,0,0,0,0
AT3G03350,4,9,12,8,11,14
AT3G03355,0,0,0,0,0,0
AT3G03360,28,60,28,30,38,44
AT3G03365,0,0,0,0,0,0
AT3G03370,15,20,15,6,15,10
AT3G03375,0,0,0,0,0,0
AT3G03380,395,382,219,386,421,470
AT3G03385,2,0,1,6,0,1
AT3G03400,0,0,0,0,0,0
AT3G03405,0,0,0,0,0,0
AT3G03410,0,0,0,0,0,0
AT3G03415,0,0,1,1,0,0
AT3G03420,368,514,306,330,283,387
AT3G03425,0,0,0,0,0,0
AT3G03430,0,3,2,4,0,0
AT3G03435,2,5,1,7,1,1
AT3G03440,25,49,35,29,30,66
AT3G03445,4,3,2,2,0,0
AT3G03450,201,153,76,144,68,189
AT3G03455,3,5,1,3,2,1
AT3G03460,25,39,45,55,35,56
AT3G03465,0,0,0,0,0,0
AT3G03470,44,89,71,67,64,63
AT3G03475,1012,1060,725,1373,628,685
AT3G03480,0,0,0,1,0,0
AT3G03490,219,365,206,226,183,285
AT3G03495,53,22,38,18,16,12
AT3G03500,132,137,237,505,199,503
AT3G03505,35,25,22,10,12,13
AT3G03510,0,0,0,0,0,2
AT3G03515,0,2,0,0,0,0
AT3G03520,50,141,112,90,110,144
AT3G03525,0,0,0,2,0,0
AT3G03530,1,1,5,16,7,14
AT3G03535,36,41,39,40,41,55
AT3G03540,0,0,0,0,0,0
AT3G03550,183,267,199,224,183,174
AT3G03555,0,0,0,0,0,0
AT3G03560,117,238,148,168,110,265
AT3G03570,197,251,137,263,175,304
AT3G03580,33,4,6,29,9,21
AT3G03585,1,0,0,0,0,0
AT3G03590,100,219,108,92,77,123
AT3G03595,1,9,1,1,0,1
AT3G03600,317,607,373,311,245,229
AT3G03605,3,4,1,1,0,3
AT3G03610,99,192,99,175,102,186
AT3G03615,0,0,0,0,0,0
AT3G03620,0,1,2,3,0,0
AT3G03625,0,2,0,1,0,1
AT3G03630,64,92,47,51,65,52
AT3G03635,0,9,0,0,0,0
AT3G03640,37,54,32,74,49,43
AT3G03645,0,0,0,0,0,0
AT3G03650,25,44,15,67,20,51
AT3G03655,0,0,0,0,0,0
AT3G03660,43,38,25,57,45,45
AT3G03665,0,0,0,0,0,0
AT3G03670,0,0,0,0,0,0
AT3G03675,0,0,0,0,0,0
AT3G03680,24,73,61,34,31,75
AT3G03685,0,0,0,0,0,0
AT3G03690,153,175,128,209,186,180
AT3G03695,0,0,0,0,0,0
AT3G03700,57,85,43,75,107,81
AT3G03702,60,55,29,51,89,63
AT3G03705,0,0,0,0,0,0
AT3G03710,105,48,23,76,43,42
AT3G03715,0,0,0,0,0,0
AT3G03720,73,199,93,159,106,190
AT3G03725,0,0,0,0,0,0
AT3G03726,0,0,0,0,0,0
AT3G03730,0,0,0,0,0,0
AT3G03735,0,0,0,0,0,0
AT3G03740,310,362,206,294,228,276
AT3G03745,0,1,0,1,1,0
AT3G03750,46,87,67,75,75,80
AT3G03755,0,0,0,0,0,0
AT3G03760,0,0,0,0,0,0
AT3G03765,0,0,0,1,0,0
AT3G03770,21,52,16,13,22,22
AT3G03773,246,489,222,200,174,234
AT3G03775,0,0,0,0,0,0
AT3G03776,0,0,1,4,0,3
AT3G03780,319,274,237,133,112,257
AT3G03785,0,1,0,1,0,1
AT3G03790,138,185,119,172,127,180
AT3G03795,0,0,0,0,0,0
AT3G03800,0,0,0,1,0,0
AT3G03805,0,1,0,0,0,0
AT3G03810,136,137,132,211,171,165
AT3G03815,17,13,6,21,14,11
AT3G03820,1,2,0,1,0,0
AT3G03825,0,0,1,1,0,1
AT3G03826,0,0,0,0,0,0
AT3G03828,0,0,0,0,0,0
AT3G03830,0,0,1,0,0,0
AT3G03835,0,0,0,0,0,0
AT3G03840,0,1,0,0,0,0
AT3G03845,0,0,0,0,0,0
AT3G03847,0,0,0,0,0,0
AT3G03850,0,0,3,0,0,0
AT3G03852,0,0,0,0,0,0
AT3G03860,396,468,308,376,272,410
AT3G03865,0,0,1,0,0,0
AT3G03870,140,190,140,145,160,376
AT3G03875,0,0,0,2,2,0
AT3G03880,221,393,246,230,131,219
AT3G03890,175,294,177,143,85,200
AT3G03895,2,0,2,4,2,0
AT3G03900,110,133,72,74,65,83
AT3G03905,0,0,0,0,0,0
AT3G03910,0,0,0,1,0,0
AT3G03915,0,0,0,0,0,0
AT3G03920,2571,1998,1583,2283,1745,2272
AT3G03925,0,0,0,0,0,0
AT3G03930,0,0,0,0,0,0
AT3G03935,0,2,2,1,0,0
AT3G03940,323,325,212,311,215,331
AT3G03945,0,0,0,0,0,0
AT3G03950,318,288,215,285,178,308
AT3G03955,0,0,0,0,0,0
AT3G03960,1521,1740,891,1884,1075,1283
AT3G03965,14,12,7,10,13,9
AT3G03970,78,127,43,90,50,64
AT3G03975,5,2,0,2,0,4
AT3G03980,101,250,116,166,107,145
AT3G03985,0,0,0,0,0,0
AT3G03990,1051,948,675,828,852,1430
AT3G03995,0,0,0,0,0,0
AT3G04000,8,4,10,22,13,39
AT3G04005,0,0,0,0,0,0
AT3G04010,35,80,50,17,17,73
AT3G04015,0,1,1,1,1,0
AT3G04020,60,134,77,81,46,63
AT3G04025,0,1,0,1,0,0
AT3G04030,2,17,18,4,11,20
AT3G04035,1,0,0,2,0,0
AT3G04040,14,49,18,9,7,12
AT3G04045,0,4,0,0,0,0
AT3G04050,1,4,0,0,1,0
AT3G04055,0,0,0,0,0,0
AT3G04060,3,49,22,31,49,40
AT3G04065,1,2,0,0,0,1
AT3G04070,1,10,3,25,17,70
AT3G04080,169,210,179,351,177,250
AT3G04085,1,0,3,5,0,2
AT3G04090,739,1150,766,721,499,912
AT3G04095,0,0,0,0,0,0
AT3G04100,0,0,0,0,0,0
AT3G04110,1,26,16,2,2,15
AT3G04115,2,12,17,1,3,9
AT3G04120,9777,15171,10571,13372,6553,10427
AT3G04125,0,0,0,0,0,0
AT3G04130,57,46,13,45,23,46
AT3G04135,0,0,0,0,0,0
AT3G04140,6,11,1,11,5,1
AT3G04145,0,0,0,0,0,0
AT3G04150,0,0,0,1,0,0
AT3G04155,2,2,1,1,0,0
AT3G04160,80,27,48,43,48,64
AT3G04165,0,0,0,0,0,0
AT3G04170,0,0,0,0,0,0
AT3G04175,1,2,3,1,0,1
AT3G04180,0,0,0,0,0,0
AT3G04181,4,13,12,7,3,10
AT3G04184,1,1,0,0,0,0
AT3G04185,4,3,1,3,5,5
AT3G04190,0,0,0,0,0,0
AT3G04195,0,0,0,0,0,0
AT3G04200,0,0,0,0,0,0
AT3G04205,0,0,0,0,0,0
AT3G04210,1,0,0,0,0,0
AT3G04215,0,0,0,0,0,0
AT3G04220,0,1,0,4,7,0
AT3G04225,0,0,0,0,0,0
AT3G04230,292,657,518,355,261,388
AT3G04235,0,0,0,0,0,0
AT3G04240,313,201,201,256,247,349
AT3G04245,0,0,0,0,0,0
AT3G04250,0,0,0,0,0,0
AT3G04255,2,1,3,1,4,1
AT3G04260,37,98,19,37,52,39
AT3G04265,0,0,0,0,0,0
AT3G04270,0,0,0,0,0,0
AT3G04275,0,0,0,0,0,1
AT3G04280,0,0,0,0,0,0
AT3G04285,2,1,0,1,1,5
AT3G04290,0,0,0,0,0,0
AT3G04295,0,0,0,0,0,0
AT3G04300,144,127,159,37,43,62
AT3G04305,0,0,0,0,0,0
AT3G04310,49,75,46,41,34,26
AT3G04315,0,0,0,0,0,0
AT3G04320,425,863,797,1269,721,1066
AT3G04325,0,0,0,0,0,0
AT3G04330,7,36,80,11,2,9
AT3G04335,0,0,0,0,0,0
AT3G04340,124,180,107,148,118,179
AT3G04345,0,0,0,0,0,0
AT3G04350,506,421,257,370,274,536
AT3G04355,0,0,0,0,1,1
AT3G04360,48,29,29,99,79,101
AT3G04365,0,0,0,2,0,0
AT3G04370,5,1,2,6,0,7
AT3G04375,0,0,0,0,0,0
AT3G04380,48,46,34,75,41,52
AT3G04385,0,0,0,0,0,0
AT3G04390,0,0,0,0,0,0
AT3G04395,0,0,0,0,0,0
AT3G04400,15398,36256,17775,14991,11110,14460
AT3G04405,0,0,0,0,0,0
AT3G04410,1,0,0,0,0,0
AT3G04415,0,0,0,0,0,0
AT3G04420,3,13,8,6,5,19
AT3G04425,0,0,0,0,0,0
AT3G04430,0,0,0,0,0,1
AT3G04435,0,0,0,0,0,0
AT3G04440,63,17,11,30,17,20
AT3G04443,58,37,33,31,31,39
AT3G04450,3,15,2,7,11,15
AT3G04455,0,0,0,0,0,0
AT3G04460,106,173,113,119,96,134
AT3G04470,599,603,305,494,410,507
AT3G04475,0,0,0,0,0,1
AT3G04480,197,316,100,371,272,317
AT3G04485,15,35,14,25,10,20
AT3G04490,90,120,55,105,92,133
AT3G04495,0,0,0,0,0,1
AT3G04500,504,680,408,496,337,426
AT3G04505,0,0,0,0,0,0
AT3G04510,0,0,0,1,0,0
AT3G04515,0,0,0,0,0,0
AT3G04520,558,426,280,478,273,400
AT3G04525,0,0,0,0,0,0
AT3G04530,28,70,57,20,22,90
AT3G04535,0,0,0,0,0,0
AT3G04540,0,0,0,0,0,2
AT3G04545,0,0,0,0,0,0
AT3G04550,25,23,18,44,10,32
AT3G04555,0,0,0,0,0,0
AT3G04560,430,684,393,462,362,502
AT3G04565,0,0,0,0,0,0
AT3G04570,1065,548,475,920,649,964
AT3G04575,0,0,0,0,0,0
AT3G04580,174,198,95,167,101,178
AT3G04585,0,0,0,0,0,0
AT3G04590,136,171,85,111,91,111
AT3G04595,0,0,0,0,0,0
AT3G04600,404,410,346,446,267,377
AT3G04610,290,259,157,448,285,278
AT3G04615,127,235,96,220,178,149
AT3G04620,17,83,33,32,19,27
AT3G04625,0,0,0,0,0,0
AT3G04630,80,131,62,72,72,74
AT3G04635,0,3,1,0,0,1
AT3G04640,165,89,83,89,100,394
AT3G04645,0,0,0,0,0,0
AT3G04650,29,55,31,55,63,66
AT3G04655,0,0,0,0,0,0
AT3G04660,6,1,1,0,0,2
AT3G04665,0,0,0,0,0,0
AT3G04670,1348,1456,958,834,990,1313
AT3G04675,0,0,0,0,0,0
AT3G04680,262,167,179,284,174,271
AT3G04685,15,11,13,6,11,17
AT3G04690,75,54,37,54,46,79
AT3G04695,0,1,0,0,0,0
AT3G04700,5,6,0,5,3,10
AT3G04705,0,0,0,0,0,0
AT3G04710,218,253,142,358,172,195
AT3G04720,37,85,83,75,40,740
AT3G04725,0,0,0,0,0,0
AT3G04730,935,1461,1115,1246,923,1280
AT3G04735,0,0,0,0,0,0
AT3G04740,202,119,70,145,156,249
AT3G04745,0,0,0,0,0,0
AT3G04750,73,91,28,57,22,56
AT3G04755,8,7,8,5,4,2
AT3G04760,36,33,3,7,1,31
AT3G04765,2,0,0,0,0,1
AT3G04770,260,334,164,333,228,199
AT3G04775,3,8,6,7,8,5
AT3G04780,530,1432,645,566,388,594
AT3G04785,1,0,0,4,0,2
AT3G04790,82,232,153,164,80,87
AT3G04795,0,0,0,0,0,0
AT3G04800,7,6,11,7,4,10
AT3G04805,0,0,0,0,0,0
AT3G04810,304,226,118,286,273,345
AT3G04815,0,1,0,0,1,0
AT3G04820,98,251,105,134,108,158
AT3G04825,13,27,13,13,22,13
AT3G04830,517,894,526,635,390,527
AT3G04835,2,8,4,6,3,9
AT3G04840,6225,11782,7099,7530,4748,6706
AT3G04845,0,0,0,0,0,0
AT3G04850,70,46,61,47,37,33
AT3G04854,5,23,7,16,16,30
AT3G04855,0,0,0,0,0,0
AT3G04860,17,27,28,16,29,37
AT3G04870,146,189,90,154,108,182
AT3G04875,0,0,0,0,0,0
AT3G04880,370,578,536,366,292,517
AT3G04890,79,130,91,72,66,117
AT3G04895,0,0,0,0,0,0
AT3G04900,0,3,3,2,0,2
AT3G04903,1,0,1,0,0,0
AT3G04905,0,0,0,0,0,0
AT3G04910,283,526,223,434,333,438
AT3G04915,0,2,1,1,0,1
AT3G04920,4725,11348,5528,5120,4012,4740
AT3G04925,0,0,0,0,0,0
AT3G04930,266,152,179,234,163,255
AT3G04935,0,0,0,0,0,0
AT3G04940,414,557,327,329,246,318
AT3G04943,0,0,0,0,0,0
AT3G04945,0,0,0,0,0,0
AT3G04950,88,189,141,109,89,110
AT3G04955,0,0,0,0,0,0
AT3G04960,1,4,3,4,2,5
AT3G04965,1,3,3,1,2,1
AT3G04970,116,180,88,120,117,135
AT3G04975,5,3,2,1,2,2
AT3G04980,72,109,38,52,45,48
AT3G04985,1,2,1,0,1,0
AT3G04990,0,0,0,0,0,0
AT3G04995,0,2,2,0,0,1
AT3G05000,650,1032,575,558,413,486
AT3G05005,0,0,0,0,0,0
AT3G05010,162,281,226,221,114,318
AT3G05015,35,40,21,28,32,51
AT3G05020,1146,3337,2434,1546,1247,1362
AT3G05025,1,0,0,0,0,0
AT3G05030,97,53,61,83,96,71
AT3G05035,0,0,0,0,0,0
AT3G05040,162,204,168,261,158,198
AT3G05045,0,0,0,0,0,0
AT3G05050,214,176,131,192,176,186
AT3G05055,6,5,6,1,1,2
AT3G05060,1847,2369,1346,2062,1195,1497
AT3G05070,294,488,322,223,177,229
AT3G05075,6,14,1,6,12,14
AT3G05080,15,18,20,16,2,18
AT3G05085,0,0,0,0,0,0
AT3G05090,261,306,212,214,195,331
AT3G05095,0,0,0,0,0,0
AT3G05100,200,291,179,262,180,248
AT3G05105,0,0,1,0,0,0
AT3G05110,0,1,2,7,0,0
AT3G05115,0,0,0,0,0,0
AT3G05120,179,207,142,204,197,273
AT3G05125,0,0,0,0,0,0
AT3G05130,136,151,59,171,89,141
AT3G05135,2,0,0,0,0,0
AT3G05140,53,25,8,68,20,54
AT3G05145,0,1,0,1,0,0
AT3G05150,170,210,141,247,206,160
AT3G05152,0,0,3,3,2,0
AT3G05155,75,111,94,160,117,216
AT3G05160,21,15,15,16,12,38
AT3G05165,158,380,249,184,168,579
AT3G05170,79,92,62,93,44,137
AT3G05175,0,0,0,0,0,0
AT3G05180,9,19,20,2,6,4
AT3G05185,0,0,0,0,0,0
AT3G05190,39,61,39,27,17,16
AT3G05195,0,0,1,0,0,0
AT3G05200,91,132,79,124,98,260
AT3G05205,0,1,0,0,0,0
AT3G05210,186,152,112,158,162,199
AT3G05215,0,0,0,0,0,0
AT3G05220,191,314,199,216,231,306
AT3G05225,0,0,0,0,0,0
AT3G05230,371,1201,534,488,301,318
AT3G05235,0,0,0,0,0,0
AT3G05240,2,12,5,17,16,6
AT3G05245,13,18,12,18,4,7
AT3G05250,153,260,124,126,111,174
AT3G05260,0,0,0,0,1,0
AT3G05265,0,0,0,0,0,0
AT3G05270,122,139,100,117,127,118
AT3G05275,0,0,0,0,0,0
AT3G05280,554,973,584,610,413,544
AT3G05285,7,11,7,4,9,7
AT3G05290,386,605,297,268,224,362
AT3G05295,0,0,0,0,0,0
AT3G05300,0,0,0,0,0,0
AT3G05305,0,0,0,0,0,0
AT3G05310,0,3,0,1,0,1
AT3G05315,0,0,0,0,0,0
AT3G05320,26,16,10,25,20,31
AT3G05325,0,0,0,0,0,0
AT3G05327,19,18,9,12,0,5
AT3G05330,78,252,115,94,60,171
AT3G05335,0,0,2,1,0,0
AT3G05340,32,11,3,19,20,11
AT3G05345,0,9,5,1,0,18
AT3G05350,124,91,49,89,58,77
AT3G05355,0,2,1,0,0,0
AT3G05360,25,24,24,19,14,16
AT3G05365,3,8,7,1,3,2
AT3G05370,0,0,0,0,0,0
AT3G05375,0,0,0,0,0,0
AT3G05380,272,117,143,172,144,155
AT3G05385,0,0,0,0,0,0
AT3G05390,53,62,60,177,70,95
AT3G05395,0,1,0,0,0,0
AT3G05400,10,7,2,1,1,4
AT3G05410,49,61,48,58,45,42
AT3G05420,465,471,233,451,329,440
AT3G05425,0,0,0,0,0,0
AT3G05430,8,33,13,15,5,18
AT3G05440,0,0,0,0,0,0
AT3G05445,0,0,0,0,0,0
AT3G05450,0,0,0,0,0,0
AT3G05455,0,0,0,0,0,0
AT3G05460,0,0,0,0,1,0
AT3G05465,0,0,0,0,0,0
AT3G05470,0,19,1,5,10,5
AT3G05475,0,0,0,0,0,0
AT3G05480,54,112,49,55,30,41
AT3G05485,0,0,0,0,0,0
AT3G05490,1103,2230,1269,941,1045,1643
AT3G05495,0,0,0,0,0,0
AT3G05500,442,735,552,539,348,416
AT3G05505,0,0,0,0,0,0
AT3G05510,118,110,73,88,66,99
AT3G05515,0,0,0,0,0,0
AT3G05520,316,540,276,259,268,281
AT3G05525,0,0,0,0,0,0
AT3G05530,1099,1315,931,1268,826,1182
AT3G05535,0,0,0,0,0,0
AT3G05540,0,0,0,1,0,0
AT3G05545,356,286,319,447,312,351
AT3G05550,17,44,14,14,13,18
AT3G05555,0,0,0,0,0,0
AT3G05560,5480,9104,6116,5898,4586,5207
AT3G05570,104,229,197,150,100,166
AT3G05575,1,0,0,0,1,0
AT3G05580,90,185,109,110,113,120
AT3G05585,0,0,0,0,0,0
AT3G05590,8135,11654,8508,8726,6780,8191
AT3G05595,0,0,0,0,0,0
AT3G05600,0,1,0,1,0,0
AT3G05605,0,0,0,0,0,0
AT3G05610,0,0,0,0,0,0
AT3G05620,4,2,3,3,6,1
AT3G05625,0,3,0,0,1,0
AT3G05630,4,1,7,9,5,14
AT3G05635,0,0,0,0,0,0
AT3G05640,20,114,81,29,23,50
AT3G05645,0,0,0,0,0,0
AT3G05650,0,1,0,0,1,0
AT3G05655,0,8,3,1,2,0
AT3G05660,0,1,0,0,0,1
AT3G05665,0,0,0,0,0,0
AT3G05670,207,306,113,190,180,287
AT3G05675,132,118,82,132,115,114
AT3G05680,151,174,144,132,128,180
AT3G05685,52,93,25,65,37,71
AT3G05690,54,102,42,144,93,68
AT3G05695,0,0,0,0,0,0
AT3G05700,37,126,72,74,50,58
AT3G05705,0,0,0,0,0,0
AT3G05710,181,289,149,261,206,253
AT3G05715,2,9,1,0,0,1
AT3G05720,0,6,3,0,2,0
AT3G05725,0,0,0,0,0,0
AT3G05727,0,0,0,0,0,0
AT3G05730,0,0,0,0,0,0
AT3G05735,0,0,0,0,0,0
AT3G05740,28,33,17,59,28,22
AT3G05741,0,0,1,0,0,0
AT3G05745,0,0,0,0,0,0
AT3G05746,0,0,0,0,0,0
AT3G05750,55,41,27,70,19,52
AT3G05755,0,0,0,0,0,0
AT3G05760,580,876,488,506,393,555
AT3G05765,0,0,0,0,0,0
AT3G05770,24,8,2,11,12,5
AT3G05775,0,0,0,0,0,0
AT3G05780,3,2,5,3,1,3
AT3G05785,0,0,0,0,0,0
AT3G05790,0,0,0,0,0,0
AT3G05795,0,0,0,0,0,0
AT3G05800,48,45,48,36,23,18
AT3G05805,0,0,0,0,0,0
AT3G05810,478,929,413,383,358,483
AT3G05815,0,0,0,0,0,0
AT3G05820,0,9,9,7,1,12
AT3G05825,0,0,0,0,0,0
AT3G05830,99,132,78,125,121,161
AT3G05835,0,0,0,0,0,0
AT3G05840,627,864,469,652,510,749
AT3G05845,0,3,0,0,0,0
AT3G05850,43,80,50,110,42,89
AT3G05855,0,0,0,0,0,0
AT3G05858,3,13,5,5,0,0
AT3G05860,2,8,14,1,9,7
AT3G05870,120,233,113,98,86,118
AT3G05880,2996,7483,3910,3331,3282,9983
AT3G05885,0,2,0,0,0,0
AT3G05890,4336,9760,7453,3788,3832,5234
AT3G05895,0,0,0,0,0,0
AT3G05900,1353,1424,775,1148,724,873
AT3G05905,1206,1234,738,935,709,778
AT3G05910,1396,1603,884,1196,992,1081
AT3G05915,0,0,0,0,0,0
AT3G05920,224,387,389,286,221,450
AT3G05925,0,0,0,0,0,0
AT3G05930,17,20,28,15,9,36
AT3G05932,132,50,26,61,37,65
AT3G05935,43,116,73,20,27,29
AT3G05936,17,44,30,9,13,36
AT3G05937,59,164,85,100,90,204
AT3G05940,122,173,94,150,112,192
AT3G05945,9,139,10,73,77,21
AT3G05950,0,0,0,0,0,0
AT3G05955,0,1,1,0,0,0
AT3G05960,0,0,0,0,0,0
AT3G05965,0,0,0,0,0,0
AT3G05970,321,225,120,352,220,307
AT3G05975,0,0,0,0,0,0
AT3G05980,25,90,47,53,42,24
AT3G05985,0,0,0,0,0,0
AT3G05990,263,192,156,258,216,341
AT3G05995,3,4,0,0,0,0
AT3G06000,0,0,0,0,0,0
AT3G06010,174,187,79,135,107,168
AT3G06015,0,0,0,0,0,0
AT3G06019,0,0,0,0,0,0
AT3G06020,0,194,72,0,0,1
AT3G06025,0,0,0,0,0,0
AT3G06030,53,160,67,79,37,119
AT3G06035,383,1659,687,334,274,316
AT3G06040,886,1414,630,795,645,750
AT3G06045,0,0,0,0,0,0
AT3G06050,645,1146,763,666,452,623
AT3G06055,0,0,0,0,0,0
AT3G06060,523,401,343,428,317,483
AT3G06065,0,0,0,0,0,0
AT3G06070,134,237,132,80,49,72
AT3G06075,0,0,0,0,0,1
AT3G06080,162,103,104,133,129,118
AT3G06085,1,0,0,0,0,1
AT3G06090,0,0,0,0,0,0
AT3G06095,0,0,0,0,0,0
AT3G06100,2,0,0,3,0,0
AT3G06105,0,0,0,0,0,0
AT3G06110,209,395,248,131,124,159
AT3G06115,0,0,0,0,0,0
AT3G06120,0,0,0,0,0,0
AT3G06125,369,640,409,134,112,210
AT3G06130,331,128,151,184,69,150
AT3G06135,0,0,0,0,0,0
AT3G06140,138,84,82,107,88,59
AT3G06145,11,9,8,2,2,2
AT3G06150,49,46,34,54,33,75
AT3G06155,0,0,0,0,0,0
AT3G06160,0,0,3,0,0,0
AT3G06165,0,0,0,0,0,0
AT3G06170,192,227,215,252,139,364
AT3G06180,111,166,140,124,142,143
AT3G06185,0,0,0,0,0,0
AT3G06190,148,164,105,180,187,220
AT3G06200,137,107,76,119,70,125
AT3G06205,0,0,0,0,0,0
AT3G06210,53,92,26,61,70,59
AT3G06215,0,0,0,0,0,0
AT3G06220,0,5,2,0,0,0
AT3G06225,0,0,0,0,0,0
AT3G06230,0,0,0,0,0,0
AT3G06235,0,0,0,0,0,0
AT3G06240,179,180,123,218,136,213
AT3G06245,0,0,0,0,0,0
AT3G06250,83,75,36,89,76,80
AT3G06255,0,0,0,0,0,0
AT3G06260,0,0,0,0,0,1
AT3G06265,0,0,0,0,0,0
AT3G06270,104,131,78,73,60,99
AT3G06275,0,0,0,0,0,0
AT3G06280,0,0,0,0,0,0
AT3G06285,0,0,0,0,0,0
AT3G06290,103,73,63,124,67,131
AT3G06295,0,0,0,0,0,0
AT3G06300,581,1319,795,994,578,914
AT3G06310,422,982,569,455,308,395
AT3G06315,0,0,0,0,0,0
AT3G06320,335,1108,546,329,341,417
AT3G06325,139,171,164,68,172,30
AT3G06330,333,420,324,211,212,186
AT3G06335,0,0,0,0,0,0
AT3G06340,139,130,99,133,173,128
AT3G06345,324,233,351,129,261,36
AT3G06350,499,585,374,549,541,586
AT3G06355,34699,33152,32343,20556,16927,22340
AT3G06360,48,55,37,37,15,23
AT3G06370,38,32,43,26,16,42
AT3G06375,0,0,0,0,0,0
AT3G06380,338,380,310,222,204,398
AT3G06385,0,0,0,0,0,0
AT3G06390,4,74,42,125,5,173
AT3G06395,0,0,0,0,0,0
AT3G06400,307,304,187,330,252,376
AT3G06405,0,0,0,0,0,0
AT3G06410,147,173,92,114,77,142
AT3G06415,0,0,0,0,0,0
AT3G06420,369,899,597,340,247,604
AT3G06425,0,0,1,0,1,0
AT3G06430,81,157,54,61,55,113
AT3G06435,103,194,61,163,167,205
AT3G06436,4,8,4,12,5,9
AT3G06440,91,243,124,170,166,131
AT3G06445,0,0,0,0,0,0
AT3G06450,201,192,110,307,182,197
AT3G06455,20,49,25,23,16,26
AT3G06460,2,4,10,49,2,4
AT3G06465,0,0,0,0,0,0
AT3G06470,33,42,74,26,27,53
AT3G06475,0,0,0,1,0,0
AT3G06480,43,35,36,64,41,62
AT3G06483,169,220,116,170,84,150
AT3G06485,0,0,0,0,0,0
AT3G06490,0,4,0,1,1,0
AT3G06495,0,2,0,0,3,2
AT3G06500,65,167,50,83,91,195
AT3G06510,220,161,93,139,132,78
AT3G06515,0,0,0,1,0,1
AT3G06520,0,15,3,15,1,0
AT3G06525,0,1,0,0,0,0
AT3G06530,209,226,154,186,132,230
AT3G06535,0,0,0,0,0,0
AT3G06540,277,193,132,267,163,286
AT3G06545,0,2,1,0,0,0
AT3G06550,273,362,179,315,186,227
AT3G06555,0,0,0,0,0,0
AT3G06560,4,0,1,1,1,0
AT3G06565,0,0,0,0,0,0
AT3G06570,69,83,72,62,63,91
AT3G06575,0,1,0,1,0,0
AT3G06580,531,446,255,653,418,498
AT3G06585,0,0,0,0,0,0
AT3G06590,407,621,455,350,300,286
AT3G06595,0,0,0,0,0,0
AT3G06600,53,56,22,38,21,41
AT3G06605,0,0,0,0,2,0
AT3G06610,547,1232,594,485,399,494
AT3G06615,0,0,0,0,0,0
AT3G06620,123,119,50,104,100,108
AT3G06625,0,0,0,0,0,0
AT3G06630,2,9,4,10,11,16
AT3G06635,0,2,0,0,0,0
AT3G06640,0,0,0,0,0,0
AT3G06645,0,0,0,0,0,0
AT3G06650,966,934,555,916,426,653
AT3G06655,0,0,2,0,0,0
AT3G06660,42,55,34,61,44,78
AT3G06665,0,0,0,0,0,0
AT3G06670,233,287,130,247,192,262
AT3G06675,0,0,0,0,0,0
AT3G06680,1025,3700,1851,970,775,1070
AT3G06685,0,0,0,0,0,0
AT3G06690,34,50,17,99,40,61
AT3G06695,0,0,0,0,0,0
AT3G06700,8746,24267,12984,8100,6699,8666
AT3G06710,4,32,7,12,7,3
AT3G06715,0,0,0,0,0,0
AT3G06720,538,440,371,520,442,514
AT3G06725,0,0,0,0,0,0
AT3G06730,104,102,135,123,96,112
AT3G06735,0,0,0,0,0,0
AT3G06740,290,429,202,269,231,207
AT3G06745,0,0,0,0,0,0
AT3G06750,237,227,272,158,128,199
AT3G06755,2,5,5,0,7,4
AT3G06760,178,137,114,136,73,128
AT3G06765,0,0,0,0,0,0
AT3G06770,185,131,65,150,105,142
AT3G06775,0,0,0,0,0,0
AT3G06778,119,196,109,164,120,123
AT3G06780,125,81,59,101,35,128
AT3G06785,0,0,0,0,0,0
AT3G06790,491,448,504,520,317,424
AT3G06795,0,0,0,0,0,0
AT3G06805,0,2,2,0,0,0
AT3G06810,160,123,89,176,166,211
AT3G06815,0,0,0,0,0,0
AT3G06820,247,195,116,171,169,206
AT3G06830,43,37,10,24,36,9
AT3G06835,0,0,0,0,0,1
AT3G06840,191,162,129,167,126,171
AT3G06845,0,0,0,0,0,0
AT3G06850,398,324,452,549,353,752
AT3G06855,0,0,0,0,0,0
AT3G06860,306,283,143,443,260,362
AT3G06868,386,221,151,302,203,188
AT3G06870,146,81,76,120,85,74
AT3G06880,0,0,0,0,0,0
AT3G06890,112,158,79,75,48,114
AT3G06895,1,0,1,0,0,0
AT3G06900,0,0,0,0,0,0
AT3G06905,0,0,0,0,0,0
AT3G06910,45,85,51,51,46,29
AT3G06915,0,0,0,0,0,0
AT3G06920,21,52,13,38,33,13
AT3G06925,0,0,0,0,0,0
AT3G06930,176,245,181,324,184,236
AT3G06935,0,0,0,0,0,0
AT3G06950,33,87,25,37,28,55
AT3G06955,0,0,0,0,0,0
AT3G06960,437,400,273,439,269,262
AT3G06962,1,2,1,0,0,0
AT3G06970,0,0,0,0,3,0
AT3G06975,0,0,0,0,0,0
AT3G06980,27,30,13,49,38,61
AT3G06985,0,0,2,0,0,0
AT3G06990,37,30,24,108,70,55
AT3G07000,94,53,46,176,112,116
AT3G07005,0,4,3,3,3,1
AT3G07010,325,475,430,574,376,579
AT3G07020,316,404,223,337,325,356
AT3G07025,0,0,0,0,0,0
AT3G07030,92,121,66,119,88,125
AT3G07040,0,9,9,6,5,21
AT3G07045,0,0,0,0,0,0
AT3G07050,576,418,316,633,432,526
AT3G07055,0,0,0,0,0,0
AT3G07060,38,79,56,73,63,70
AT3G07065,0,0,0,0,0,0
AT3G07070,4,38,15,16,26,10
AT3G07075,0,0,0,0,0,0
AT3G07080,56,111,55,83,71,80
AT3G07085,0,0,0,0,0,0
AT3G07090,439,508,325,590,393,330
AT3G07095,0,0,0,0,0,0
AT3G07100,534,364,301,629,408,655
AT3G07105,9,8,4,7,2,23
AT3G07110,6182,9431,6018,6120,4593,5590
AT3G07115,0,0,0,0,0,0
AT3G07120,9,14,8,8,5,13
AT3G07125,2,13,4,0,0,6
AT3G07130,209,185,153,221,205,180
AT3G07135,0,0,0,0,0,0
AT3G07140,420,411,167,319,315,278
AT3G07150,7,2,7,3,10,6
AT3G07155,0,0,0,0,0,0
AT3G07160,375,467,230,361,327,445
AT3G07165,0,0,0,0,0,0
AT3G07170,414,900,482,469,355,419
AT3G07175,1,2,1,2,3,2
AT3G07180,387,391,280,442,281,386
AT3G07185,0,0,0,0,0,0
AT3G07190,85,144,85,66,91,77
AT3G07195,30,78,84,70,33,91
AT3G07200,201,320,146,107,99,120
AT3G07205,2,15,7,3,3,4
AT3G07210,99,114,77,173,129,101
AT3G07215,286,252,116,113,185,193
AT3G07220,237,289,204,300,169,266
AT3G07225,0,0,0,0,0,0
AT3G07230,837,3159,1653,822,722,903
AT3G07235,0,0,0,0,0,0
AT3G07245,0,0,0,0,0,0
AT3G07250,0,0,0,0,0,0
AT3G07255,0,0,0,0,0,2
AT3G07260,4,8,3,1,2,2
AT3G07265,0,0,0,0,0,2
AT3G07270,628,647,314,687,527,597
AT3G07273,4,10,8,7,4,19
AT3G07275,0,2,0,0,2,0
AT3G07290,23,38,20,17,16,7
AT3G07295,0,0,0,0,0,0
AT3G07300,168,310,150,258,105,214
AT3G07305,0,0,1,1,0,0
AT3G07310,208,328,263,206,174,293
AT3G07315,71,359,178,129,85,138
AT3G07320,153,271,248,264,129,174
AT3G07325,0,0,0,2,0,0
AT3G07330,334,281,214,407,420,350
AT3G07335,0,0,0,0,0,0
AT3G07340,115,274,150,206,192,222
AT3G07345,0,0,0,0,0,0
AT3G07350,498,467,402,476,317,579
AT3G07355,0,0,0,0,0,0
AT3G07360,122,132,142,120,88,160
AT3G07365,0,0,0,2,0,2
AT3G07370,60,119,73,100,69,117
AT3G07375,22,28,19,39,18,32
AT3G07380,0,0,0,0,2,0
AT3G07385,2,0,0,0,0,0
AT3G07390,147,147,128,386,208,299
AT3G07395,0,0,0,0,1,0
AT3G07400,102,78,39,87,68,97
AT3G07405,0,0,0,0,0,0
AT3G07410,226,274,189,221,156,203
AT3G07415,0,0,0,0,0,0
AT3G07420,126,71,48,194,136,28
AT3G07425,32,102,65,43,19,22
AT3G07430,305,372,434,427,317,372
AT3G07435,2,0,0,1,0,1
AT3G07440,168,212,134,193,112,144
AT3G07450,0,2,0,0,0,0
AT3G07460,452,452,395,458,416,465
AT3G07465,0,0,0,0,1,0
AT3G07470,441,568,415,427,380,479
AT3G07475,0,1,0,1,0,0
AT3G07480,2103,2540,2493,2077,1556,2246
AT3G07485,0,0,0,0,0,0
AT3G07490,0,0,2,1,0,0
AT3G07495,0,0,0,0,0,0
AT3G07500,33,33,21,35,16,30
AT3G07505,4,9,7,1,0,3
AT3G07510,194,411,248,228,175,209
AT3G07515,0,0,2,0,0,1
AT3G07520,0,2,6,8,2,27
AT3G07522,0,0,0,0,0,0
AT3G07525,47,71,64,52,65,42
AT3G07530,49,51,24,39,54,36
AT3G07540,6,18,9,10,10,11
AT3G07545,0,0,0,0,0,0
AT3G07550,58,62,55,35,45,108
AT3G07555,280,423,362,305,341,335
AT3G07560,850,835,616,920,604,1000
AT3G07565,196,203,180,230,157,266
AT3G07568,474,1345,677,484,428,542
AT3G07570,370,421,325,563,367,566
AT3G07580,137,264,171,158,108,176
AT3G07585,0,0,0,0,0,0
AT3G07590,363,887,508,295,218,335
AT3G07600,23,74,48,38,43,132
AT3G07605,0,3,0,0,1,1
AT3G07610,161,129,62,149,83,125
AT3G07615,32,22,16,40,22,38
AT3G07620,0,0,0,0,0,0
AT3G07625,0,1,0,3,1,1
AT3G07630,275,344,161,345,186,264
AT3G07635,0,0,1,0,0,0
AT3G07640,158,444,243,233,171,230
AT3G07645,0,0,0,0,0,0
AT3G07650,144,113,113,210,135,281
AT3G07655,0,0,2,0,0,1
AT3G07660,553,364,334,555,434,515
AT3G07665,0,0,3,0,0,0
AT3G07670,55,48,43,50,42,36
AT3G07675,0,1,0,0,0,0
AT3G07680,1171,2569,1531,1538,951,1201
AT3G07685,0,0,0,0,0,0
AT3G07690,104,149,59,149,91,124
AT3G07695,0,0,0,0,0,0
AT3G07700,71,53,29,30,31,67
AT3G07705,0,0,0,0,0,0
AT3G07710,0,0,0,0,0,0
AT3G07715,0,0,0,0,0,0
AT3G07720,1274,348,322,228,135,572
AT3G07725,4,3,5,0,3,1
AT3G07730,2,9,1,0,0,0
AT3G07735,0,1,0,1,1,0
AT3G07740,185,167,81,159,105,119
AT3G07745,0,0,0,0,0,0
AT3G07750,222,148,129,170,135,170
AT3G07755,0,0,0,0,0,0
AT3G07760,394,773,475,301,267,414
AT3G07765,0,0,0,0,1,0
AT3G07770,541,464,364,659,353,499
AT3G07775,0,0,0,0,0,0
AT3G07780,399,316,200,366,254,485
AT3G07785,1,5,3,2,4,21
AT3G07790,561,415,237,496,397,548
AT3G07795,3,22,20,18,14,16
AT3G07800,213,300,149,176,126,143
AT3G07805,7,11,5,5,4,22
AT3G07810,781,1070,610,1047,824,841
AT3G07815,0,0,0,0,0,0
AT3G07820,0,1,1,1,0,0
AT3G07825,8,3,4,7,2,7
AT3G07830,0,0,0,0,0,0
AT3G07835,4,13,4,17,9,18
AT3G07840,0,0,0,0,0,0
AT3G07845,0,0,0,0,0,0
AT3G07850,0,0,0,0,0,0
AT3G07855,0,0,0,0,0,0
AT3G07860,125,287,120,116,101,141
AT3G07865,0,0,0,0,0,0
AT3G07870,15,113,60,39,42,109
AT3G07875,25,34,12,22,9,11
AT3G07880,1296,2769,1299,1195,1030,1255
AT3G07885,20,10,4,11,2,11
AT3G07890,219,278,129,267,131,293
AT3G07895,1,0,1,1,0,0
AT3G07900,4,32,15,11,26,47
AT3G07905,0,0,0,0,0,0
AT3G07910,304,1069,601,308,271,345
AT3G07915,0,0,0,0,0,0
AT3G07920,0,2,0,2,5,2
AT3G07925,3,0,0,0,0,0
AT3G07930,53,41,35,61,42,58
AT3G07935,0,0,0,0,0,0
AT3G07940,24,70,45,36,16,86
AT3G07945,0,0,0,0,0,0
AT3G07950,1064,1476,834,964,618,811
AT3G07955,0,0,0,0,0,0
AT3G07960,13,31,16,24,12,24
AT3G07965,0,0,0,0,0,0
AT3G07970,2,0,0,0,0,0
AT3G07975,0,0,0,0,0,0
AT3G07980,24,33,18,53,33,33
AT3G07985,0,0,0,0,0,0
AT3G07990,707,638,398,816,452,585
AT3G07995,0,0,0,0,0,0
AT3G08000,25,68,29,31,23,48
AT3G08005,0,0,0,0,0,0
AT3G08010,48,109,44,64,33,97
AT3G08020,41,45,20,66,94,41
AT3G08025,0,0,0,0,0,0
AT3G08030,1134,1115,896,1522,799,1280
AT3G08035,0,0,0,0,0,0
AT3G08040,176,217,275,323,407,161
AT3G08045,2,0,0,0,0,1
AT3G08050,0,0,0,0,0,0
AT3G08055,0,0,0,0,0,0
AT3G08065,1,3,3,3,15,9
AT3G08070,8,7,1,5,7,9
AT3G08075,2,3,0,2,0,0
AT3G08080,0,0,0,0,0,0
AT3G08085,0,0,0,0,0,0
AT3G08090,0,0,0,0,0,0
AT3G08100,0,1,2,4,0,7
AT3G08105,0,0,0,0,0,0
AT3G08110,0,0,0,0,0,0
AT3G08115,0,15,12,5,1,3
AT3G08120,0,0,0,0,0,0
AT3G08125,0,0,0,0,0,0
AT3G08130,0,0,0,0,0,0
AT3G08135,0,2,0,1,0,2
AT3G08140,0,0,0,0,0,0
AT3G08150,0,0,0,0,0,0
AT3G08155,0,0,0,0,0,0
AT3G08160,0,0,0,0,0,0
AT3G08165,2,2,2,0,2,2
AT3G08170,1,5,2,1,3,8
AT3G08175,0,2,1,0,1,0
AT3G08185,0,0,0,0,1,0
AT3G08190,0,4,2,0,0,0
AT3G08200,0,0,0,1,0,0
AT3G08205,0,0,0,0,0,0
AT3G08210,0,0,0,0,0,0
AT3G08215,3,4,4,5,7,10
AT3G08220,4,4,2,2,1,7
AT3G08225,22,95,47,38,30,25
AT3G08230,9,30,23,3,9,24
AT3G08235,2,14,5,4,4,9
AT3G08240,0,1,0,4,0,0
AT3G08245,2,0,1,0,0,0
AT3G08250,0,0,0,0,0,0
AT3G08255,0,0,0,0,0,0
AT3G08260,0,0,0,0,0,0
AT3G08265,0,0,0,0,0,0
AT3G08270,0,0,0,0,0,0
AT3G08275,0,0,0,0,0,0
AT3G08280,1,1,2,2,0,0
AT3G08285,0,0,0,0,0,0
AT3G08290,0,0,0,0,0,0
AT3G08295,0,0,0,0,0,0
AT3G08300,1,1,0,0,0,0
AT3G08310,0,0,0,0,0,0
AT3G08315,0,0,0,0,0,0
AT3G08325,0,0,0,0,0,0
AT3G08330,0,0,0,1,0,0
AT3G08335,0,0,0,0,0,0
AT3G08340,0,0,0,0,0,0
AT3G08345,0,0,0,0,0,0
AT3G08350,1,0,0,0,0,0
AT3G08355,0,0,0,0,0,0
AT3G08360,0,2,0,0,0,0
AT3G08365,104,168,110,111,72,96
AT3G08370,5,0,0,0,0,0
AT3G08380,0,0,0,0,0,0
AT3G08390,0,0,0,0,0,0
AT3G08395,0,0,0,0,0,0
AT3G08400,0,0,0,0,0,0
AT3G08405,0,0,0,0,0,0
AT3G08410,0,0,0,0,0,2
AT3G08415,0,0,0,1,1,0
AT3G08420,0,0,0,0,0,0
AT3G08425,0,0,0,2,0,0
AT3G08430,0,0,0,0,0,0
AT3G08435,0,0,0,0,0,0
AT3G08450,2,1,4,8,6,9
AT3G08455,0,0,0,0,0,0
AT3G08460,0,0,0,0,0,0
AT3G08465,0,0,0,0,0,0
AT3G08470,0,4,6,3,1,3
AT3G08475,1,0,0,1,1,0
AT3G08480,0,0,0,0,0,0
AT3G08485,2,2,2,0,1,0
AT3G08490,24,35,49,29,40,8
AT3G08495,0,0,0,0,0,0
AT3G08500,10,20,14,24,19,13
AT3G08505,39,37,26,44,15,35
AT3G08510,486,412,278,464,335,470
AT3G08515,0,1,0,1,0,1
AT3G08520,787,3005,1540,826,763,930
AT3G08525,2,1,0,1,1,0
AT3G08530,551,921,465,638,498,838
AT3G08535,0,0,0,0,0,0
AT3G08545,0,0,0,0,0,0
AT3G08550,345,553,322,485,330,399
AT3G08560,3,1,0,2,0,0
AT3G08570,85,109,24,102,49,62
AT3G08575,0,0,0,0,0,0
AT3G08580,30023,28450,22038,28460,19374,24550
AT3G08585,5,0,2,0,0,1
AT3G08590,45,336,185,53,20,73
AT3G08595,0,0,0,0,0,0
AT3G08600,143,158,102,120,100,128
AT3G08605,0,1,0,1,3,1
AT3G08610,2802,6224,3313,2635,1993,3073
AT3G08615,0,0,0,1,0,0
AT3G08620,142,92,92,123,112,71
AT3G08630,563,355,332,640,494,487
AT3G08635,0,0,0,0,0,0
AT3G08636,0,0,0,0,0,0
AT3G08640,299,341,286,336,260,291
AT3G08645,0,2,2,3,0,10
AT3G08650,679,413,358,488,359,602
AT3G08655,7,1,2,2,2,0
AT3G08660,5,2,0,7,0,3
AT3G08665,35,59,72,87,53,70
AT3G08670,221,196,258,319,251,239
AT3G08675,11,12,13,3,8,11
AT3G08680,677,435,283,742,504,534
AT3G08685,2,1,0,1,2,0
AT3G08690,582,910,510,498,326,548
AT3G08695,0,0,0,0,0,0
AT3G08700,0,0,0,0,0,0
AT3G08705,6,6,5,8,1,11
AT3G08710,215,579,401,168,185,289
AT3G08715,0,0,0,0,0,0
AT3G08720,115,130,80,103,114,160
AT3G08725,0,0,0,0,0,0
AT3G08730,544,367,356,423,497,526
AT3G08735,0,0,0,0,0,0
AT3G08740,253,304,177,172,120,163
AT3G08745,0,0,2,0,0,0
AT3G08750,1,0,1,1,4,4
AT3G08755,1,0,0,5,0,1
AT3G08760,263,223,187,253,167,269
AT3G08765,0,0,0,0,0,0
AT3G08770,0,0,0,2,0,0
AT3G08775,0,0,0,0,0,0
AT3G08780,328,332,244,272,194,294
AT3G08785,26,48,53,23,14,19
AT3G08790,0,0,0,0,0,0
AT3G08795,0,0,0,0,0,0
AT3G08800,17,20,36,42,41,44
AT3G08805,0,1,0,0,0,0
AT3G08810,0,4,1,0,0,0
AT3G08815,0,0,0,0,0,0
AT3G08820,1,8,13,14,12,18
AT3G08825,0,0,0,0,0,0
AT3G08835,8,7,7,3,0,4
AT3G08840,49,82,43,59,53,87
AT3G08845,0,0,0,0,0,0
AT3G08850,154,122,152,183,174,195
AT3G08855,0,0,0,0,0,0
AT3G08860,18,43,11,142,53,152
AT3G08870,0,0,0,0,0,0
AT3G08875,0,0,0,0,0,0
AT3G08880,98,209,96,135,83,119
AT3G08890,145,435,208,175,99,183
AT3G08895,5,26,12,6,8,8
AT3G08900,5,9,7,12,4,7
AT3G08905,0,0,0,0,0,0
AT3G08910,160,149,127,164,113,136
AT3G08915,0,0,2,0,0,0
AT3G08920,15,45,16,11,11,29
AT3G08925,0,0,1,0,0,0
AT3G08930,569,624,478,864,635,651
AT3G08935,1,0,0,0,0,0
AT3G08940,88,94,59,72,40,68
AT3G08943,294,240,187,374,258,383
AT3G08945,0,0,0,0,0,0
AT3G08947,93,34,67,76,57,78
AT3G08950,83,144,71,105,47,79
AT3G08960,112,162,69,113,85,164
AT3G08965,0,0,0,0,0,0
AT3G08970,0,4,3,0,1,4
AT3G08975,7,3,6,4,1,0
AT3G08980,55,185,101,97,57,45
AT3G08985,0,0,0,1,1,1
AT3G08990,25,44,37,18,25,22
AT3G09000,184,117,130,220,146,162
AT3G09005,0,0,0,0,0,0
AT3G09010,21,28,15,14,19,54
AT3G09015,0,0,0,0,0,0
AT3G09020,3,25,29,17,44,74
AT3G09025,0,0,0,0,0,0
AT3G09030,108,167,92,127,123,137
AT3G09032,62,87,52,49,48,75
AT3G09035,321,368,195,365,197,293
AT3G09040,3,19,8,14,15,6
AT3G09045,0,0,0,0,0,0
AT3G09050,16,24,15,30,27,37
AT3G09055,0,1,1,0,0,0
AT3G09060,10,12,12,12,18,19
AT3G09065,0,0,0,0,1,0
AT3G09070,30,35,53,57,29,34
AT3G09075,0,0,1,0,0,0
AT3G09080,3,17,12,6,5,8
AT3G09085,90,244,134,66,50,94
AT3G09090,141,238,107,256,208,207
AT3G09095,0,1,0,0,0,0
AT3G09100,214,204,129,287,150,312
AT3G09105,0,0,4,0,2,0
AT3G09110,1,0,3,0,0,0
AT3G09115,0,0,0,0,0,0
AT3G09120,0,0,3,0,0,0
AT3G09125,0,0,0,0,0,0
AT3G09130,0,0,0,0,0,0
AT3G09135,10,23,9,6,4,3
AT3G09140,0,0,0,0,0,0
AT3G09145,2,1,3,2,2,4
AT3G09150,41,88,68,56,40,51
AT3G09155,0,0,0,0,2,1
AT3G09160,1,0,0,0,0,0
AT3G09162,0,0,0,0,2,0
AT3G09175,0,0,0,0,0,0
AT3G09180,189,301,164,273,153,117
AT3G09185,0,0,0,0,0,0
AT3G09190,10,63,33,15,8,9
AT3G09195,0,0,0,0,0,0
AT3G09200,10054,7971,8489,12913,9720,11368
AT3G09205,0,0,0,0,0,0
AT3G09210,99,138,50,88,55,74
AT3G09220,8,142,124,6,12,122
AT3G09225,0,2,0,0,0,0
AT3G09230,74,67,57,88,68,79
AT3G09240,0,14,6,0,0,2
AT3G09245,0,1,0,0,0,0
AT3G09250,55,183,140,81,51,97
AT3G09255,0,0,0,0,0,0
AT3G09260,2057,3923,4086,2998,1364,5440
AT3G09265,0,1,0,0,0,0
AT3G09270,495,1177,611,771,655,753
AT3G09275,72,30,25,71,18,130
AT3G09280,9,4,4,13,16,5
AT3G09285,0,0,0,0,0,0
AT3G09290,12,28,23,3,2,11
AT3G09295,0,1,0,0,1,0
AT3G09300,1044,1099,719,1132,707,890
AT3G09305,1,5,4,0,1,0
AT3G09310,80,145,97,98,64,85
AT3G09315,0,0,0,0,0,0
AT3G09320,258,344,285,284,262,299
AT3G09325,0,0,0,0,0,0
AT3G09330,21,46,21,7,17,9
AT3G09335,1,1,2,0,0,0
AT3G09340,0,0,0,0,0,0
AT3G09345,1,4,2,1,2,0
AT3G09350,199,203,138,185,145,127
AT3G09355,0,0,0,0,0,0
AT3G09360,158,282,98,156,129,164
AT3G09365,0,0,0,0,0,0
AT3G09370,120,56,44,86,68,67
AT3G09380,0,0,0,0,0,0
AT3G09390,1205,792,187,1596,1084,1157
AT3G09395,0,0,0,0,0,1
AT3G09400,0,0,0,0,1,0
AT3G09405,13,10,10,10,7,22
AT3G09410,163,248,131,156,148,141
AT3G09415,0,0,0,1,0,0
AT3G09425,0,0,0,0,0,0
AT3G09430,30,45,30,24,17,21
AT3G09435,0,0,0,0,0,0
AT3G09440,1548,757,494,2273,1567,1320
AT3G09445,0,0,0,0,0,0
AT3G09450,3,0,0,1,0,5
AT3G09455,294,864,412,258,247,296
AT3G09465,0,0,0,0,0,0
AT3G09470,440,729,427,360,254,527
AT3G09475,0,0,0,0,0,1
AT3G09480,13,23,18,29,9,30
AT3G09485,2,0,1,1,0,0
AT3G09490,57,123,85,66,66,133
AT3G09495,10,2,4,2,4,7
AT3G09500,8849,15311,8872,6879,5958,7433
AT3G09505,0,0,0,0,0,0
AT3G09510,0,0,0,0,0,0
AT3G09515,0,0,0,0,0,0
AT3G09520,0,0,0,0,0,0
AT3G09525,1,0,0,0,0,1
AT3G09530,0,0,0,0,0,0
AT3G09540,27,31,14,23,20,9
AT3G09545,0,1,0,2,0,0
AT3G09550,0,1,0,2,2,0
AT3G09555,0,0,0,0,0,1
AT3G09560,65,95,34,76,69,87
AT3G09565,1,0,1,0,0,0
AT3G09570,421,322,333,461,244,447
AT3G09575,0,0,0,0,0,0
AT3G09580,39,9,12,19,19,12
AT3G09585,0,0,0,0,0,0
AT3G09590,1,0,1,0,0,0
AT3G09595,0,0,0,0,0,0
AT3G09600,169,341,213,15,19,43
AT3G09605,0,0,0,0,0,0
AT3G09615,0,6,2,1,1,2
AT3G09620,4,0,5,0,0,2
AT3G09625,1,0,1,0,0,1
AT3G09630,3111,2377,2639,4070,2559,3455
AT3G09635,3,0,1,1,0,1
AT3G09640,0,2,0,0,0,0
AT3G09645,1,1,1,0,0,1
AT3G09650,20,12,35,60,43,54
AT3G09655,6,4,3,2,3,1
AT3G09660,33,19,27,20,9,5
AT3G09665,0,0,0,2,0,0
AT3G09670,195,150,89,186,162,145
AT3G09675,0,0,0,0,0,0
AT3G09680,17,44,17,19,10,15
AT3G09685,11,18,17,10,5,17
AT3G09690,171,290,178,245,156,217
AT3G09695,0,0,0,1,0,0
AT3G09700,195,460,194,210,185,191
AT3G09705,0,0,0,0,0,0
AT3G09710,27,32,30,30,37,48
AT3G09720,251,184,140,208,179,206
AT3G09725,3,2,1,0,3,1
AT3G09730,73,103,75,74,67,54
AT3G09735,1767,3807,2140,1491,1123,1659
AT3G09740,1136,1760,1108,1191,861,1268
AT3G09745,20,33,23,18,29,51
AT3G09750,0,1,0,0,0,0
AT3G09755,0,0,0,0,0,0
AT3G09760,164,162,77,107,76,114
AT3G09765,0,0,0,0,0,0
AT3G09770,287,327,221,205,180,228
AT3G09775,3,0,1,0,1,0
AT3G09780,56,32,18,21,37,32
AT3G09785,0,0,0,0,0,0
AT3G09790,4,9,8,6,11,11
AT3G09795,153,274,149,156,126,207
AT3G09800,89,343,114,176,125,150
AT3G09810,201,455,226,177,125,221
AT3G09815,3,1,2,0,0,0
AT3G09820,3335,5541,3278,3556,2032,3032
AT3G09825,0,0,0,0,0,0
AT3G09830,70,84,44,39,45,98
AT3G09835,0,0,0,0,0,0
AT3G09840,2388,1661,1022,2467,1820,2234
AT3G09845,0,0,0,0,0,0
AT3G09850,344,331,118,340,232,286
AT3G09855,8,37,19,9,14,17
AT3G09860,1217,2329,1160,828,683,938
AT3G09863,0,0,0,0,0,0
AT3G09865,0,0,0,0,0,0
AT3G09870,0,0,0,4,0,0
AT3G09875,86,148,111,208,130,150
AT3G09880,72,103,83,103,99,122
AT3G09890,385,362,273,355,260,264
AT3G09895,15,24,13,29,13,16
AT3G09900,568,755,383,518,412,484
AT3G09905,2,0,1,2,0,0
AT3G09910,27,63,24,41,45,60
AT3G09920,71,69,36,87,79,133
AT3G09922,1,4,0,0,0,2
AT3G09925,80,809,353,138,220,396
AT3G09930,0,0,0,0,0,0
AT3G09935,0,3,3,1,1,0
AT3G09940,321,380,269,433,392,464
AT3G09945,0,0,0,0,0,0
AT3G09950,0,8,0,7,0,0
AT3G09955,6,1,4,6,3,1
AT3G09960,4,42,20,16,10,24
AT3G09965,6,7,15,13,5,9
AT3G09970,167,311,135,182,135,182
AT3G09980,414,688,394,425,327,458
AT3G09985,0,0,0,1,0,1
AT3G09990,0,1,0,0,0,0
AT3G09995,2,2,0,4,6,5
AT3G10000,0,0,0,0,0,0
AT3G10010,63,70,45,81,54,117
AT3G10015,0,0,0,0,0,0
AT3G10020,1046,1350,845,1433,818,2359
AT3G10030,288,264,176,253,244,229
AT3G10035,0,0,0,0,0,0
AT3G10040,21,19,5,31,39,41
AT3G10050,244,140,179,287,153,269
AT3G10060,31,26,19,4,22,8
AT3G10070,21,28,30,49,40,8
AT3G10080,139,314,325,123,142,109
AT3G10090,1335,3128,1677,1021,976,1311
AT3G10110,97,179,110,137,81,120
AT3G10113,7,0,0,0,0,0
AT3G10116,0,0,0,0,0,0
AT3G10120,11,41,18,10,13,41
AT3G10130,44,121,62,64,49,101
AT3G10140,192,209,80,129,97,117
AT3G10150,0,0,1,1,2,0
AT3G10160,106,219,86,173,160,103
AT3G10180,51,94,45,57,52,56
AT3G10185,0,1,0,0,0,0
AT3G10190,273,245,187,228,233,333
AT3G10195,0,3,5,4,0,0
AT3G10200,161,166,154,123,92,172
AT3G10210,320,408,309,278,159,327
AT3G10220,533,601,398,579,400,507
AT3G10230,226,454,271,229,171,279
AT3G10240,2,0,0,1,0,0
AT3G10250,477,754,494,432,325,566
AT3G10260,238,645,434,268,194,461
AT3G10270,99,133,60,91,98,93
AT3G10280,0,0,0,0,0,0
AT3G10290,4,13,11,1,0,7
AT3G10300,64,65,47,131,106,205
AT3G10310,61,108,25,55,37,81
AT3G10320,26,27,34,18,16,79
AT3G10330,291,308,209,259,197,260
AT3G10340,319,348,206,176,196,329
AT3G10350,155,253,133,152,136,153
AT3G10360,70,120,60,86,62,77
AT3G10370,68,111,61,95,70,85
AT3G10380,195,242,167,203,230,236
AT3G10390,61,104,42,126,66,75
AT3G10400,59,93,83,96,50,96
AT3G10405,85,95,66,69,50,97
AT3G10410,676,831,407,862,497,820
AT3G10415,0,0,0,0,0,0
AT3G10420,135,105,65,98,114,110
AT3G10430,0,0,0,0,0,0
AT3G10439,0,0,0,0,0,0
AT3G10440,21,42,18,26,9,34
AT3G10450,43,26,28,131,97,99
AT3G10455,0,0,0,2,0,1
AT3G10460,0,0,0,0,0,0
AT3G10470,7,25,28,25,7,30
AT3G10480,210,153,162,266,208,215
AT3G10490,251,135,144,343,228,234
AT3G10500,126,210,140,153,143,342
AT3G10510,0,4,2,5,1,0
AT3G10520,142,372,138,214,166,169
AT3G10525,48,88,60,73,61,112
AT3G10527,23,15,27,24,17,36
AT3G10530,153,207,83,175,173,142
AT3G10540,199,230,160,209,89,170
AT3G10550,15,104,66,57,45,137
AT3G10560,0,2,0,0,0,0
AT3G10570,5,2,2,2,1,3
AT3G10572,158,212,150,115,65,109
AT3G10580,2,0,0,0,0,0
AT3G10585,0,0,0,0,0,0
AT3G10590,0,0,0,4,1,1
AT3G10595,0,0,0,0,0,0
AT3G10600,5,1,7,3,4,6
AT3G10605,4,4,1,0,1,0
AT3G10610,1656,2748,1614,1231,1042,1137
AT3G10620,393,379,299,298,184,287
AT3G10630,145,212,109,115,109,122
AT3G10640,240,434,315,335,200,367
AT3G10650,227,178,132,207,204,189
AT3G10660,21,87,39,50,67,81
AT3G10670,144,170,122,132,88,146
AT3G10680,8,28,10,13,14,16
AT3G10690,80,170,133,122,94,98
AT3G10700,109,143,98,138,82,99
AT3G10710,0,30,7,4,67,50
AT3G10720,127,102,111,360,128,187
AT3G10730,101,122,95,137,99,108
AT3G10740,300,598,354,414,410,727
AT3G10745,1,0,0,0,0,0
AT3G10750,15,3,7,1,1,23
AT3G10760,161,298,189,145,149,192
AT3G10770,1191,916,699,854,681,810
AT3G10780,18,35,9,9,6,7
AT3G10790,0,0,0,0,0,0
AT3G10800,161,123,99,178,139,184
AT3G10810,211,174,193,214,224,239
AT3G10815,53,11,32,29,25,79
AT3G10820,26,64,18,35,23,60
AT3G10840,2,1,4,10,1,2
AT3G10845,0,0,0,0,0,0
AT3G10850,1080,1426,759,920,697,915
AT3G10860,3165,7687,4161,2718,2376,3152
AT3G10870,1,11,5,8,3,0
AT3G10880,12,26,13,15,12,1
AT3G10890,0,0,0,1,0,1
AT3G10900,0,0,0,0,0,0
AT3G10910,39,143,115,22,36,62
AT3G10915,279,483,372,214,168,297
AT3G10920,1472,3079,1621,1640,1172,1617
AT3G10930,74,6,8,7,13,289
AT3G10940,440,415,184,301,203,323
AT3G10950,0,0,0,0,0,0
AT3G10960,36,32,24,21,15,42
AT3G10970,73,220,70,97,74,117
AT3G10974,0,0,0,0,0,0
AT3G10980,280,348,187,283,186,249
AT3G10985,428,2158,1641,563,469,1917
AT3G10986,5,5,1,13,13,17
AT3G10990,0,0,0,0,0,0
AT3G11000,0,1,1,0,0,4
AT3G11010,5,43,19,15,14,36
AT3G11020,12,15,10,7,7,6
AT3G11030,83,133,102,127,121,167
AT3G11040,41,24,18,45,21,28
AT3G11050,6,37,16,11,7,2
AT3G11060,0,0,0,0,0,0
AT3G11070,441,428,232,387,294,325
AT3G11080,6,3,11,16,8,48
AT3G11090,6,3,0,1,2,0
AT3G11100,157,328,196,209,165,218
AT3G11110,10,0,2,1,1,6
AT3G11120,1601,5265,2473,1343,1316,1504
AT3G11130,721,1023,554,717,647,1078
AT3G11150,8,11,1,18,18,16
AT3G11160,0,0,0,0,0,0
AT3G11165,0,0,0,0,0,1
AT3G11170,147,224,107,205,130,160
AT3G11180,0,0,0,0,0,0
AT3G11200,685,1107,676,734,441,717
AT3G11210,18,26,10,27,7,15
AT3G11220,191,143,125,194,136,185
AT3G11230,176,275,201,141,110,214
AT3G11240,81,68,69,63,56,102
AT3G11250,884,1630,867,973,635,835
AT3G11260,77,84,46,94,73,102
AT3G11270,273,387,237,254,188,215
AT3G11280,238,432,302,202,237,198
AT3G11285,0,0,0,0,0,0
AT3G11290,175,145,79,139,113,131
AT3G11300,0,0,0,0,0,0
AT3G11310,0,0,0,0,0,0
AT3G11320,382,706,385,472,365,633
AT3G11325,0,0,0,5,0,0
AT3G11330,437,325,197,479,352,327
AT3G11340,1436,1033,827,1998,1359,2949
AT3G11350,0,2,0,2,4,0
AT3G11370,70,45,61,152,143,183
AT3G11380,0,0,0,0,0,0
AT3G11385,122,33,59,147,137,179
AT3G11390,32,17,14,38,33,42
AT3G11395,0,0,0,0,0,0
AT3G11397,244,468,280,218,232,256
AT3G11400,1496,2313,1284,1367,833,1303
AT3G11402,6,22,7,12,7,15
AT3G11405,0,0,0,0,0,0
AT3G11410,168,221,114,185,79,513
AT3G11415,3,0,0,0,0,6
AT3G11420,379,304,257,289,262,495
AT3G11430,0,3,2,0,0,8
AT3G11435,0,0,0,0,0,1
AT3G11440,37,43,25,43,56,32
AT3G11450,1491,1819,840,1525,1219,1438
AT3G11460,3,5,12,15,12,17
AT3G11470,54,94,59,39,46,72
AT3G11480,0,1,1,2,0,0
AT3G11490,188,320,149,183,224,189
AT3G11500,812,2225,1031,663,518,678
AT3G11505,0,0,0,0,0,0
AT3G11510,6457,13990,7350,6443,5097,5805
AT3G11520,151,416,209,191,114,180
AT3G11530,302,619,427,260,204,332
AT3G11540,494,212,201,381,314,367
AT3G11550,252,685,448,514,344,302
AT3G11560,98,209,96,125,121,231
AT3G11570,21,58,33,51,50,78
AT3G11580,14,82,31,29,46,30
AT3G11590,189,350,140,193,173,207
AT3G11591,38,69,31,20,12,33
AT3G11600,73,374,332,68,83,282
AT3G11620,137,288,118,135,92,187
AT3G11630,1181,2126,1593,1341,1066,1122
AT3G11640,40,36,40,21,17,27
AT3G11650,80,235,153,61,68,114
AT3G11660,296,1598,1274,394,231,238
AT3G11670,88,65,39,85,59,80
AT3G11680,0,0,0,0,0,0
AT3G11690,261,441,365,221,249,402
AT3G11700,193,237,200,273,213,359
AT3G11710,820,801,393,887,483,758
AT3G11720,25,41,22,7,9,25
AT3G11730,507,1041,524,564,343,456
AT3G11740,0,0,0,0,0,0
AT3G11745,31,82,47,23,28,48
AT3G11750,6,15,11,4,3,1
AT3G11760,154,132,61,117,87,140
AT3G11770,189,329,193,156,94,196
AT3G11773,4,6,5,4,1,11
AT3G11780,371,1167,752,316,239,565
AT3G11800,706,1139,905,786,570,827
AT3G11810,245,418,272,237,192,367
AT3G11820,169,164,149,171,143,185
AT3G11825,0,0,0,0,0,0
AT3G11830,712,941,460,812,483,658
AT3G11840,3,11,19,13,14,64
AT3G11850,40,82,42,52,41,66
AT3G11860,0,2,0,0,0,0
AT3G11870,5,0,0,1,4,0
AT3G11880,186,206,153,169,149,137
AT3G11890,223,229,135,170,109,189
AT3G11900,153,218,112,135,94,133
AT3G11910,484,488,346,540,426,576
AT3G11920,0,0,0,0,0,0
AT3G11930,2177,1276,1124,2506,2675,2575
AT3G11940,10399,10054,10649,9149,6599,8622
AT3G11945,252,376,208,287,193,264
AT3G11950,56,77,26,63,61,78
AT3G11960,122,84,77,114,120,154
AT3G11964,313,131,104,189,156,238
AT3G11980,0,0,0,2,0,0
AT3G11990,0,0,0,0,0,0
AT3G12000,0,0,0,0,0,0
AT3G12010,299,363,173,280,258,227
AT3G12020,462,569,439,468,387,542
AT3G12030,286,548,379,367,305,399
AT3G12040,91,104,85,61,34,112
AT3G12050,487,676,357,549,329,427
AT3G12060,25,45,42,37,23,36
AT3G12070,89,127,51,114,67,68
AT3G12080,115,104,64,130,56,103
AT3G12090,689,803,491,428,468,395
AT3G12100,122,238,106,127,92,149
AT3G12110,658,428,455,551,390,414
AT3G12120,26251,13603,7490,20931,18837,15882
AT3G12130,492,622,430,523,371,419
AT3G12140,243,393,267,358,255,348
AT3G12145,32,41,40,38,34,17
AT3G12150,240,262,165,178,95,155
AT3G12160,0,3,2,0,0,2
AT3G12170,102,144,71,81,61,50
AT3G12180,297,801,476,390,222,300
AT3G12190,0,0,0,6,0,0
AT3G12200,185,177,158,170,119,108
AT3G12203,0,0,0,0,0,4
AT3G12210,236,207,166,223,95,188
AT3G12220,223,164,75,592,409,533
AT3G12230,55,29,6,442,228,456
AT3G12240,96,179,35,284,101,134
AT3G12250,117,117,94,121,99,87
AT3G12260,2030,4135,2692,1941,1249,1973
AT3G12270,207,160,98,175,200,172
AT3G12280,102,156,125,245,147,203
AT3G12290,985,1378,781,1030,693,1115
AT3G12300,198,381,178,178,125,258
AT3G12320,98,145,65,59,37,25
AT3G12340,168,231,153,203,132,187
AT3G12345,64,98,75,38,46,50
AT3G12350,156,179,136,141,127,159
AT3G12360,184,285,165,194,145,186
AT3G12370,235,331,287,237,191,194
AT3G12380,134,86,73,137,71,107
AT3G12385,0,0,0,0,0,0
AT3G12390,1062,2386,1278,1397,964,1206
AT3G12400,251,158,139,217,159,230
AT3G12410,0,0,0,0,0,3
AT3G12420,0,0,0,0,0,0
AT3G12430,0,0,0,0,0,0
AT3G12440,0,0,0,0,0,0
AT3G12460,0,0,0,0,0,0
AT3G12470,0,0,0,0,0,0
AT3G12480,434,420,243,439,276,495
AT3G12490,1409,2124,1194,1310,867,1436
AT3G12500,78,193,127,67,92,582
AT3G12502,24,42,23,18,17,136
AT3G12510,39,55,50,64,29,49
AT3G12520,39,23,23,34,64,44
AT3G12530,67,107,73,89,49,69
AT3G12540,14,58,8,10,23,35
AT3G12545,4,0,0,0,0,0
AT3G12550,79,115,46,54,63,73
AT3G12560,184,360,128,233,164,262
AT3G12570,485,514,257,508,368,482
AT3G12580,56,49,26,64,66,92
AT3G12585,0,0,0,0,1,0
AT3G12587,1077,2328,1272,770,694,955
AT3G12590,86,161,68,164,144,141
AT3G12600,767,702,641,848,637,748
AT3G12610,1368,1644,1099,2067,1446,1422
AT3G12620,230,248,133,277,168,388
AT3G12630,1031,1839,1309,923,715,1446
AT3G12640,174,155,97,171,107,200
AT3G12650,299,581,288,311,270,294
AT3G12660,4,1,0,0,3,0
AT3G12670,387,307,190,419,297,276
AT3G12680,217,212,163,280,226,274
AT3G12685,0,36,8,16,6,10
AT3G12690,18,28,15,23,32,17
AT3G12700,119,77,49,186,99,272
AT3G12710,372,544,276,395,312,322
AT3G12720,0,0,0,6,0,2
AT3G12730,46,105,88,33,28,97
AT3G12740,494,550,509,497,345,623
AT3G12750,103,38,34,65,54,78
AT3G12760,724,1063,460,873,619,723
AT3G12770,25,23,16,34,12,28
AT3G12775,0,0,0,0,0,0
AT3G12780,380,414,274,479,232,327
AT3G12800,934,1368,740,967,750,893
AT3G12810,140,137,84,130,102,165
AT3G12820,16,53,34,13,15,28
AT3G12830,57,200,130,21,18,49
AT3G12833,2,1,1,3,1,1
AT3G12835,0,0,0,0,0,0
AT3G12840,0,0,0,0,0,0
AT3G12850,0,0,0,0,0,0
AT3G12860,249,364,243,282,263,238
AT3G12870,74,348,188,84,75,144
AT3G12880,13,7,6,7,8,16
AT3G12890,4,5,0,0,4,0
AT3G12900,0,0,0,0,0,0
AT3G12910,0,0,0,0,0,0
AT3G12915,2,1,10,8,6,12
AT3G12920,843,588,493,847,602,1011
AT3G12930,143,148,119,115,68,146
AT3G12940,95,134,68,86,90,98
AT3G12950,389,378,230,351,329,274
AT3G12955,35,81,42,62,28,41
AT3G12960,8,4,3,8,1,10
AT3G12965,2543,7120,3607,1842,1608,2141
AT3G12970,334,105,168,306,265,263
AT3G12977,34,112,118,35,16,154
AT3G12980,194,162,168,204,182,254
AT3G12990,116,248,113,139,90,139
AT3G13000,163,200,107,146,88,111
AT3G13010,1,4,2,0,0,0
AT3G13020,0,3,0,9,6,4
AT3G13030,170,149,92,163,106,115
AT3G13040,589,524,374,313,223,332
AT3G13050,66,111,80,90,52,130
AT3G13060,386,446,263,508,324,339
AT3G13061,31,65,35,47,43,48
AT3G13062,160,165,115,152,108,140
AT3G13065,10,9,0,2,9,7
AT3G13070,232,265,101,229,233,169
AT3G13075,5,4,0,4,4,4
AT3G13080,370,233,114,235,209,332
AT3G13090,14,22,10,28,24,74
AT3G13100,4,29,16,16,26,31
AT3G13110,617,935,728,596,378,583
AT3G13120,491,861,468,459,247,319
AT3G13130,0,0,0,0,0,0
AT3G13140,0,4,0,4,0,1
AT3G13150,54,88,53,61,47,51
AT3G13160,243,406,247,364,163,229
AT3G13170,30,33,13,23,20,21
AT3G13175,333,601,320,219,195,243
AT3G13180,87,86,75,79,62,77
AT3G13190,157,211,79,131,79,117
AT3G13200,1018,1739,1042,1052,712,1014
AT3G13210,0,0,3,2,0,0
AT3G13220,0,0,0,0,0,0
AT3G13222,362,236,151,289,240,237
AT3G13223,0,0,0,0,0,0
AT3G13224,269,265,136,279,247,331
AT3G13225,98,57,81,114,69,92
AT3G13226,181,143,76,145,106,124
AT3G13227,0,1,1,0,1,0
AT3G13228,0,0,0,0,0,0
AT3G13229,0,0,0,0,0,0
AT3G13230,470,427,405,478,317,484
AT3G13235,244,310,179,393,246,386
AT3G13240,22,32,14,19,17,17
AT3G13275,69,117,66,48,34,91
AT3G13276,0,0,1,1,0,0
AT3G13277,112,46,59,55,94,132
AT3G13280,0,0,1,0,0,0
AT3G13290,95,81,62,64,101,96
AT3G13300,663,626,572,582,439,727
AT3G13310,1592,1033,845,540,371,3387
AT3G13320,231,273,211,300,231,375
AT3G13330,119,177,150,92,157,235
AT3G13335,0,0,0,0,0,0
AT3G13340,733,696,384,719,579,626
AT3G13350,294,329,215,321,206,302
AT3G13360,288,339,154,208,195,309
AT3G13370,0,0,0,0,0,0
AT3G13380,64,37,18,38,45,59
AT3G13390,0,1,0,2,0,0
AT3G13400,0,0,0,3,2,0
AT3G13403,0,2,0,0,0,1
AT3G13404,13,9,11,5,10,10
AT3G13405,4,1,2,0,0,0
AT3G13410,1417,2218,1405,1666,1103,1564
AT3G13420,54,80,28,46,9,31
AT3G13430,151,274,171,137,103,204
AT3G13432,18,96,75,9,20,89
AT3G13433,0,0,1,0,0,0
AT3G13435,360,1162,850,291,250,1023
AT3G13437,2,19,9,6,7,20
AT3G13440,838,484,441,725,624,767
AT3G13445,371,518,364,329,223,382
AT3G13450,70,217,119,173,55,220
AT3G13460,2180,1470,954,2434,1814,2004
AT3G13470,364,251,226,408,258,377
AT3G13480,87,107,50,73,49,67
AT3G13490,195,229,113,248,152,199
AT3G13500,0,8,1,0,0,3
AT3G13510,257,163,143,149,103,154
AT3G13520,3332,5100,3338,2656,2828,3591
AT3G13525,2,3,0,0,0,0
AT3G13530,53,151,50,143,68,107
AT3G13540,0,0,0,0,0,0
AT3G13550,175,303,188,145,104,231
AT3G13560,184,315,209,228,166,197
AT3G13570,1020,580,569,922,598,753
AT3G13580,1121,778,798,1096,758,1170
AT3G13590,25,18,12,6,9,11
AT3G13600,34,41,14,52,52,72
AT3G13610,123,246,136,87,79,350
AT3G13620,100,120,70,110,78,67
AT3G13630,0,0,0,0,0,0
AT3G13640,0,3,9,0,0,1
AT3G13650,58,255,124,112,94,237
AT3G13660,0,1,0,0,0,0
AT3G13662,0,0,0,0,0,0
AT3G13670,313,339,210,403,302,401
AT3G13672,72,115,80,90,64,117
AT3G13674,108,284,127,81,69,90
AT3G13677,105,247,114,84,72,117
AT3G13680,0,0,0,0,0,0
AT3G13682,14,34,11,17,18,19
AT3G13690,128,76,54,65,70,107
AT3G13700,34,186,0,173,38,0
AT3G13710,152,208,263,0,110,344
AT3G13720,300,583,467,283,228,438
AT3G13724,0,0,0,0,0,0
AT3G13730,111,80,60,84,86,73
AT3G13740,125,177,108,141,124,126
AT3G13750,478,323,258,368,316,300
AT3G13760,189,201,191,187,217,100
AT3G13770,35,18,11,32,5,14
AT3G13772,939,1008,540,1165,693,828
AT3G13780,121,79,60,82,78,139
AT3G13782,34,44,31,23,24,52
AT3G13784,10,10,4,9,1,8
AT3G13790,458,320,262,958,405,867
AT3G13800,129,56,108,79,61,97
AT3G13810,35,19,20,0,11,11
AT3G13820,0,0,0,0,0,0
AT3G13830,0,0,0,0,0,0
AT3G13840,0,0,0,1,0,0
AT3G13845,458,743,529,476,362,455
AT3G13850,0,0,0,0,0,0
AT3G13855,0,0,0,0,0,0
AT3G13857,1,6,1,0,0,0
AT3G13860,165,261,167,329,162,259
AT3G13870,632,681,403,669,435,509
AT3G13880,16,8,3,26,4,21
AT3G13882,1314,1871,1274,1138,833,1111
AT3G13890,0,0,0,0,0,0
AT3G13898,0,0,0,4,0,0
AT3G13900,0,6,4,3,3,9
AT3G13910,74,293,218,48,44,162
AT3G13920,3744,4324,2439,3881,2392,3253
AT3G13930,475,784,414,629,438,463
AT3G13940,189,375,173,231,158,228
AT3G13950,5,26,29,1,3,63
AT3G13960,0,0,0,0,3,0
AT3G13970,53,148,121,64,42,70
AT3G13980,15,73,71,26,43,29
AT3G13990,226,154,126,275,174,201
AT3G14000,191,245,151,210,130,170
AT3G14010,822,433,351,645,551,630
AT3G14020,20,44,35,12,14,19
AT3G14030,2,2,0,0,0,4
AT3G14040,0,0,0,0,0,0
AT3G14050,108,211,143,170,104,179
AT3G14060,1,103,109,8,12,126
AT3G14067,347,321,267,279,271,385
AT3G14070,11,10,6,25,18,26
AT3G14075,57,78,54,82,49,79
AT3G14080,232,555,206,208,216,262
AT3G14090,65,69,55,75,73,118
AT3G14100,847,973,605,785,601,784
AT3G14110,470,384,240,384,288,381
AT3G14120,165,146,82,142,145,150
AT3G14130,113,125,64,100,80,126
AT3G14140,0,2,1,1,1,0
AT3G14150,119,130,43,100,75,113
AT3G14160,36,20,23,42,19,29
AT3G14170,16,47,33,28,31,48
AT3G14172,135,169,120,147,168,175
AT3G14180,273,252,169,330,180,275
AT3G14185,5,33,30,4,4,65
AT3G14190,153,537,245,154,104,218
AT3G14200,140,129,68,150,128,178
AT3G14205,94,125,107,120,75,156
AT3G14210,1,1,0,3,4,0
AT3G14220,139,229,111,158,77,124
AT3G14225,0,9,4,3,1,24
AT3G14230,892,723,518,1416,1010,1424
AT3G14240,430,226,202,464,296,363
AT3G14250,0,0,3,0,0,0
AT3G14260,290,644,663,580,297,716
AT3G14270,77,139,89,79,59,152
AT3G14280,598,2096,1479,593,386,777
AT3G14290,1296,2408,1218,1179,920,1093
AT3G14300,0,0,0,1,0,0
AT3G14310,913,757,732,1158,846,786
AT3G14320,0,0,0,0,0,0
AT3G14330,45,18,35,42,19,23
AT3G14340,11,30,21,16,22,18
AT3G14350,482,348,257,380,345,325
AT3G14360,64,36,41,81,39,57
AT3G14362,688,265,281,724,563,749
AT3G14370,55,32,32,95,67,96
AT3G14380,1,0,0,0,0,0
AT3G14385,0,0,0,0,0,0
AT3G14390,337,431,353,497,340,299
AT3G14395,1,8,2,2,0,4
AT3G14400,286,303,161,282,293,252
AT3G14410,238,379,215,270,148,226
AT3G14415,326,259,203,331,193,295
AT3G14420,5,2,0,0,7,0
AT3G14430,473,1219,741,363,379,554
AT3G14440,105,158,97,86,141,870
AT3G14450,0,0,0,1,0,0
AT3G14452,0,0,0,0,0,0
AT3G14460,4,6,2,10,0,12
AT3G14463,0,2,2,0,0,0
AT3G14467,0,0,0,0,0,0
AT3G14470,9,39,37,18,42,53
AT3G14475,0,0,0,0,1,0
AT3G14480,0,0,0,0,0,0
AT3G14490,0,0,1,0,0,0
AT3G14510,59,47,46,95,63,40
AT3G14520,0,0,0,0,0,0
AT3G14530,113,221,118,109,49,68
AT3G14540,66,106,55,56,31,39
AT3G14550,17,42,35,8,17,15
AT3G14560,50,393,194,52,31,151
AT3G14570,28,57,32,18,28,22
AT3G14580,8,39,12,19,21,20
AT3G14590,25,52,40,35,25,119
AT3G14595,422,789,569,315,300,562
AT3G14600,4103,5880,3394,3610,3018,3453
AT3G14610,397,217,189,505,380,347
AT3G14620,12,1,11,31,42,62
AT3G14630,0,0,0,0,2,1
AT3G14640,0,0,1,0,4,1
AT3G14650,9,36,37,20,19,40
AT3G14660,231,359,213,189,200,462
AT3G14670,0,1,2,0,0,0
AT3G14680,73,138,140,73,62,571
AT3G14690,67,108,85,86,50,149
AT3G14700,0,0,0,0,0,0
AT3G14710,0,0,0,0,0,0
AT3G14720,207,179,140,230,163,184
AT3G14730,11,5,14,27,20,16
AT3G14735,0,0,0,0,0,0
AT3G14740,182,261,119,169,108,84
AT3G14750,99,152,75,61,37,111
AT3G14760,0,0,0,0,0,0
AT3G14770,2,28,35,26,3,32
AT3G14780,62,65,127,73,90,69
AT3G14790,277,311,170,325,240,284
AT3G14810,0,0,6,0,0,10
AT3G14820,0,0,0,0,0,0
AT3G14830,176,205,156,208,133,255
AT3G14840,315,308,173,325,256,347
AT3G14850,22,15,11,6,3,13
AT3G14855,0,0,0,0,0,0
AT3G14860,231,273,176,230,197,280
AT3G14870,62,89,26,70,44,51
AT3G14880,0,2,2,0,0,0
AT3G14890,203,244,119,203,134,149
AT3G14900,42,22,19,30,21,27
AT3G14910,163,155,85,137,79,137
AT3G14920,25,132,56,62,30,105
AT3G14930,174,202,116,213,161,186
AT3G14940,376,678,304,194,153,584
AT3G14950,0,2,1,1,0,0
AT3G14960,188,153,140,204,149,206
AT3G14970,0,0,0,0,0,0
AT3G14980,162,186,97,154,112,154
AT3G14981,1,2,1,2,2,1
AT3G14990,12060,10001,8437,12577,8090,11137
AT3G15000,992,801,849,976,597,873
AT3G15010,317,334,178,286,208,228
AT3G15020,109,358,182,232,157,176
AT3G15030,27,8,11,6,7,13
AT3G15040,134,197,141,125,100,120
AT3G15050,2,29,5,1,1,0
AT3G15055,0,0,0,0,0,0
AT3G15060,163,180,154,136,94,145
AT3G15070,131,247,159,195,134,325
AT3G15080,145,274,157,189,146,180
AT3G15090,161,176,127,114,82,85
AT3G15095,253,223,153,234,186,236
AT3G15110,55,51,25,37,32,30
AT3G15111,0,0,0,0,0,0
AT3G15115,93,160,114,156,118,127
AT3G15120,273,226,161,223,151,301
AT3G15130,11,13,11,6,19,18
AT3G15140,47,112,43,64,56,63
AT3G15150,115,183,76,68,55,75
AT3G15160,143,119,119,146,136,162
AT3G15170,0,0,0,0,0,0
AT3G15180,112,134,89,156,70,129
AT3G15190,175,323,168,198,129,202
AT3G15200,13,21,7,9,2,14
AT3G15210,395,287,216,168,111,726
AT3G15220,141,121,86,128,133,83
AT3G15240,1747,2116,1145,1224,930,877
AT3G15250,62,54,63,29,23,48
AT3G15251,0,0,0,0,0,0
AT3G15260,503,769,364,474,441,435
AT3G15270,13,5,5,16,12,9
AT3G15280,0,0,0,1,0,0
AT3G15290,353,399,239,334,286,406
AT3G15300,85,74,94,76,93,168
AT3G15340,149,126,27,125,92,152
AT3G15350,88,148,76,100,108,127
AT3G15351,201,392,229,188,106,210
AT3G15352,177,409,254,160,122,149
AT3G15353,875,1268,783,401,564,937
AT3G15354,97,154,38,15,39,26
AT3G15355,118,103,68,149,92,185
AT3G15356,28,56,60,23,12,41
AT3G15357,304,590,340,296,237,342
AT3G15358,90,116,71,59,37,100
AT3G15359,0,0,0,0,0,0
AT3G15360,122,141,165,102,96,144
AT3G15370,0,0,0,0,0,0
AT3G15380,331,244,170,312,231,267
AT3G15390,58,82,48,72,47,124
AT3G15395,313,523,293,186,153,206
AT3G15400,15,11,6,6,6,9
AT3G15410,330,544,300,410,311,354
AT3G15420,60,156,107,55,50,72
AT3G15430,251,195,166,234,315,324
AT3G15440,8,4,4,23,16,33
AT3G15450,6855,8880,9010,9361,5904,13442
AT3G15460,106,210,228,176,136,128
AT3G15470,54,118,81,108,85,144
AT3G15480,796,1077,673,826,487,749
AT3G15490,0,0,0,4,0,0
AT3G15500,12,7,21,18,22,137
AT3G15510,55,49,65,55,29,92
AT3G15518,28,30,25,31,43,59
AT3G15520,18,21,28,19,18,35
AT3G15530,206,161,131,193,136,263
AT3G15534,0,0,0,0,0,0
AT3G15536,0,0,0,0,0,0
AT3G15540,37,38,40,20,28,16
AT3G15548,0,0,0,0,0,0
AT3G15550,54,172,59,65,47,96
AT3G15570,23,27,28,21,9,19
AT3G15578,0,1,0,2,0,0
AT3G15580,902,1931,1188,666,525,1122
AT3G15585,0,0,0,0,0,0
AT3G15590,368,413,227,389,312,496
AT3G15604,0,0,0,0,0,0
AT3G15605,0,12,4,2,5,2
AT3G15610,401,531,418,409,315,464
AT3G15620,57,31,8,21,20,57
AT3G15630,548,1099,962,642,451,1199
AT3G15635,8,25,20,13,6,19
AT3G15640,1003,1298,1494,1402,1097,1167
AT3G15650,4,9,11,8,24,12
AT3G15660,1005,1786,1104,1051,754,990
AT3G15670,0,3,4,0,0,0
AT3G15680,382,337,349,248,220,133
AT3G15690,348,703,398,406,311,369
AT3G15700,1,6,1,5,1,10
AT3G15710,425,1075,561,511,300,458
AT3G15720,79,78,23,67,48,54
AT3G15730,1586,1763,848,1981,1338,1712
AT3G15740,0,1,1,2,1,1
AT3G15750,18,28,10,4,12,8
AT3G15760,29,157,69,49,35,57
AT3G15770,72,187,118,64,60,64
AT3G15780,58,93,71,37,26,78
AT3G15790,301,262,141,224,157,184
AT3G15800,4,31,8,17,6,4
AT3G15810,805,1109,583,798,468,881
AT3G15820,479,428,315,468,338,347
AT3G15830,0,0,0,0,0,0
AT3G15840,0,1,4,1,4,6
AT3G15850,125,176,113,115,69,113
AT3G15860,0,0,0,0,0,0
AT3G15870,0,1,0,1,0,2
AT3G15880,130,185,114,153,151,213
AT3G15890,53,43,32,31,36,69
AT3G15900,24,95,68,29,13,36
AT3G15909,0,0,0,0,0,0
AT3G15910,0,0,2,2,1,0
AT3G15920,163,232,98,282,161,256
AT3G15930,6,2,5,10,7,2
AT3G15940,242,209,86,227,162,207
AT3G15950,738,890,510,1339,424,1061
AT3G15960,0,6,4,0,0,0
AT3G15970,460,421,248,364,203,341
AT3G15980,263,330,140,335,243,379
AT3G15990,27,68,29,28,46,80
AT3G16000,33,75,42,69,29,51
AT3G16010,66,83,50,59,101,80
AT3G16020,10,18,6,3,0,12
AT3G16030,13,31,15,4,8,30
AT3G16040,1,5,0,1,1,0
AT3G16050,192,290,107,253,215,210
AT3G16060,427,302,247,428,236,334
AT3G16070,0,8,3,5,0,1
AT3G16080,4431,10083,5142,3735,3220,3676
AT3G16090,70,129,79,106,76,102
AT3G16100,159,269,140,102,68,114
AT3G16110,186,216,75,171,114,88
AT3G16117,0,0,0,0,0,0
AT3G16120,0,0,1,0,1,2
AT3G16130,2,1,2,0,0,0
AT3G16140,9,16,13,1,0,0
AT3G16150,20,38,45,12,9,17
AT3G16160,1,4,0,0,1,0
AT3G16170,29,73,65,21,27,20
AT3G16175,1,5,2,1,0,0
AT3G16180,296,321,254,222,232,217
AT3G16190,287,457,259,275,187,294
AT3G16200,235,172,169,317,227,258
AT3G16210,6,33,21,9,6,32
AT3G16220,13,59,55,9,10,70
AT3G16230,192,300,134,229,191,305
AT3G16240,518,1306,1376,466,423,715
AT3G16250,13,0,3,3,0,2
AT3G16260,101,69,58,46,60,60
AT3G16270,240,226,143,184,168,246
AT3G16280,39,31,25,30,27,35
AT3G16290,95,134,45,86,99,93
AT3G16300,62,75,41,26,22,36
AT3G16310,906,546,550,749,673,711
AT3G16320,16,25,42,36,31,13
AT3G16330,71,55,73,102,114,134
AT3G16340,240,238,118,149,211,288
AT3G16350,190,184,135,173,166,198
AT3G16360,0,0,0,0,0,0
AT3G16370,0,13,4,4,4,0
AT3G16380,0,0,0,0,0,0
AT3G16390,11,53,20,23,9,9
AT3G16400,49,139,99,119,66,99
AT3G16410,50,56,54,55,26,46
AT3G16420,2438,3046,3999,6297,2613,5857
AT3G16430,71,228,170,186,71,207
AT3G16432,0,0,0,0,0,0
AT3G16440,27,88,119,598,8,45
AT3G16450,79,134,246,72,45,295
AT3G16460,1275,1674,1145,2596,1200,3148
AT3G16470,527,1115,748,773,480,1345
AT3G16480,647,786,451,705,465,577
AT3G16490,173,185,113,203,110,129
AT3G16500,234,480,240,240,191,189
AT3G16510,36,14,17,28,25,112
AT3G16520,0,11,0,5,4,1
AT3G16525,0,1,1,0,0,0
AT3G16530,0,9,11,5,0,7
AT3G16540,0,0,0,0,4,0
AT3G16550,0,0,0,0,0,0
AT3G16552,0,0,0,0,0,0
AT3G16555,0,0,0,2,0,0
AT3G16560,36,78,37,37,36,24
AT3G16565,166,198,112,204,149,202
AT3G16570,323,510,317,326,319,442
AT3G16580,0,0,0,0,0,0
AT3G16590,0,0,0,0,0,0
AT3G16600,0,0,0,0,0,0
AT3G16610,17,11,6,9,10,5
AT3G16620,122,123,67,140,75,128
AT3G16630,352,366,312,302,261,323
AT3G16640,25771,30932,16801,22136,19132,22152
AT3G16650,0,1,2,2,0,0
AT3G16660,0,0,0,0,0,0
AT3G16670,0,0,0,0,0,0
AT3G16680,0,0,0,0,0,0
AT3G16690,95,167,147,129,72,82
AT3G16700,73,150,100,116,91,113
AT3G16710,8,19,18,12,11,21
AT3G16712,1,6,0,0,1,3
AT3G16720,102,53,56,100,76,182
AT3G16730,51,83,52,74,84,72
AT3G16740,182,260,169,223,123,197
AT3G16750,57,81,21,59,82,52
AT3G16760,295,360,217,401,192,284
AT3G16770,157,82,47,138,182,173
AT3G16780,924,1377,902,1115,806,856
AT3G16785,147,145,108,118,106,193
AT3G16800,466,434,355,213,191,451
AT3G16810,198,208,108,203,123,140
AT3G16820,0,0,0,0,0,0
AT3G16830,155,179,79,133,125,162
AT3G16840,331,518,231,300,245,334
AT3G16850,466,287,359,461,369,641
AT3G16857,580,593,294,632,416,634
AT3G16860,23,29,19,37,8,68
AT3G16870,713,838,341,455,356,392
AT3G16880,2,0,0,0,0,0
AT3G16890,14,51,25,34,25,14
AT3G16895,0,0,0,0,0,0
AT3G16900,11,14,16,6,6,4
AT3G16910,298,314,199,364,203,366
AT3G16920,162,1383,530,221,398,254
AT3G16930,0,0,0,0,0,0
AT3G16940,163,236,114,91,71,167
AT3G16950,650,832,466,620,382,515
AT3G16960,0,0,0,0,0,0
AT3G16970,0,0,0,0,0,0
AT3G16980,12,33,24,10,10,32
AT3G16990,192,282,178,161,93,188
AT3G17000,324,328,225,297,230,295
AT3G17010,0,18,12,2,1,0
AT3G17020,3022,3590,2147,3370,2527,5081
AT3G17030,24,17,14,33,20,16
AT3G17040,7,0,0,0,0,0
AT3G17060,0,0,0,0,0,0
AT3G17070,1,0,0,0,0,0
AT3G17080,0,0,0,0,0,0
AT3G17090,241,528,281,375,332,359
AT3G17100,1191,1186,965,1186,955,1122
AT3G17120,213,340,156,255,169,152
AT3G17130,1,1,1,0,0,0
AT3G17140,0,0,0,0,0,0
AT3G17150,0,0,0,1,0,0
AT3G17152,0,0,0,0,0,0
AT3G17155,0,0,0,0,0,0
AT3G17160,390,887,445,376,274,431
AT3G17170,97,188,65,152,103,116
AT3G17180,0,0,0,0,0,0
AT3G17185,510,1438,941,266,342,726
AT3G17190,0,0,0,0,0,0
AT3G17205,190,206,91,140,131,215
AT3G17210,2504,5074,2619,2225,1755,2551
AT3G17220,12,1,0,2,3,11
AT3G17225,32,5,7,11,12,21
AT3G17227,0,0,1,0,0,0
AT3G17230,0,0,0,0,0,0
AT3G17240,549,688,494,781,561,626
AT3G17250,59,58,36,65,44,81
AT3G17261,0,0,0,0,0,0
AT3G17265,0,0,0,0,0,0
AT3G17270,0,0,0,0,0,0
AT3G17280,22,15,12,21,2,22
AT3G17300,802,1546,957,727,565,713
AT3G17310,202,147,93,202,170,131
AT3G17320,0,0,0,0,0,0
AT3G17330,196,198,94,228,145,119
AT3G17340,181,148,86,143,125,166
AT3G17350,94,131,69,122,55,89
AT3G17360,66,204,87,70,88,108
AT3G17365,231,345,210,181,147,256
AT3G17370,0,0,0,0,0,0
AT3G17380,44,77,79,30,63,17
AT3G17390,5291,6125,3845,6987,3505,4204
AT3G17400,0,0,0,0,0,0
AT3G17410,247,319,302,277,195,518
AT3G17420,187,278,235,112,143,247
AT3G17430,340,452,215,349,331,304
AT3G17440,716,844,460,627,479,722
AT3G17450,237,149,73,109,103,135
AT3G17460,60,70,31,44,40,50
AT3G17465,641,942,426,560,397,511
AT3G17470,72,45,15,34,65,43
AT3G17480,0,0,0,1,0,0
AT3G17490,0,0,0,0,0,0
AT3G17500,0,0,1,0,0,0
AT3G17510,129,330,188,124,73,212
AT3G17520,0,0,0,0,0,0
AT3G17530,0,0,0,0,0,0
AT3G17540,0,0,0,0,0,0
AT3G17550,0,0,0,0,0,0
AT3G17560,0,0,0,0,0,0
AT3G17570,0,0,0,0,0,0
AT3G17580,65,316,163,93,58,68
AT3G17590,423,430,172,276,166,281
AT3G17600,14,18,13,6,4,10
AT3G17609,308,277,186,8,7,13
AT3G17611,116,155,73,85,45,94
AT3G17620,0,0,0,1,0,0
AT3G17626,113,183,86,67,49,65
AT3G17630,42,4,7,38,11,10
AT3G17640,20,43,31,6,6,26
AT3G17650,353,254,162,329,280,215
AT3G17655,5,4,6,6,9,7
AT3G17660,9,17,14,10,14,8
AT3G17668,82,127,58,36,58,48
AT3G17670,104,45,74,63,48,85
AT3G17675,0,0,1,1,0,0
AT3G17680,100,133,62,44,40,66
AT3G17690,0,0,2,3,12,2
AT3G17700,4,16,10,8,10,15
AT3G17710,37,54,29,23,32,35
AT3G17712,43,20,11,9,10,7
AT3G17717,21,12,8,11,12,15
AT3G17720,0,0,0,0,0,0
AT3G17730,83,23,22,46,34,42
AT3G17740,78,74,58,67,60,53
AT3G17750,106,131,75,92,83,87
AT3G17760,0,1,0,0,0,0
AT3G17765,0,4,0,0,0,0
AT3G17770,184,139,76,136,62,246
AT3G17780,899,1543,772,976,663,850
AT3G17790,15,40,29,63,40,171
AT3G17800,240,242,165,268,184,365
AT3G17810,639,906,592,1019,579,903
AT3G17820,3370,3588,2323,3540,1914,2758
AT3G17830,117,105,57,83,48,55
AT3G17840,673,188,190,452,168,271
AT3G17850,101,147,73,136,111,245
AT3G17860,226,434,312,380,149,437
AT3G17880,269,328,139,219,124,277
AT3G17890,139,90,84,65,68,79
AT3G17900,237,233,142,235,205,240
AT3G17910,107,180,116,139,83,156
AT3G17920,66,55,20,18,36,53
AT3G17930,72,127,65,53,37,53
AT3G17940,455,532,397,702,450,479
AT3G17950,65,73,97,81,54,80
AT3G17970,204,110,75,139,94,105
AT3G17980,0,0,0,0,2,1
AT3G18000,353,449,147,428,462,415
AT3G18010,0,0,0,0,0,0
AT3G18020,0,11,7,29,10,20
AT3G18030,349,519,257,287,180,312
AT3G18035,670,950,597,759,580,883
AT3G18040,391,600,294,325,291,230
AT3G18050,29,49,34,44,36,47
AT3G18060,559,407,303,600,294,575
AT3G18070,17,18,12,2,10,25
AT3G18080,78,82,44,45,40,46
AT3G18090,41,42,12,28,17,50
AT3G18100,55,41,24,30,46,76
AT3G18110,75,47,25,14,27,24
AT3G18120,0,0,0,0,0,0
AT3G18130,1093,1786,1034,1381,903,1187
AT3G18140,440,663,426,374,297,449
AT3G18150,0,0,0,0,0,0
AT3G18160,111,166,90,127,87,117
AT3G18165,195,360,240,324,188,235
AT3G18170,43,105,65,17,27,55
AT3G18180,0,0,0,0,0,0
AT3G18190,1880,1178,837,2038,1114,1495
AT3G18200,3,61,14,12,0,13
AT3G18210,190,291,154,174,162,248
AT3G18215,514,363,357,391,381,387
AT3G18217,0,0,0,0,0,0
AT3G18220,0,0,0,0,0,0
AT3G18230,628,302,280,729,516,573
AT3G18235,0,0,0,2,0,0
AT3G18240,262,240,209,343,236,329
AT3G18250,12,28,26,13,8,52
AT3G18260,70,189,112,68,74,34
AT3G18270,180,224,112,154,127,185
AT3G18280,1495,1384,870,606,892,2887
AT3G18282,5,5,4,12,3,4
AT3G18290,226,156,112,145,145,406
AT3G18291,0,0,3,5,0,3
AT3G18295,46,79,68,51,43,65
AT3G18300,4,16,8,3,5,17
AT3G18310,49,26,17,39,25,61
AT3G18320,86,68,31,44,60,76
AT3G18330,0,0,0,0,0,0
AT3G18340,0,0,0,0,0,0
AT3G18350,56,117,55,93,85,73
AT3G18360,3,2,1,0,0,0
AT3G18362,0,0,1,0,0,0
AT3G18370,85,61,74,171,124,142
AT3G18380,272,205,271,259,183,219
AT3G18390,135,108,41,127,78,119
AT3G18400,1,25,14,32,0,9
AT3G18410,1870,2192,1876,1874,1410,1872
AT3G18420,89,139,76,118,50,105
AT3G18430,589,1281,575,515,401,568
AT3G18440,67,58,59,99,68,79
AT3G18450,24,39,47,22,17,47
AT3G18460,0,2,0,3,0,0
AT3G18470,0,0,2,0,0,0
AT3G18480,215,366,193,266,209,258
AT3G18485,0,0,0,3,3,1
AT3G18490,445,416,310,487,287,315
AT3G18500,7,25,25,15,15,9
AT3G18510,90,341,183,101,89,110
AT3G18518,0,1,0,0,0,0
AT3G18520,449,391,263,414,295,454
AT3G18524,103,90,43,101,45,109
AT3G18530,0,0,0,0,1,2
AT3G18535,25,16,29,7,7,13
AT3G18550,0,0,0,0,0,0
AT3G18560,261,1123,807,138,131,688
AT3G18570,0,0,0,1,0,2
AT3G18580,97,247,185,121,96,115
AT3G18590,0,0,0,0,0,0
AT3G18600,488,698,340,562,366,456
AT3G18610,31,8,16,9,6,40
AT3G18620,100,152,69,115,62,89
AT3G18630,78,30,45,75,41,57
AT3G18640,173,187,99,203,170,154
AT3G18650,0,0,0,0,0,0
AT3G18660,26,88,31,41,40,76
AT3G18670,50,3,9,35,23,31
AT3G18680,155,142,71,140,68,109
AT3G18690,53,68,39,46,33,127
AT3G18700,0,0,0,0,0,0
AT3G18710,93,93,36,72,97,75
AT3G18715,3,11,12,0,8,4
AT3G18720,0,0,0,0,0,0
AT3G18730,41,56,34,48,34,60
AT3G18740,7043,16370,8831,5741,4751,6235
AT3G18750,54,58,35,66,27,63
AT3G18760,431,1247,533,471,355,437
AT3G18770,46,28,31,45,45,52
AT3G18773,84,63,55,28,39,57
AT3G18775,2,2,1,1,1,0
AT3G18780,13810,15314,13549,11788,9701,14027
AT3G18790,277,302,154,195,110,216
AT3G18800,145,153,102,96,97,111
AT3G18810,1,0,0,0,1,0
AT3G18815,0,0,0,0,0,0
AT3G18820,922,1583,1006,1056,750,959
AT3G18827,0,0,0,0,0,0
AT3G18830,938,216,239,799,483,556
AT3G18840,0,0,0,6,0,1
AT3G18850,36,72,32,41,19,31
AT3G18860,316,297,157,391,222,247
AT3G18870,4,6,10,5,2,12
AT3G18880,47,63,33,19,20,29
AT3G18890,46,17,10,17,7,16
AT3G18895,0,0,0,0,0,0
AT3G18900,22,30,11,15,11,9
AT3G18905,0,0,0,0,0,0
AT3G18910,134,252,118,165,102,148
AT3G18915,2,3,2,3,0,1
AT3G18930,24,34,22,26,19,41
AT3G18940,485,824,368,396,284,361
AT3G18950,0,0,0,3,6,15
AT3G18952,0,0,0,0,0,0
AT3G18957,0,0,0,0,0,0
AT3G18960,176,178,54,182,91,128
AT3G18970,18,96,22,32,64,36
AT3G18980,161,144,156,215,150,147
AT3G18990,602,1038,611,619,475,704
AT3G19000,68,154,119,62,66,81
AT3G19002,12,24,23,5,7,11
AT3G19010,202,312,245,246,159,330
AT3G19020,7,3,3,9,10,1
AT3G19030,1078,1913,1607,115,146,769
AT3G19035,0,0,0,0,0,0
AT3G19040,13,22,15,8,0,0
AT3G19050,122,143,74,123,78,149
AT3G19055,0,0,0,0,0,0
AT3G19070,0,0,0,0,0,0
AT3G19080,148,178,63,105,122,111
AT3G19085,0,0,0,2,0,0
AT3G19090,0,0,0,0,0,0
AT3G19100,638,282,263,583,480,648
AT3G19120,411,213,232,365,312,297
AT3G19130,528,794,386,558,421,475
AT3G19140,0,0,0,0,0,0
AT3G19150,73,99,95,71,59,87
AT3G19160,0,0,0,0,0,0
AT3G19170,140,137,91,146,57,115
AT3G19180,139,227,74,204,108,153
AT3G19184,12,18,3,6,11,3
AT3G19190,102,118,70,75,72,160
AT3G19200,349,203,71,695,554,842
AT3G19210,51,72,29,36,55,41
AT3G19220,136,94,85,104,117,123
AT3G19230,10,8,10,14,3,5
AT3G19235,0,0,0,0,0,0
AT3G19240,57,79,86,102,92,209
AT3G19250,12,29,40,70,66,61
AT3G19260,567,737,489,435,385,587
AT3G19270,0,1,6,0,0,0
AT3G19274,0,0,0,0,0,0
AT3G19280,40,62,27,27,33,34
AT3G19290,313,337,213,277,176,343
AT3G19300,35,52,55,68,70,50
AT3G19310,9,26,26,0,16,4
AT3G19320,6,12,11,9,18,14
AT3G19330,45,11,37,51,47,37
AT3G19340,221,275,159,210,122,231
AT3G19350,0,0,0,0,0,0
AT3G19360,122,74,66,93,72,80
AT3G19370,102,266,135,110,85,77
AT3G19380,179,78,98,154,163,171
AT3G19390,417,499,375,717,566,1111
AT3G19400,153,215,122,139,81,186
AT3G19410,0,0,0,0,0,0
AT3G19420,403,463,246,393,310,503
AT3G19430,8,49,185,143,50,482
AT3G19440,55,125,58,88,49,64
AT3G19450,642,1061,821,568,408,616
AT3G19460,236,461,260,228,205,280
AT3G19470,18,20,7,6,9,8
AT3G19480,12,10,5,17,4,20
AT3G19490,334,406,215,342,283,328
AT3G19500,13,67,59,20,13,22
AT3G19508,117,353,181,92,56,107
AT3G19510,132,225,103,144,85,133
AT3G19515,182,250,123,233,171,216
AT3G19520,568,756,359,453,347,554
AT3G19530,0,0,0,0,0,0
AT3G19540,519,399,224,412,305,338
AT3G19550,0,1,0,0,0,0
AT3G19552,0,1,0,2,0,0
AT3G19553,73,55,51,84,58,157
AT3G19560,0,0,0,0,0,0
AT3G19565,0,0,0,0,0,0
AT3G19570,99,67,53,79,51,99
AT3G19580,34,49,70,40,23,391
AT3G19590,195,314,149,191,138,192
AT3G19595,5,0,1,0,0,3
AT3G19600,0,0,2,0,0,0
AT3G19610,0,0,0,0,0,0
AT3G19613,0,1,3,2,0,13
AT3G19615,3,30,57,8,19,137
AT3G19620,1,6,8,0,0,17
AT3G19630,438,472,284,382,262,336
AT3G19640,156,263,124,213,143,197
AT3G19650,146,246,144,139,90,185
AT3G19660,73,366,282,51,48,392
AT3G19663,0,6,4,2,1,5
AT3G19670,170,142,107,158,98,117
AT3G19680,208,88,90,202,163,195
AT3G19690,1,4,0,3,5,3
AT3G19700,0,6,1,0,1,2
AT3G19710,0,23,5,0,18,7
AT3G19720,191,154,84,149,150,130
AT3G19740,349,263,212,306,258,328
AT3G19760,1295,1473,903,1547,927,1278
AT3G19770,131,111,113,192,140,179
AT3G19780,141,88,58,129,115,76
AT3G19790,306,509,270,248,180,190
AT3G19800,1,3,1,1,0,0
AT3G19810,111,140,64,81,56,105
AT3G19820,5371,5032,2904,5894,3792,4946
AT3G19830,60,73,25,39,65,57
AT3G19840,93,67,72,117,86,127
AT3G19850,0,0,1,0,0,0
AT3G19860,561,454,450,433,399,527
AT3G19870,81,144,93,101,103,117
AT3G19880,0,0,0,1,0,0
AT3G19890,0,0,0,0,0,0
AT3G19895,96,110,89,90,97,141
AT3G19900,152,113,112,120,83,201
AT3G19910,1006,925,495,875,611,691
AT3G19920,0,0,0,1,0,1
AT3G19930,508,490,517,989,533,720
AT3G19940,0,0,1,0,0,0
AT3G19950,243,285,257,288,175,209
AT3G19960,329,646,426,235,190,530
AT3G19970,68,36,31,33,31,19
AT3G19980,509,616,314,494,372,433
AT3G19990,66,102,66,101,41,130
AT3G20000,1493,1682,1107,1417,910,1175
AT3G20010,141,103,80,132,121,96
AT3G20015,228,261,171,185,237,174
AT3G20020,216,136,125,182,126,224
AT3G20030,0,0,0,0,0,0
AT3G20040,24,29,11,31,8,26
AT3G20050,1872,2266,1294,2044,1156,1732
AT3G20060,768,1756,881,725,514,817
AT3G20070,113,122,109,97,60,122
AT3G20080,76,113,70,101,99,127
AT3G20090,65,104,90,125,117,138
AT3G20100,187,68,105,159,109,121
AT3G20110,5,37,12,36,15,18
AT3G20120,163,166,102,175,95,133
AT3G20130,139,72,88,219,153,193
AT3G20140,0,4,3,0,0,2
AT3G20150,94,168,75,78,87,112
AT3G20155,0,0,0,0,0,0
AT3G20160,3,1,3,14,0,0
AT3G20170,83,112,41,87,86,98
AT3G20180,1,0,0,3,2,1
AT3G20190,0,0,0,0,0,0
AT3G20200,14,4,6,5,15,1
AT3G20210,0,0,0,0,0,0
AT3G20220,6,4,3,9,2,3
AT3G20230,251,322,149,226,150,223
AT3G20240,109,248,97,134,128,143
AT3G20250,169,140,74,188,123,213
AT3G20260,296,717,274,306,267,309
AT3G20270,40,77,33,26,29,22
AT3G20280,84,96,34,81,40,77
AT3G20290,391,497,250,314,268,331
AT3G20300,2,15,7,26,15,31
AT3G20310,308,444,405,281,276,450
AT3G20320,171,374,126,193,148,135
AT3G20330,212,125,129,173,130,214
AT3G20340,287,397,441,263,285,603
AT3G20350,70,73,64,117,54,99
AT3G20360,105,52,69,301,171,113
AT3G20362,0,0,0,0,0,0
AT3G20370,927,2443,1169,1481,625,1192
AT3G20380,39,164,162,86,67,240
AT3G20390,2268,2344,2046,2230,1660,1998
AT3G20395,0,0,0,0,0,0
AT3G20400,1,1,0,0,1,0
AT3G20410,297,304,182,389,264,594
AT3G20420,17,17,15,14,11,25
AT3G20430,66,126,63,88,50,52
AT3G20440,4,23,27,72,23,37
AT3G20450,58,115,56,1,8,22
AT3G20460,10,17,7,13,4,6
AT3G20470,0,0,0,0,0,0
AT3G20475,0,4,9,1,12,15
AT3G20480,43,82,26,33,33,33
AT3G20490,122,117,90,121,92,82
AT3G20500,268,226,217,319,183,254
AT3G20510,662,1805,1125,951,774,928
AT3G20520,0,0,0,0,0,0
AT3G20530,1,0,0,0,0,0
AT3G20540,161,147,73,119,72,169
AT3G20550,250,279,178,160,111,241
AT3G20555,0,0,0,0,0,0
AT3G20557,0,0,0,0,0,0
AT3G20560,170,195,112,158,108,168
AT3G20570,202,400,214,145,133,157
AT3G20580,0,0,2,0,0,0
AT3G20590,114,256,146,457,240,335
AT3G20600,18,62,33,35,30,74
AT3G20610,0,0,0,0,0,0
AT3G20620,156,212,73,112,102,135
AT3G20630,360,295,177,412,272,322
AT3G20640,64,133,88,87,80,184
AT3G20650,172,242,120,205,126,159
AT3G20655,0,0,0,0,0,0
AT3G20660,202,108,104,209,139,300
AT3G20670,384,1045,589,450,337,552
AT3G20680,32,23,19,6,13,7
AT3G20690,0,0,1,0,0,0
AT3G20700,0,0,0,0,0,0
AT3G20710,14,13,9,4,22,36
AT3G20720,51,69,44,60,65,85
AT3G20730,1,11,6,17,8,5
AT3G20740,156,225,154,198,163,178
AT3G20750,0,0,0,0,0,0
AT3G20760,0,0,0,0,0,1
AT3G20770,1011,1229,581,1170,802,978
AT3G20780,110,145,68,118,109,89
AT3G20790,568,738,340,587,479,498
AT3G20800,188,443,296,274,201,299
AT3G20810,38,43,27,72,43,152
AT3G20820,113,124,78,107,68,54
AT3G20830,170,229,190,109,113,128
AT3G20840,388,281,138,288,151,169
AT3G20850,0,38,14,6,3,4
AT3G20860,39,64,45,18,23,34
AT3G20865,0,5,0,3,0,0
AT3G20870,364,737,384,408,236,330
AT3G20880,67,31,13,42,23,27
AT3G20885,0,0,0,0,0,0
AT3G20890,38,63,35,31,21,50
AT3G20898,74,113,98,66,92,107
AT3G20900,6,17,13,9,8,13
AT3G20910,55,94,41,62,66,59
AT3G20920,334,451,248,389,270,364
AT3G20930,49,63,41,50,8,49
AT3G20935,31,61,36,40,32,61
AT3G20940,435,379,278,606,269,418
AT3G20950,0,0,0,0,0,0
AT3G20960,48,103,47,110,48,155
AT3G20970,294,489,254,262,187,281
AT3G20978,7,3,11,13,8,5
AT3G20980,0,0,0,0,0,0
AT3G20993,0,0,0,0,0,0
AT3G20997,0,0,0,0,0,0
AT3G21000,4,19,3,7,9,6
AT3G21055,8,15,2,0,0,0
AT3G21060,72,119,69,93,60,94
AT3G21070,298,391,195,273,204,612
AT3G21080,0,0,0,0,0,0
AT3G21090,0,0,0,0,0,0
AT3G21100,60,121,64,110,105,118
AT3G21110,273,383,202,297,198,219
AT3G21120,0,0,0,0,0,0
AT3G21130,0,0,0,2,0,0
AT3G21140,218,232,94,224,158,141
AT3G21150,1,0,0,4,0,0
AT3G21160,162,206,106,242,132,196
AT3G21165,0,0,0,0,0,0
AT3G21170,0,0,0,0,0,0
AT3G21175,272,361,177,217,142,225
AT3G21180,23,71,45,20,52,71
AT3G21190,179,337,208,261,130,176
AT3G21200,108,140,138,135,69,137
AT3G21210,4,7,6,21,4,1
AT3G21215,660,253,319,395,376,445
AT3G21220,410,333,225,269,216,308
AT3G21230,94,79,51,61,79,94
AT3G21240,346,397,294,328,307,389
AT3G21250,142,155,110,184,191,232
AT3G21260,170,584,391,119,100,419
AT3G21270,59,98,95,36,55,123
AT3G21280,204,202,71,156,95,179
AT3G21290,71,117,59,99,78,105
AT3G21295,85,107,49,69,64,108
AT3G21300,56,93,104,120,111,79
AT3G21305,0,5,7,0,0,7
AT3G21310,0,0,0,0,0,0
AT3G21320,0,0,0,0,0,1
AT3G21330,79,162,34,43,59,58
AT3G21340,22,26,8,3,26,8
AT3G21350,535,573,460,436,393,453
AT3G21351,98,20,40,101,37,35
AT3G21352,0,1,0,1,1,1
AT3G21360,44,73,54,47,22,38
AT3G21370,0,2,4,2,1,3
AT3G21371,0,0,0,0,0,0
AT3G21380,0,0,0,0,0,0
AT3G21390,102,170,116,101,60,75
AT3G21400,161,360,159,150,113,192
AT3G21405,1,7,5,2,3,3
AT3G21410,0,0,0,0,0,0
AT3G21420,153,330,180,143,77,91
AT3G21430,159,421,146,224,138,201
AT3G21450,0,0,0,0,0,0
AT3G21460,0,0,0,0,0,0
AT3G21465,168,501,284,334,247,311
AT3G21470,0,12,5,15,20,19
AT3G21473,0,1,0,0,0,0
AT3G21475,0,0,0,0,0,0
AT3G21480,96,151,81,117,64,115
AT3G21490,0,0,0,0,0,0
AT3G21500,0,0,0,0,0,0
AT3G21510,73,360,322,210,192,361
AT3G21520,1,0,1,0,0,0
AT3G21530,18,27,27,10,20,19
AT3G21540,165,79,51,114,77,107
AT3G21550,82,437,164,202,409,235
AT3G21560,10,26,13,0,2,0
AT3G21570,0,0,0,0,0,0
AT3G21580,51,55,64,57,54,59
AT3G21590,2,1,0,0,2,0
AT3G21600,139,127,103,55,44,7
AT3G21610,335,641,428,279,205,365
AT3G21620,0,10,3,9,3,20
AT3G21630,50,148,85,117,85,171
AT3G21640,203,362,153,181,122,225
AT3G21650,82,135,61,101,60,198
AT3G21660,0,0,0,0,0,0
AT3G21670,0,2,1,0,0,0
AT3G21680,165,417,182,227,169,222
AT3G21690,101,96,30,132,105,103
AT3G21700,156,211,113,85,71,74
AT3G21710,125,787,662,45,88,604
AT3G21720,2398,52,50,2330,1676,1223
AT3G21730,0,0,0,0,0,0
AT3G21740,105,202,104,99,78,96
AT3G21750,59,28,52,51,49,73
AT3G21755,2,0,0,0,5,0
AT3G21760,7,0,0,0,0,0
AT3G21770,867,836,745,1085,1014,1105
AT3G21780,5,1,3,4,3,4
AT3G21781,2,3,0,3,1,5
AT3G21790,0,0,0,0,2,0
AT3G21800,0,0,0,0,0,0
AT3G21805,0,0,0,0,0,0
AT3G21810,48,72,37,80,59,88
AT3G21820,178,134,100,163,118,141
AT3G21825,0,0,0,0,0,0
AT3G21830,0,0,0,0,0,0
AT3G21840,0,0,0,0,0,0
AT3G21850,0,0,0,0,0,0
AT3G21860,0,0,0,0,0,0
AT3G21865,845,1212,692,767,595,826
AT3G21870,0,0,0,0,0,0
AT3G21880,0,0,0,0,0,0
AT3G21890,1,13,6,0,1,2
AT3G21900,0,0,0,0,0,0
AT3G21910,0,0,0,0,0,0
AT3G21920,0,0,0,0,0,0
AT3G21930,0,0,0,0,0,0
AT3G21940,0,0,0,0,0,0
AT3G21945,0,0,0,0,0,0
AT3G21950,0,0,0,0,0,0
AT3G21960,0,0,0,0,0,0
AT3G21970,0,0,0,0,0,0
AT3G21980,0,0,0,0,0,0
AT3G21990,0,0,0,0,0,0
AT3G22000,0,0,0,0,0,0
AT3G22010,0,0,0,0,0,0
AT3G22020,0,0,0,0,0,0
AT3G22022,0,0,0,0,0,0
AT3G22030,0,0,0,0,0,0
AT3G22040,0,0,0,0,0,0
AT3G22050,0,0,0,0,0,0
AT3G22053,0,0,0,0,0,0
AT3G22057,0,0,0,0,0,0
AT3G22060,4,11,19,4,2,5
AT3G22070,86,82,136,87,133,83
AT3G22072,90,78,112,96,109,101
AT3G22080,0,0,0,0,0,0
AT3G22085,0,0,0,0,0,0
AT3G22090,0,0,1,1,0,2
AT3G22100,0,12,5,0,1,1
AT3G22104,145,194,79,91,57,70
AT3G22110,1755,3228,1858,1742,1039,1435
AT3G22120,198,33,59,211,167,240
AT3G22121,183,26,79,231,210,215
AT3G22125,15,0,1,35,34,48
AT3G22142,13,1,2,27,33,28
AT3G22150,7,11,6,4,17,18
AT3G22160,106,124,106,152,109,160
AT3G22170,276,282,119,241,172,329
AT3G22180,98,148,45,104,64,88
AT3G22183,3,5,7,5,9,5
AT3G22190,123,109,110,129,144,166
AT3G22200,842,930,498,1347,953,1410
AT3G22210,78,146,75,92,75,175
AT3G22220,181,156,63,147,102,137
AT3G22230,6234,14553,7271,5391,4161,5288
AT3G22231,0,0,0,0,0,0
AT3G22235,0,10,12,2,5,13
AT3G22240,210,1918,961,194,141,1058
AT3G22250,0,1,0,0,0,0
AT3G22260,50,138,84,73,99,133
AT3G22270,118,145,89,154,140,156
AT3G22275,3,21,10,3,2,4
AT3G22290,824,1020,655,654,650,681
AT3G22300,482,452,492,516,310,386
AT3G22310,246,190,139,307,216,261
AT3G22320,1404,2311,1167,1154,847,1016
AT3G22330,116,62,74,196,109,177
AT3G22333,0,0,0,0,0,0
AT3G22337,0,0,0,0,0,0
AT3G22345,0,0,0,0,0,0
AT3G22350,0,0,0,0,0,0
AT3G22360,0,0,0,0,0,0
AT3G22370,294,383,209,362,315,452
AT3G22380,655,727,509,683,582,958
AT3G22400,152,78,72,129,125,178
AT3G22410,12,9,10,14,8,7
AT3G22415,74,269,125,35,82,98
AT3G22420,0,12,2,0,0,1
AT3G22421,0,0,0,0,0,0
AT3G22425,178,388,254,239,171,237
AT3G22430,61,44,48,77,57,88
AT3G22436,2,1,2,2,0,5
AT3G22440,2166,1903,1236,2068,1777,2197
AT3G22450,12,44,22,36,16,10
AT3G22460,13,74,43,29,20,109
AT3G22470,14,56,12,14,15,31
AT3G22480,373,986,524,385,283,398
AT3G22490,0,0,0,3,0,0
AT3G22500,0,0,0,0,0,0
AT3G22510,0,0,0,0,0,0
AT3G22520,577,707,423,491,313,478
AT3G22530,145,347,164,134,101,147
AT3G22540,39,319,85,36,21,60
AT3G22550,1,75,14,1,0,5
AT3G22560,0,16,10,2,7,13
AT3G22565,70,205,171,66,52,211
AT3G22570,48,127,134,49,32,119
AT3G22580,0,0,0,0,0,0
AT3G22590,263,253,134,240,189,159
AT3G22600,352,1181,840,428,734,530
AT3G22620,316,481,623,645,770,511
AT3G22630,880,1728,1228,806,629,933
AT3G22640,0,0,0,0,0,0
AT3G22650,6,5,3,6,1,1
AT3G22660,859,759,472,732,571,696
AT3G22670,17,96,21,62,32,32
AT3G22680,602,1091,522,476,351,435
AT3G22690,12,9,15,9,3,20
AT3G22700,0,0,0,0,0,0
AT3G22710,0,0,0,0,0,0
AT3G22720,0,0,0,0,0,0
AT3G22723,0,0,0,0,0,0
AT3G22730,0,0,0,0,0,0
AT3G22740,30,1,0,46,35,77
AT3G22750,34,198,90,38,40,81
AT3G22760,43,109,52,43,51,54
AT3G22770,0,0,0,1,0,0
AT3G22780,329,369,232,381,253,344
AT3G22790,320,534,211,326,203,255
AT3G22800,6,34,15,6,10,36
AT3G22810,50,17,25,5,22,17
AT3G22820,4,3,1,0,0,0
AT3G22830,1,14,0,1,0,45
AT3G22840,10,30,23,0,0,0
AT3G22845,1126,2309,1247,1450,824,1426
AT3G22850,706,1345,755,704,372,817
AT3G22860,0,0,0,3,3,0
AT3G22870,0,0,0,0,0,0
AT3G22880,11,28,14,14,19,27
AT3G22886,0,0,1,0,0,0
AT3G22890,2641,1810,1817,2336,1558,2693
AT3G22900,47,77,32,40,19,35
AT3G22910,2,0,0,9,7,16
AT3G22920,0,0,0,0,1,0
AT3G22930,91,279,117,103,69,133
AT3G22935,0,0,0,0,0,0
AT3G22940,0,0,0,0,0,0
AT3G22942,46,115,76,58,78,98
AT3G22950,382,886,542,410,304,440
AT3G22960,1785,1139,896,1679,1123,1207
AT3G22961,74,70,38,30,30,38
AT3G22970,351,593,345,394,387,588
AT3G22980,148,86,52,126,105,86
AT3G22990,256,291,210,254,192,288
AT3G23000,1170,1610,978,756,921,1477
AT3G23010,0,0,0,2,2,0
AT3G23020,2,24,8,23,5,19
AT3G23030,462,378,424,740,591,675
AT3G23050,239,510,381,446,222,418
AT3G23060,0,4,1,4,0,4
AT3G23070,83,152,63,92,56,95
AT3G23080,449,253,213,572,417,483
AT3G23090,231,192,174,142,166,243
AT3G23100,172,207,135,146,143,168
AT3G23110,6,10,5,9,3,16
AT3G23120,0,1,0,0,0,2
AT3G23122,0,0,0,0,0,0
AT3G23123,0,0,0,0,0,0
AT3G23125,0,0,0,0,0,0
AT3G23130,0,0,0,0,0,0
AT3G23140,0,0,0,0,0,0
AT3G23145,0,0,0,0,0,0
AT3G23150,41,27,10,133,112,154
AT3G23160,96,121,97,75,65,141
AT3G23165,0,0,0,0,0,0
AT3G23167,0,0,0,0,0,0
AT3G23170,129,135,78,41,47,131
AT3G23172,0,0,0,0,0,0
AT3G23175,390,914,667,1287,773,1277
AT3G23180,634,1134,557,547,326,758
AT3G23190,294,612,456,851,594,864
AT3G23200,55,99,109,45,25,99
AT3G23210,21,51,28,40,13,8
AT3G23220,0,0,0,0,0,0
AT3G23230,0,0,0,0,1,0
AT3G23240,2,0,0,2,0,8
AT3G23245,0,0,0,0,0,0
AT3G23250,3,0,0,4,27,37
AT3G23255,215,181,103,108,69,111
AT3G23260,22,21,7,18,14,24
AT3G23270,0,0,0,0,0,0
AT3G23280,327,473,320,565,349,550
AT3G23290,0,0,0,0,0,0
AT3G23300,370,295,177,416,238,314
AT3G23310,117,194,100,81,81,93
AT3G23320,0,0,0,0,0,0
AT3G23325,283,538,290,226,216,273
AT3G23326,0,0,0,0,0,0
AT3G23330,42,9,16,50,29,5
AT3G23340,0,11,4,6,3,7
AT3G23350,0,0,0,1,3,2
AT3G23360,0,0,6,1,2,13
AT3G23370,15,53,21,51,30,45
AT3G23380,0,0,9,0,0,0
AT3G23390,5460,15243,7690,4998,4027,4956
AT3G23400,67,81,42,69,37,83
AT3G23410,15,4,7,29,14,50
AT3G23420,0,4,0,1,1,6
AT3G23430,1535,2270,1328,522,803,877
AT3G23440,20,12,7,9,7,5
AT3G23450,0,0,0,0,0,1
AT3G23460,0,1,0,0,1,0
AT3G23470,876,1262,648,1193,801,818
AT3G23480,2,2,3,3,0,9
AT3G23490,1375,1908,1232,933,669,1389
AT3G23510,293,327,173,341,237,779
AT3G23530,41,81,31,56,43,54
AT3G23540,105,182,75,122,92,154
AT3G23550,143,104,45,126,60,82
AT3G23560,466,444,295,739,566,717
AT3G23570,365,477,238,290,152,366
AT3G23580,131,192,96,173,115,154
AT3G23590,201,126,114,193,227,262
AT3G23600,1183,1911,1654,1097,891,1811
AT3G23605,59,139,70,42,43,91
AT3G23610,44,90,39,34,26,36
AT3G23620,569,925,401,648,400,531
AT3G23630,106,68,30,49,153,127
AT3G23633,0,0,0,0,0,0
AT3G23635,0,0,0,2,0,2
AT3G23637,1,0,0,0,0,0
AT3G23640,502,306,149,388,310,447
AT3G23650,0,0,0,0,0,0
AT3G23660,181,219,102,226,158,144
AT3G23670,55,102,48,65,77,112
AT3G23680,0,0,0,0,0,0
AT3G23685,0,0,0,0,0,0
AT3G23690,546,532,344,485,484,470
AT3G23700,89,56,49,69,38,45
AT3G23710,133,185,98,118,87,129
AT3G23715,0,0,0,0,0,0
AT3G23727,0,0,0,0,0,0
AT3G23730,39,285,186,75,91,29
AT3G23740,167,83,50,108,65,95
AT3G23750,215,242,134,296,297,333
AT3G23760,5,10,14,1,1,0
AT3G23770,0,0,0,0,0,0
AT3G23780,296,188,123,187,146,145
AT3G23790,33,22,6,18,32,30
AT3G23800,1078,389,426,1117,923,1019
AT3G23805,144,261,165,87,53,71
AT3G23810,103,359,151,88,74,103
AT3G23820,1311,834,1039,1702,1342,1172
AT3G23830,1688,3106,2464,2120,1595,2124
AT3G23840,9,25,5,18,8,16
AT3G23860,5,0,0,0,0,0
AT3G23870,3,24,7,26,10,17
AT3G23880,490,400,301,466,330,438
AT3G23890,457,686,312,330,274,466
AT3G23900,143,186,127,153,90,189
AT3G23910,170,243,148,204,186,228
AT3G23920,137,112,90,147,84,189
AT3G23930,53,54,17,106,57,68
AT3G23940,705,369,454,1036,607,589
AT3G23950,4,7,3,5,1,0
AT3G23955,0,0,0,0,0,0
AT3G23960,0,0,0,0,0,0
AT3G23970,0,0,0,0,0,0
AT3G23980,205,241,146,273,278,235
AT3G23990,825,1003,494,1050,589,814
AT3G24000,99,74,35,93,66,70
AT3G24010,183,246,102,120,120,145
AT3G24020,168,351,179,330,272,246
AT3G24030,150,145,111,85,67,81
AT3G24040,397,360,367,451,319,411
AT3G24050,438,433,371,423,337,474
AT3G24060,0,0,0,0,0,0
AT3G24065,8,18,3,9,12,28
AT3G24068,0,3,0,0,0,0
AT3G24070,75,125,78,92,84,133
AT3G24080,767,1096,561,740,559,674
AT3G24090,61,82,37,76,56,130
AT3G24093,0,0,0,0,0,0
AT3G24100,846,1194,872,553,585,851
AT3G24110,82,83,72,47,31,37
AT3G24120,336,382,216,297,237,327
AT3G24130,0,0,0,0,0,0
AT3G24140,0,0,0,0,0,0
AT3G24150,48,89,52,70,43,41
AT3G24160,908,1667,1010,1158,671,1000
AT3G24170,722,731,430,595,385,524
AT3G24180,284,242,136,206,233,312
AT3G24190,93,38,42,59,20,69
AT3G24200,276,286,122,236,157,222
AT3G24210,151,161,66,137,93,97
AT3G24220,0,0,0,0,0,0
AT3G24225,0,0,0,0,0,0
AT3G24230,0,0,0,0,0,0
AT3G24240,484,568,201,425,418,421
AT3G24250,0,0,0,0,0,0
AT3G24255,81,32,24,28,44,32
AT3G24260,0,0,0,0,0,0
AT3G24270,0,0,0,0,0,0
AT3G24280,1,2,1,1,0,3
AT3G24290,0,1,0,0,0,0
AT3G24300,218,543,473,384,195,615
AT3G24310,16,12,12,66,93,133
AT3G24315,219,337,195,210,125,220
AT3G24320,47,35,27,34,18,72
AT3G24330,0,0,0,0,0,0
AT3G24332,0,0,0,1,0,0
AT3G24340,15,8,2,10,11,11
AT3G24350,250,391,185,231,190,201
AT3G24360,74,66,25,35,17,20
AT3G24420,75,123,68,36,28,129
AT3G24430,73,60,19,15,28,10
AT3G24440,116,179,94,185,158,134
AT3G24450,357,665,260,472,249,418
AT3G24460,52,40,22,36,36,52
AT3G24463,24,57,30,54,28,44
AT3G24465,0,0,0,0,0,0
AT3G24480,21,35,27,34,20,31
AT3G24490,364,420,165,333,248,310
AT3G24495,36,51,19,38,28,31
AT3G24500,102,85,82,63,99,104
AT3G24503,224,410,258,429,252,718
AT3G24506,518,529,388,385,349,434
AT3G24508,0,0,0,0,0,0
AT3G24510,0,0,0,0,0,0
AT3G24513,0,0,0,0,0,0
AT3G24514,0,0,0,0,0,0
AT3G24515,80,129,79,98,57,64
AT3G24516,0,0,0,0,0,0
AT3G24517,0,0,0,0,0,0
AT3G24518,330,422,246,203,169,233
AT3G24520,412,454,285,262,198,205
AT3G24530,135,189,124,226,143,215
AT3G24535,17,218,78,24,34,30
AT3G24540,0,1,1,7,7,10
AT3G24542,0,0,0,0,0,0
AT3G24550,665,476,344,600,613,661
AT3G24560,8,26,18,41,29,25
AT3G24570,284,460,277,224,159,216
AT3G24575,29,41,30,21,23,27
AT3G24580,0,0,0,0,0,0
AT3G24590,138,271,161,100,85,69
AT3G24600,0,3,0,2,0,5
AT3G24605,0,0,0,2,0,0
AT3G24610,0,0,0,0,0,0
AT3G24612,0,0,0,1,0,0
AT3G24614,0,1,1,0,0,0
AT3G24615,0,9,2,1,0,0
AT3G24620,0,0,0,0,0,0
AT3G24630,6,6,2,5,0,14
AT3G24640,0,0,0,0,0,0
AT3G24650,0,0,0,0,0,0
AT3G24660,171,210,138,233,165,187
AT3G24670,249,526,328,589,337,861
AT3G24690,0,0,0,0,0,0
AT3G24700,0,0,0,0,0,0
AT3G24710,0,0,0,0,0,0
AT3G24715,93,115,81,108,129,100
AT3G24730,152,357,188,111,132,235
AT3G24740,212,244,133,152,118,199
AT3G24750,117,288,150,173,94,134
AT3G24760,34,100,54,60,46,83
AT3G24770,129,201,88,87,80,83
AT3G24780,8,3,5,7,2,20
AT3G24790,0,0,0,0,0,0
AT3G24800,129,154,114,166,126,144
AT3G24810,71,93,73,71,64,67
AT3G24820,70,111,100,49,48,72
AT3G24830,8727,17065,8240,8491,6189,7870
AT3G24840,44,113,64,54,60,65
AT3G24850,0,1,1,0,0,0
AT3G24860,173,194,126,159,132,119
AT3G24870,104,37,48,89,75,132
AT3G24880,125,263,132,180,127,184
AT3G24890,95,114,79,78,66,54
AT3G24900,9,0,0,1,3,0
AT3G24929,153,176,66,117,91,140
AT3G24982,68,47,18,26,23,51
AT3G25010,2,10,6,3,5,8
AT3G25011,1,0,1,0,1,0
AT3G25012,0,0,0,0,0,1
AT3G25013,4,27,8,20,19,14
AT3G25014,0,0,0,1,2,0
AT3G25020,33,4,8,17,12,16
AT3G25030,31,49,13,24,24,16
AT3G25040,880,1678,954,1079,712,789
AT3G25050,0,0,0,1,0,1
AT3G25060,1,8,6,7,4,13
AT3G25070,228,421,272,265,187,360
AT3G25080,0,0,0,0,0,0
AT3G25090,0,0,0,0,0,0
AT3G25100,71,97,30,113,46,79
AT3G25110,198,403,178,299,215,252
AT3G25120,349,518,245,255,224,224
AT3G25130,12,11,35,18,16,13
AT3G25140,691,672,405,757,490,612
AT3G25150,600,498,394,560,440,530
AT3G25160,0,0,0,0,1,0
AT3G25165,0,0,0,0,0,0
AT3G25170,0,0,0,0,0,0
AT3G25180,0,0,0,0,0,0
AT3G25190,1331,7126,7471,1641,1409,1145
AT3G25200,0,0,0,0,0,0
AT3G25210,178,93,64,100,96,64
AT3G25220,1072,2723,1365,1088,766,1010
AT3G25221,1,0,0,0,1,0
AT3G25230,562,798,410,840,450,580
AT3G25240,13,2,0,10,3,2
AT3G25250,219,92,75,123,123,333
AT3G25260,0,0,0,0,0,0
AT3G25265,0,0,0,0,0,0
AT3G25270,0,0,0,0,0,0
AT3G25280,0,0,0,0,0,0
AT3G25290,274,465,282,370,272,320
AT3G25400,110,226,118,101,83,98
AT3G25410,56,44,57,42,61,60
AT3G25420,0,0,0,0,0,0
AT3G25430,64,109,53,64,57,62
AT3G25440,80,80,64,85,69,108
AT3G25460,0,0,0,0,0,0
AT3G25470,367,635,299,400,269,310
AT3G25480,40,88,43,25,36,49
AT3G25490,10,4,2,4,6,9
AT3G25493,0,0,0,0,0,0
AT3G25500,429,369,187,275,236,271
AT3G25505,0,0,0,0,1,0
AT3G25510,11,20,13,6,20,34
AT3G25520,11607,18350,8464,11162,8053,9456
AT3G25530,713,1085,743,674,477,662
AT3G25540,443,898,490,513,369,469
AT3G25545,267,450,321,269,192,220
AT3G25550,3,3,0,5,0,1
AT3G25560,61,63,49,41,64,43
AT3G25570,6,25,21,5,15,30
AT3G25573,0,0,0,0,0,0
AT3G25577,0,0,0,4,3,2
AT3G25580,245,537,243,285,219,242
AT3G25585,1595,2183,1406,1444,1161,1414
AT3G25590,4,8,4,4,8,7
AT3G25597,35,102,37,42,41,73
AT3G25600,64,107,65,108,121,263
AT3G25610,53,91,40,70,45,92
AT3G25620,0,1,0,2,4,13
AT3G25640,3,25,33,13,8,22
AT3G25650,0,0,0,0,0,0
AT3G25655,5,23,15,19,15,16
AT3G25660,128,165,97,135,88,132
AT3G25670,0,0,0,0,0,0
AT3G25680,98,107,34,48,82,71
AT3G25690,15,51,14,26,27,14
AT3G25700,49,66,29,72,71,53
AT3G25710,704,668,547,375,444,432
AT3G25715,0,0,0,0,0,0
AT3G25716,0,0,0,0,0,0
AT3G25717,117,642,558,76,70,203
AT3G25719,0,1,0,0,0,0
AT3G25720,0,0,0,0,0,0
AT3G25727,0,0,0,0,0,0
AT3G25730,90,150,76,163,101,153
AT3G25740,27,55,14,18,23,20
AT3G25750,0,0,0,0,0,0
AT3G25760,0,0,0,0,0,1
AT3G25770,0,7,0,2,0,2
AT3G25780,393,318,217,535,383,847
AT3G25790,132,334,179,180,109,132
AT3G25795,2,2,1,3,0,0
AT3G25800,519,571,294,711,394,554
AT3G25805,21,77,40,42,14,24
AT3G25810,0,1,0,0,0,0
AT3G25820,67,120,78,71,44,30
AT3G25830,67,110,63,60,44,30
AT3G25840,707,565,317,490,419,653
AT3G25850,0,0,0,0,0,0
AT3G25855,3,8,21,4,7,3
AT3G25860,677,858,565,1013,512,554
AT3G25870,28,96,44,46,30,56
AT3G25880,2,8,1,0,2,1
AT3G25882,11,28,29,11,20,43
AT3G25890,263,164,66,146,128,167
AT3G25900,263,272,190,280,240,330
AT3G25905,4,17,8,6,3,4
AT3G25910,1028,1201,659,785,753,963
AT3G25920,239,336,208,190,142,146
AT3G25930,902,2851,2526,508,341,1639
AT3G25940,223,393,184,150,107,180
AT3G25950,3,19,15,1,3,18
AT3G25960,0,0,0,0,0,0
AT3G25970,11,61,21,19,17,17
AT3G25980,218,460,229,162,102,363
AT3G25990,3,11,2,18,6,6
AT3G26000,140,312,174,120,137,240
AT3G26010,0,0,1,0,0,0
AT3G26020,100,204,123,124,100,213
AT3G26030,418,785,467,562,499,538
AT3G26040,7,21,7,6,1,13
AT3G26050,78,83,55,52,43,48
AT3G26060,49,79,65,32,15,34
AT3G26070,102,51,38,27,21,22
AT3G26080,8,16,11,10,9,4
AT3G26085,59,55,41,33,34,23
AT3G26090,142,252,141,257,199,263
AT3G26100,165,239,133,160,215,351
AT3G26110,0,1,0,0,0,0
AT3G26115,44,45,13,14,15,18
AT3G26120,12,8,7,10,11,12
AT3G26125,0,5,1,6,7,8
AT3G26130,0,17,4,5,17,27
AT3G26135,4,6,1,5,0,1
AT3G26140,0,0,0,0,0,0
AT3G26147,0,0,0,0,0,0
AT3G26150,0,0,0,0,0,0
AT3G26160,0,0,0,0,0,1
AT3G26170,0,0,0,0,0,0
AT3G26180,0,0,0,0,0,0
AT3G26190,0,0,0,0,0,0
AT3G26200,0,0,0,0,2,0
AT3G26210,12,25,30,44,9,101
AT3G26220,3,7,8,5,5,38
AT3G26230,0,0,0,0,1,0
AT3G26235,0,0,0,0,0,0
AT3G26237,1,0,0,4,4,7
AT3G26240,105,24,40,130,63,101
AT3G26250,0,0,0,0,0,0
AT3G26270,0,0,0,0,1,0
AT3G26280,0,0,0,0,2,0
AT3G26290,40,100,39,49,38,48
AT3G26300,28,50,49,20,8,59
AT3G26310,0,0,0,0,1,0
AT3G26320,0,0,0,0,0,0
AT3G26330,1,15,4,11,1,0
AT3G26340,290,561,274,268,131,247
AT3G26350,18,14,19,8,9,20
AT3G26355,0,0,0,0,0,0
AT3G26360,255,722,409,236,167,296
AT3G26370,534,534,260,416,300,393
AT3G26380,13,8,6,14,7,2
AT3G26390,0,0,0,0,0,0
AT3G26395,45,113,88,40,33,70
AT3G26400,49,58,23,51,31,63
AT3G26410,254,265,156,231,151,180
AT3G26420,770,576,620,896,549,801
AT3G26430,778,633,698,829,493,815
AT3G26440,73,201,159,54,49,270
AT3G26445,1,9,2,3,5,1
AT3G26450,2,9,7,3,4,8
AT3G26460,0,0,3,0,0,0
AT3G26470,358,412,406,378,317,686
AT3G26480,8,6,17,16,11,16
AT3G26490,8,5,7,2,5,4
AT3G26500,18,65,36,29,14,121
AT3G26510,1699,505,561,1753,1818,1921
AT3G26512,218,93,92,266,347,278
AT3G26520,3979,7918,8341,3891,3118,9276
AT3G26539,0,1,1,0,2,2
AT3G26540,11,7,7,9,5,9
AT3G26550,87,72,34,79,75,109
AT3G26560,352,387,179,338,227,297
AT3G26570,81,16,17,11,10,7
AT3G26580,110,50,53,96,86,137
AT3G26590,148,123,118,293,173,187
AT3G26600,127,129,64,139,101,126
AT3G26610,475,388,293,342,444,213
AT3G26612,35,83,71,46,52,73
AT3G26616,0,0,0,0,0,0
AT3G26618,208,534,255,343,223,275
AT3G26620,0,0,2,0,1,0
AT3G26630,105,88,56,58,47,81
AT3G26640,288,339,192,245,175,273
AT3G26650,3,11,6,0,2,3
AT3G26660,0,0,0,0,0,0
AT3G26670,281,470,318,290,268,294
AT3G26680,65,113,56,78,114,107
AT3G26690,480,502,330,468,358,714
AT3G26700,144,173,85,96,112,99
AT3G26710,78,130,91,64,36,59
AT3G26720,409,442,224,317,386,439
AT3G26730,314,230,194,291,202,273
AT3G26740,24,26,10,65,54,58
AT3G26742,1,8,0,0,0,1
AT3G26744,107,176,100,164,93,178
AT3G26747,0,0,0,0,0,0
AT3G26750,128,143,77,151,96,82
AT3G26760,715,590,412,654,417,583
AT3G26770,250,259,191,126,95,188
AT3G26780,936,1056,702,938,968,799
AT3G26782,74,22,36,46,54,74
AT3G26790,0,0,0,1,0,0
AT3G26800,1,0,0,0,0,0
AT3G26810,713,726,320,657,503,692
AT3G26812,1,2,0,0,0,0
AT3G26813,1,0,0,0,0,0
AT3G26815,0,0,0,0,0,1
AT3G26816,0,0,0,0,0,0
AT3G26818,0,0,0,0,4,1
AT3G26819,0,0,0,0,3,1
AT3G26820,0,3,4,0,2,2
AT3G26830,52,155,117,22,17,43
AT3G26840,6,6,10,6,17,1
AT3G26850,110,260,102,137,110,86
AT3G26855,0,0,0,0,0,0
AT3G26860,0,0,0,0,0,0
AT3G26870,0,1,0,0,0,0
AT3G26880,0,0,4,0,0,0
AT3G26890,171,199,160,160,209,212
AT3G26900,229,242,123,157,117,183
AT3G26910,126,89,105,158,88,205
AT3G26920,119,116,84,84,85,142
AT3G26922,101,122,69,133,98,88
AT3G26930,0,0,0,0,0,0
AT3G26932,5,8,4,5,2,10
AT3G26934,0,0,0,0,0,0
AT3G26935,561,542,316,656,457,508
AT3G26940,0,0,0,0,0,0
AT3G26950,147,171,97,113,98,168
AT3G26960,0,1,0,0,0,0
AT3G26980,329,555,243,258,206,263
AT3G26990,96,83,78,141,127,98
AT3G27000,111,183,107,115,113,128
AT3G27010,101,128,87,57,64,92
AT3G27020,224,245,131,172,169,195
AT3G27025,22,10,25,12,26,9
AT3G27027,114,248,151,62,68,68
AT3G27030,218,461,279,137,138,190
AT3G27040,5,0,0,0,0,0
AT3G27050,206,347,168,160,122,208
AT3G27060,1072,841,650,996,764,1013
AT3G27070,46,43,38,105,79,227
AT3G27080,340,825,442,404,270,398
AT3G27090,1445,2409,1178,1300,918,1453
AT3G27100,338,781,348,307,246,347
AT3G27110,82,79,55,42,39,119
AT3G27120,45,60,36,48,21,20
AT3G27140,0,0,0,0,0,0
AT3G27150,84,142,58,86,62,123
AT3G27160,133,278,195,130,88,132
AT3G27170,25,129,46,25,6,17
AT3G27180,58,100,38,73,50,60
AT3G27185,0,0,0,0,0,0
AT3G27190,300,414,362,486,312,467
AT3G27200,254,820,531,342,393,449
AT3G27210,41,205,132,76,87,239
AT3G27220,142,55,47,61,89,139
AT3G27230,270,661,336,459,361,341
AT3G27240,1433,1680,1755,1781,1066,1417
AT3G27250,0,2,0,0,0,0
AT3G27260,340,183,113,194,124,253
AT3G27270,16,37,27,9,12,31
AT3G27280,80,320,135,135,95,173
AT3G27290,9,55,9,20,25,35
AT3G27300,129,201,86,154,161,278
AT3G27310,295,657,442,323,237,363
AT3G27320,204,137,133,156,153,155
AT3G27325,133,124,100,210,186,167
AT3G27329,0,0,0,0,0,0
AT3G27330,119,165,73,94,85,144
AT3G27331,0,0,0,0,0,0
AT3G27340,395,552,320,319,288,351
AT3G27350,509,931,465,558,432,509
AT3G27355,64,142,95,45,60,68
AT3G27360,591,2006,1040,864,897,966
AT3G27380,937,2128,1044,1178,788,1034
AT3G27390,318,326,193,416,245,316
AT3G27400,0,0,0,0,0,0
AT3G27410,0,0,0,0,0,0
AT3G27415,14,15,12,5,3,8
AT3G27416,8,4,1,5,2,5
AT3G27420,152,221,143,160,157,192
AT3G27425,0,0,0,0,0,0
AT3G27430,1059,2361,1247,1053,713,1036
AT3G27440,0,5,0,1,1,2
AT3G27460,90,134,85,103,53,63
AT3G27470,143,198,78,104,87,133
AT3G27473,84,88,52,103,71,61
AT3G27475,25,55,26,97,55,59
AT3G27480,25,28,16,68,44,33
AT3G27490,19,23,6,16,26,29
AT3G27495,0,0,0,1,0,0
AT3G27500,27,29,28,93,51,98
AT3G27503,0,3,1,0,0,0
AT3G27510,9,6,7,9,12,11
AT3G27520,133,175,103,110,70,134
AT3G27530,389,412,169,326,235,363
AT3G27540,19,26,15,14,40,76
AT3G27550,163,118,73,117,96,112
AT3G27555,0,0,0,0,0,0
AT3G27560,126,178,139,167,99,200
AT3G27570,269,407,179,394,224,312
AT3G27580,125,80,55,128,118,160
AT3G27590,0,0,0,2,0,0
AT3G27600,0,0,0,0,0,0
AT3G27610,112,120,77,115,125,128
AT3G27620,0,6,1,0,0,0
AT3G27630,17,44,31,15,5,15
AT3G27640,48,82,51,55,28,74
AT3G27650,0,17,11,2,2,1
AT3G27660,14,0,0,8,11,4
AT3G27670,43,46,41,35,52,61
AT3G27680,0,0,0,0,0,0
AT3G27690,22,14,6,8,3,10
AT3G27700,102,126,80,127,125,182
AT3G27710,0,0,0,0,0,0
AT3G27720,0,1,0,0,0,0
AT3G27730,6,36,10,13,4,5
AT3G27740,649,449,511,768,565,663
AT3G27750,124,219,152,138,118,161
AT3G27770,1663,2016,1048,1465,1314,1499
AT3G27785,0,0,0,0,0,0
AT3G27809,0,0,0,0,0,0
AT3G27810,0,0,0,0,0,0
AT3G27820,296,291,192,228,189,277
AT3G27825,0,0,0,0,0,0
AT3G27830,195,478,332,242,160,204
AT3G27831,0,0,0,1,0,1
AT3G27835,0,0,0,0,0,0
AT3G27840,0,0,0,0,0,0
AT3G27845,0,0,0,0,0,0
AT3G27850,229,293,221,202,187,202
AT3G27860,5,1,4,0,0,0
AT3G27865,0,2,0,0,2,0
AT3G27870,9,11,6,21,25,35
AT3G27880,40,50,32,31,39,84
AT3G27884,16,68,60,30,9,156
AT3G27890,606,1459,961,575,426,842
AT3G27900,1,20,0,0,1,8
AT3G27906,275,343,216,272,218,248
AT3G27910,0,0,0,0,0,0
AT3G27920,0,0,0,0,0,0
AT3G27925,48,105,93,80,64,93
AT3G27930,110,119,79,142,74,94
AT3G27940,26,65,11,36,10,31
AT3G27950,92,43,56,339,113,193
AT3G27960,127,163,101,123,172,245
AT3G27970,6,0,0,0,0,0
AT3G27980,9,12,9,1,7,1
AT3G27990,145,133,125,141,129,126
AT3G27999,0,0,0,0,0,0
AT3G28007,0,0,0,0,0,0
AT3G28020,0,0,0,0,0,0
AT3G28030,87,88,39,35,61,85
AT3G28040,51,112,37,46,48,36
AT3G28050,68,1001,676,124,90,93
AT3G28060,0,0,1,0,0,0
AT3G28070,0,0,0,0,0,0
AT3G28080,0,0,0,0,0,0
AT3G28100,23,77,33,10,2,15
AT3G28120,0,0,0,0,0,0
AT3G28130,37,107,53,69,70,90
AT3G28140,82,146,96,72,43,63
AT3G28150,15,36,25,26,13,21
AT3G28155,1,0,0,0,0,0
AT3G28170,0,0,0,0,0,0
AT3G28180,324,208,111,327,258,318
AT3G28190,0,0,0,0,0,0
AT3G28193,0,0,0,0,0,0
AT3G28200,184,247,232,291,255,270
AT3G28210,28,38,52,48,8,61
AT3G28216,0,0,0,0,0,0
AT3G28220,12,0,0,0,0,7
AT3G28223,0,0,0,0,0,0
AT3G28230,0,0,2,0,0,0
AT3G28243,0,0,0,0,0,0
AT3G28250,0,0,0,0,0,0
AT3G28270,0,0,0,0,0,0
AT3G28280,0,0,0,0,0,0
AT3G28290,0,3,0,0,0,0
AT3G28291,0,0,0,0,0,0
AT3G28300,0,3,0,0,0,0
AT3G28310,0,0,0,0,0,0
AT3G28320,0,0,0,0,0,0
AT3G28330,0,6,0,0,0,0
AT3G28335,5,1,1,0,0,4
AT3G28340,495,139,127,258,190,854
AT3G28345,36,228,142,33,51,361
AT3G28360,6,0,0,0,0,4
AT3G28370,70,85,38,91,59,83
AT3G28380,12,3,2,17,7,6
AT3G28390,4,0,0,4,12,6
AT3G28410,0,0,0,0,0,0
AT3G28415,0,0,0,0,0,0
AT3G28420,0,7,16,0,5,2
AT3G28430,86,140,57,117,111,111
AT3G28450,67,114,55,116,87,142
AT3G28455,156,201,131,131,87,129
AT3G28460,17,55,12,25,29,36
AT3G28470,0,2,0,0,0,0
AT3G28480,170,306,163,212,148,227
AT3G28490,0,0,0,0,0,0
AT3G28500,0,0,2,0,0,4
AT3G28510,8,88,14,515,448,940
AT3G28520,0,0,0,1,3,0
AT3G28530,0,0,0,0,0,0
AT3G28540,0,0,1,0,0,0
AT3G28550,1338,2088,3005,3143,3157,3569
AT3G28560,1,0,0,2,0,0
AT3G28570,0,0,0,0,0,0
AT3G28580,28,1,1,51,50,72
AT3G28590,0,6,0,0,0,2
AT3G28600,0,0,0,0,0,0
AT3G28610,0,3,0,0,1,1
AT3G28620,8,5,1,1,1,2
AT3G28630,3,2,1,0,2,4
AT3G28635,1,0,0,2,0,0
AT3G28640,10,48,15,19,25,28
AT3G28650,16,34,33,27,31,19
AT3G28660,22,17,18,24,18,22
AT3G28670,198,234,152,218,160,209
AT3G28674,0,0,0,0,0,0
AT3G28680,0,0,0,0,0,0
AT3G28685,0,0,0,0,0,0
AT3G28690,300,419,255,273,246,387
AT3G28695,0,0,0,0,0,0
AT3G28700,147,79,89,166,126,139
AT3G28710,1836,2112,1386,1769,1066,1631
AT3G28715,578,1014,524,683,384,646
AT3G28720,254,220,167,336,240,215
AT3G28730,346,314,224,339,224,361
AT3G28740,2632,1509,925,2921,2293,3790
AT3G28750,13,7,8,3,10,10
AT3G28760,53,38,44,39,37,34
AT3G28770,16,27,27,5,5,4
AT3G28780,0,0,0,0,0,0
AT3G28785,0,0,0,0,0,0
AT3G28790,0,0,1,0,0,0
AT3G28810,0,0,0,0,0,0
AT3G28820,0,0,0,0,0,0
AT3G28830,0,0,0,0,0,0
AT3G28840,0,0,0,0,0,0
AT3G28850,47,35,43,22,17,57
AT3G28853,0,0,0,0,0,0
AT3G28857,4,1,13,5,1,4
AT3G28860,1033,772,404,867,802,827
AT3G28870,0,0,0,0,0,0
AT3G28875,4,1,2,2,3,1
AT3G28880,12,10,11,11,13,4
AT3G28890,0,1,0,3,0,1
AT3G28899,5,1,1,9,0,2
AT3G28900,2670,5103,3325,2550,2064,2490
AT3G28910,158,178,113,270,154,263
AT3G28917,4,3,2,3,6,6
AT3G28918,0,0,0,0,0,0
AT3G28920,88,124,76,115,96,110
AT3G28922,0,0,0,0,0,0
AT3G28925,0,0,0,0,0,0
AT3G28930,46,101,52,46,42,38
AT3G28940,715,1503,951,878,712,1322
AT3G28950,347,573,400,434,333,486
AT3G28956,113,214,81,75,71,76
AT3G28958,0,0,0,0,0,0
AT3G28960,0,3,0,0,2,0
AT3G28970,201,350,223,201,131,216
AT3G28980,0,0,0,0,0,0
AT3G28990,0,0,0,0,0,0
AT3G29000,48,15,1,7,25,191
AT3G29010,49,84,59,97,38,84
AT3G29020,1,0,0,0,0,0
AT3G29030,0,0,0,0,0,0
AT3G29033,0,0,0,0,0,0
AT3G29034,231,872,481,413,328,562
AT3G29035,193,221,202,372,270,442
AT3G29040,0,0,0,0,0,0
AT3G29050,0,0,0,0,0,0
AT3G29060,0,0,0,0,0,0
AT3G29070,0,0,1,3,0,0
AT3G29075,522,700,381,617,416,678
AT3G29080,0,0,0,0,0,0
AT3G29090,196,156,154,115,61,181
AT3G29095,0,0,0,0,0,0
AT3G29100,102,119,66,73,51,86
AT3G29110,0,0,1,1,1,0
AT3G29130,236,520,244,225,184,241
AT3G29140,6,9,7,8,2,4
AT3G29152,0,0,0,0,0,0
AT3G29160,218,211,160,197,157,184
AT3G29170,274,521,323,235,206,344
AT3G29173,3,5,8,7,6,9
AT3G29180,686,692,405,634,581,616
AT3G29185,118,190,62,90,66,92
AT3G29190,0,1,0,1,0,1
AT3G29200,362,642,326,293,242,272
AT3G29230,15,19,18,50,29,25
AT3G29240,475,686,562,217,154,332
AT3G29250,54,184,194,85,93,241
AT3G29255,0,0,0,0,0,0
AT3G29260,0,0,0,0,0,0
AT3G29270,111,263,202,125,137,233
AT3G29280,147,198,112,121,94,112
AT3G29290,31,27,15,32,24,30
AT3G29300,35,70,21,34,29,36
AT3G29305,0,0,0,0,1,0
AT3G29310,317,247,127,261,212,282
AT3G29320,207,183,73,205,119,225
AT3G29330,78,83,23,41,40,40
AT3G29340,0,0,0,0,0,0
AT3G29350,347,721,425,382,206,406
AT3G29360,682,1034,532,1241,676,964
AT3G29370,59,163,98,107,70,93
AT3G29375,83,90,60,58,85,63
AT3G29380,0,4,0,2,0,0
AT3G29385,0,0,0,0,0,0
AT3G29390,189,184,146,164,150,235
AT3G29400,53,40,37,64,55,71
AT3G29410,0,0,6,4,5,1
AT3G29430,0,1,0,4,2,3
AT3G29450,0,0,0,0,0,0
AT3G29455,0,0,0,0,0,0
AT3G29560,0,0,0,0,0,0
AT3G29570,0,0,0,0,0,0
AT3G29575,221,396,222,246,151,429
AT3G29580,0,0,0,5,1,6
AT3G29590,0,0,0,0,0,0
AT3G29630,0,24,11,6,5,11
AT3G29631,0,6,0,0,0,1
AT3G29633,0,8,1,0,0,0
AT3G29635,4,7,5,18,9,24
AT3G29636,0,0,0,0,0,0
AT3G29637,0,0,0,0,0,0
AT3G29638,0,1,0,0,0,3
AT3G29639,0,0,0,1,3,2
AT3G29644,48,64,54,52,25,59
AT3G29645,0,0,0,0,0,0
AT3G29670,0,0,0,0,0,0
AT3G29680,6,9,26,2,9,17
AT3G29690,0,0,0,0,0,0
AT3G29720,0,0,0,0,0,0
AT3G29740,0,0,0,0,0,0
AT3G29750,0,0,0,0,0,0
AT3G29760,151,164,77,131,89,151
AT3G29763,0,0,0,0,0,0
AT3G29765,0,0,0,0,0,0
AT3G29770,150,249,142,117,111,114
AT3G29780,33,360,153,29,30,114
AT3G29785,0,0,0,0,0,0
AT3G29790,0,0,0,0,0,0
AT3G29791,0,0,0,0,0,0
AT3G29794,0,0,0,0,0,0
AT3G29796,0,0,0,0,0,0
AT3G29797,0,0,0,0,0,0
AT3G29800,0,0,0,0,0,0
AT3G29810,97,53,33,157,105,121
AT3G29830,0,0,0,0,0,0
AT3G29970,0,0,0,0,0,0
AT3G30160,0,0,0,0,0,0
AT3G30165,0,0,0,0,0,0
AT3G30180,130,180,108,107,96,131
AT3G30200,0,0,0,0,0,0
AT3G30210,0,0,0,1,0,0
AT3G30220,0,0,0,0,0,0
AT3G30222,0,0,0,0,0,0
AT3G30230,0,0,0,0,0,0
AT3G30235,0,0,0,0,0,0
AT3G30247,0,0,0,0,0,0
AT3G30260,0,0,0,0,0,0
AT3G30280,0,0,0,0,0,0
AT3G30290,0,0,0,0,0,0
AT3G30300,188,235,84,206,140,198
AT3G30305,0,0,0,0,0,0
AT3G30320,0,0,0,0,0,0
AT3G30340,0,0,0,0,0,0
AT3G30345,0,0,0,0,0,0
AT3G30350,521,649,269,305,251,348
AT3G30370,0,0,0,0,0,0
AT3G30380,168,251,92,152,146,176
AT3G30383,0,0,0,0,0,0
AT3G30385,0,0,0,0,0,0
AT3G30387,0,0,0,0,0,0
AT3G30390,741,1660,1371,727,671,1231
AT3G30430,0,0,0,0,0,0
AT3G30460,0,0,0,0,0,0
AT3G30520,0,0,0,0,0,0
AT3G30525,0,0,0,0,0,0
AT3G30530,5,3,1,3,0,2
AT3G30540,0,0,0,0,0,0
AT3G30580,4,7,12,12,8,13
AT3G30705,0,0,0,0,0,0
AT3G30720,5,0,4,0,0,4
AT3G30725,0,0,0,0,0,0
AT3G30730,0,0,0,1,0,0
AT3G30739,0,0,0,1,0,2
AT3G30770,1,0,0,2,4,0
AT3G30775,434,938,884,238,243,318
AT3G30805,0,0,0,0,0,0
AT3G30820,0,0,0,0,0,0
AT3G30823,0,0,0,0,0,0
AT3G30840,0,0,0,0,0,0
AT3G30841,58,68,16,49,30,70
AT3G30842,0,0,0,0,1,2
AT3G30845,0,0,0,0,0,0
AT3G31350,0,0,0,0,0,0
AT3G31402,0,0,0,0,0,0
AT3G31430,0,0,0,0,0,0
AT3G31550,0,0,0,0,0,0
AT3G31560,0,0,0,0,0,0
AT3G31900,0,0,0,0,0,0
AT3G31910,0,0,0,0,0,0
AT3G31925,0,0,0,0,0,0
AT3G31950,0,0,0,0,0,0
AT3G32030,2,78,36,12,26,32
AT3G32040,9,54,16,2,9,1
AT3G32047,2,26,10,15,7,7
AT3G32050,0,0,0,0,0,0
AT3G32090,0,0,0,0,0,0
AT3G32130,0,0,0,0,0,0
AT3G32150,0,0,0,0,0,0
AT3G32160,0,0,0,0,0,0
AT3G32180,0,0,0,0,0,0
AT3G32190,0,0,0,0,0,0
AT3G32200,0,0,0,0,0,0
AT3G32260,0,0,0,0,0,0
AT3G32280,0,0,0,0,0,0
AT3G32330,0,0,0,0,0,0
AT3G32380,0,0,0,0,0,0
AT3G32400,0,0,0,0,0,0
AT3G32410,0,0,0,0,0,0
AT3G32420,0,0,0,0,0,0
AT3G32896,0,0,0,0,0,0
AT3G32904,0,0,0,0,0,0
AT3G32920,0,0,0,0,0,0
AT3G32930,448,546,311,346,257,260
AT3G32940,181,167,172,153,183,213
AT3G32960,0,0,0,0,0,0
AT3G32980,677,1644,1186,1212,863,1223
AT3G33187,0,0,0,0,0,0
AT3G33293,0,0,0,0,0,0
AT3G33393,0,0,0,0,0,0
AT3G33494,0,0,0,0,0,0
AT3G33520,196,256,110,121,86,165
AT3G33528,0,72,2,0,0,1
AT3G33530,240,238,248,226,250,361
AT3G36659,0,0,0,0,0,0
AT3G41761,2,7,4,0,4,4
AT3G41762,345,395,512,263,544,151
AT3G41768,131863,137315,109964,81791,69257,98267
AT3G41979,188,1003,506,103,143,204
AT3G42050,1112,1248,960,1438,941,1186
AT3G42060,0,0,0,0,0,0
AT3G42075,0,0,0,0,0,0
AT3G42130,0,0,0,0,0,0
AT3G42140,0,0,0,0,0,0
AT3G42148,0,0,0,0,0,0
AT3G42150,313,371,321,205,215,212
AT3G42153,0,0,0,0,0,0
AT3G42155,0,0,0,0,0,0
AT3G42160,0,0,0,0,0,0
AT3G42170,474,374,232,443,343,380
AT3G42180,49,44,52,99,52,78
AT3G42310,0,0,0,0,0,0
AT3G42390,0,0,0,0,0,0
AT3G42473,0,0,0,0,0,0
AT3G42550,0,0,0,0,0,0
AT3G42560,0,0,0,0,0,0
AT3G42565,0,0,0,0,0,0
AT3G42570,0,0,0,0,0,0
AT3G42628,0,0,0,0,0,0
AT3G42630,55,68,50,52,72,61
AT3G42640,17,44,30,36,27,52
AT3G42660,88,71,44,161,80,78
AT3G42670,87,72,26,66,45,64
AT3G42723,0,0,0,0,0,0
AT3G42725,0,9,0,1,5,9
AT3G42770,0,0,0,0,0,0
AT3G42780,0,0,0,0,0,0
AT3G42786,0,0,0,0,0,0
AT3G42790,1415,2519,1295,1308,935,1420
AT3G42800,181,128,74,114,65,86
AT3G42830,0,0,0,0,0,0
AT3G42850,0,0,0,0,0,9
AT3G42860,36,19,17,48,26,81
AT3G42870,0,0,0,0,0,0
AT3G42880,0,0,0,0,0,0
AT3G42940,0,0,0,0,0,0
AT3G42950,146,207,151,182,198,175
AT3G42960,0,0,0,0,0,0
AT3G42990,0,0,0,0,0,0
AT3G42995,0,0,0,0,0,0
AT3G43083,0,0,0,0,0,0
AT3G43110,2,39,19,2,2,4
AT3G43120,0,0,0,0,0,0
AT3G43148,0,0,0,0,0,0
AT3G43150,0,0,0,0,0,0
AT3G43153,0,0,0,0,0,0
AT3G43160,0,0,0,0,0,0
AT3G43170,0,0,0,0,0,0
AT3G43180,0,0,0,0,0,0
AT3G43190,2,9,5,16,36,13
AT3G43210,69,50,57,49,52,44
AT3G43220,145,229,104,117,108,176
AT3G43230,204,224,144,228,180,264
AT3G43240,223,297,184,250,205,267
AT3G43250,2,0,0,0,0,2
AT3G43260,0,0,0,0,0,0
AT3G43270,261,77,87,178,126,173
AT3G43280,0,0,0,0,0,0
AT3G43290,0,0,0,0,0,0
AT3G43291,0,0,0,0,0,0
AT3G43300,595,842,479,743,594,825
AT3G43340,0,0,0,0,0,0
AT3G43400,0,0,0,0,0,0
AT3G43410,0,0,0,0,0,0
AT3G43415,0,0,0,0,0,0
AT3G43420,0,0,0,0,0,0
AT3G43430,132,379,362,99,88,393
AT3G43432,0,0,0,0,0,0
AT3G43440,258,402,256,289,234,283
AT3G43470,0,0,0,0,0,0
AT3G43480,0,0,0,0,0,0
AT3G43490,0,0,0,0,0,0
AT3G43500,0,0,0,0,0,0
AT3G43503,0,0,0,0,0,0
AT3G43505,0,0,0,0,0,0
AT3G43520,293,471,307,338,238,288
AT3G43540,168,137,97,111,51,101
AT3G43550,0,0,0,0,0,0
AT3G43570,0,0,0,0,0,0
AT3G43572,0,0,0,0,0,0
AT3G43574,0,0,0,0,0,0
AT3G43580,51,36,37,37,33,40
AT3G43583,0,0,0,0,0,0
AT3G43590,390,387,207,366,226,373
AT3G43600,161,249,109,118,102,161
AT3G43610,68,201,66,128,130,106
AT3G43630,0,0,0,0,1,3
AT3G43645,0,0,0,0,0,0
AT3G43660,0,0,0,0,0,0
AT3G43670,16,139,71,83,83,56
AT3G43682,0,0,0,0,0,0
AT3G43700,121,244,61,171,87,90
AT3G43710,0,0,0,0,0,0
AT3G43720,66,62,95,181,71,45
AT3G43740,423,722,399,388,331,391
AT3G43750,0,0,0,0,0,0
AT3G43790,66,91,53,36,74,76
AT3G43800,507,683,461,632,390,532
AT3G43810,1612,3798,2215,2027,1514,1890
AT3G43833,0,0,0,0,0,0
AT3G43837,0,0,0,0,0,0
AT3G43840,6,5,1,4,4,0
AT3G43850,1,5,6,0,2,10
AT3G43860,0,0,0,0,0,0
AT3G43870,0,0,0,0,0,0
AT3G43880,0,0,0,0,0,0
AT3G43890,8,41,19,21,26,28
AT3G43910,0,0,0,0,0,0
AT3G43920,50,10,15,52,41,25
AT3G43930,0,11,2,3,4,9
AT3G43940,0,0,0,0,0,0
AT3G43950,0,0,0,0,0,0
AT3G43960,37,104,64,77,29,33
AT3G43970,0,7,1,3,0,2
AT3G43980,1158,3032,1483,966,903,1087
AT3G43990,0,0,0,0,0,0
AT3G44006,0,96,0,47,50,0
AT3G44010,6406,17759,8617,5403,5091,5872
AT3G44020,14,40,9,6,8,21
AT3G44050,116,201,94,97,87,171
AT3G44060,1,0,0,1,0,3
AT3G44070,0,0,0,0,0,0
AT3G44080,0,0,0,0,0,0
AT3G44090,0,0,0,0,0,0
AT3G44100,407,1232,647,464,255,488
AT3G44110,3517,2550,1731,3536,2489,3319
AT3G44115,0,0,0,0,0,0
AT3G44120,100,46,37,99,58,59
AT3G44130,0,0,0,0,0,0
AT3G44140,0,0,0,0,0,0
AT3G44150,234,363,264,283,188,230
AT3G44160,89,105,61,62,52,71
AT3G44170,0,0,0,0,0,0
AT3G44180,0,0,0,0,0,0
AT3G44190,548,460,367,421,337,747
AT3G44200,455,344,254,418,342,332
AT3G44210,0,0,0,0,0,0
AT3G44220,139,174,144,133,81,83
AT3G44230,0,0,0,0,0,0
AT3G44235,0,0,0,0,0,0
AT3G44240,0,2,2,0,1,8
AT3G44250,0,0,0,0,0,0
AT3G44260,50,8,6,14,9,320
AT3G44261,0,0,0,0,0,0
AT3G44265,0,0,0,0,0,0
AT3G44280,111,348,200,149,89,217
AT3G44290,179,139,81,163,49,103
AT3G44300,3274,3496,1648,5177,2497,3693
AT3G44310,1511,1599,732,1323,825,1198
AT3G44320,528,890,467,819,500,710
AT3G44326,21,70,34,22,23,65
AT3G44330,599,671,407,687,479,620
AT3G44340,227,172,138,202,200,282
AT3G44350,0,0,0,4,8,0
AT3G44370,126,107,77,104,96,87
AT3G44380,135,225,132,118,85,67
AT3G44400,78,63,44,36,78,102
AT3G44405,3,8,0,4,3,0
AT3G44428,0,0,0,0,0,0
AT3G44430,307,342,253,280,252,170
AT3G44435,85,89,48,78,60,52
AT3G44440,0,0,0,0,0,1
AT3G44444,0,0,0,0,0,0
AT3G44450,0,6,2,2,2,0
AT3G44460,0,0,0,0,0,0
AT3G44480,67,81,46,103,75,71
AT3G44485,3,0,0,0,0,0
AT3G44490,1,0,0,0,0,1
AT3G44510,16,66,29,30,11,35
AT3G44530,58,38,26,48,35,35
AT3G44540,0,5,0,3,0,9
AT3G44550,0,3,2,2,0,0
AT3G44555,0,0,0,0,0,0
AT3G44560,0,0,0,0,0,0
AT3G44570,0,1,1,1,0,0
AT3G44580,0,0,1,0,0,0
AT3G44590,583,1078,937,677,540,601
AT3G44600,234,317,105,320,152,283
AT3G44610,70,39,40,69,33,45
AT3G44620,126,362,172,141,96,139
AT3G44630,21,11,19,19,10,15
AT3G44635,1,2,2,0,0,0
AT3G44660,0,0,0,0,0,0
AT3G44665,0,0,0,0,0,0
AT3G44670,51,57,48,73,69,71
AT3G44680,226,243,152,192,152,170
AT3G44690,2,30,7,5,8,7
AT3G44695,10,12,6,11,0,3
AT3G44700,13,44,17,31,13,20
AT3G44703,9,0,0,44,27,42
AT3G44704,0,0,1,0,0,0
AT3G44710,50,125,61,145,64,85
AT3G44713,3,14,2,8,6,7
AT3G44716,11,51,28,14,16,11
AT3G44718,0,0,0,0,0,0
AT3G44720,182,129,123,123,171,304
AT3G44730,8,42,18,1,0,19
AT3G44735,148,247,82,88,77,114
AT3G44740,135,166,71,95,62,75
AT3G44750,675,1382,821,915,593,802
AT3G44753,14,25,12,15,9,15
AT3G44755,3,0,1,0,0,0
AT3G44760,0,0,0,0,0,0
AT3G44763,0,0,0,0,0,0
AT3G44765,0,0,1,2,2,4
AT3G44766,0,0,0,0,0,0
AT3G44769,0,0,0,0,0,0
AT3G44770,0,1,3,1,0,3
AT3G44780,0,0,0,0,0,0
AT3G44785,0,0,0,0,0,0
AT3G44790,0,0,0,0,2,0
AT3G44798,88,187,135,56,65,64
AT3G44800,0,2,0,1,0,0
AT3G44805,0,0,0,0,0,0
AT3G44810,0,0,0,0,0,0
AT3G44820,32,14,14,14,38,18
AT3G44830,0,0,0,0,0,0
AT3G44840,0,0,0,0,0,0
AT3G44850,39,121,29,83,77,72
AT3G44860,0,0,0,0,0,0
AT3G44870,3,8,1,0,0,7
AT3G44880,21,62,56,29,9,25
AT3G44890,80,312,148,97,57,96
AT3G44900,0,0,0,0,0,0
AT3G44910,0,0,0,0,0,0
AT3G44920,0,0,0,0,0,0
AT3G44930,0,0,0,0,0,0
AT3G44935,0,0,0,0,0,0
AT3G44940,94,121,54,58,60,49
AT3G44950,0,0,0,0,0,0
AT3G44955,0,0,0,0,0,0
AT3G44960,9,12,4,1,3,0
AT3G44970,0,0,0,0,0,0
AT3G44980,0,0,0,0,0,0
AT3G44990,30,45,64,0,1,0
AT3G45000,0,1,0,0,0,0
AT3G45010,37,73,46,82,138,135
AT3G45020,72,124,54,59,37,58
AT3G45030,3745,5797,3956,3200,2572,3145
AT3G45040,147,230,169,228,175,195
AT3G45050,60,74,55,47,45,76
AT3G45060,0,0,1,0,0,2
AT3G45070,0,0,5,0,0,0
AT3G45080,0,4,4,0,0,0
AT3G45090,336,401,260,339,343,423
AT3G45093,0,0,0,0,0,0
AT3G45100,327,141,161,247,210,280
AT3G45110,0,5,1,0,0,0
AT3G45130,1,1,1,0,0,0
AT3G45140,0,0,0,0,0,0
AT3G45150,0,0,0,0,0,0
AT3G45160,0,22,41,0,0,0
AT3G45170,0,0,0,0,0,0
AT3G45180,0,0,0,0,0,0
AT3G45190,237,321,134,299,206,282
AT3G45200,0,0,0,0,0,0
AT3G45210,28,105,84,39,36,55
AT3G45220,0,0,0,0,0,0
AT3G45230,99,142,133,143,79,92
AT3G45240,179,194,110,126,143,154
AT3G45243,0,0,0,0,0,0
AT3G45245,0,0,0,0,0,0
AT3G45248,0,0,0,0,0,0
AT3G45252,0,0,0,0,0,0
AT3G45260,42,30,18,43,35,20
AT3G45275,0,0,0,0,0,0
AT3G45280,3,11,4,18,21,23
AT3G45285,0,0,0,0,0,0
AT3G45290,5,9,7,7,6,42
AT3G45300,633,844,622,968,561,1154
AT3G45310,1767,1719,1089,2088,1072,1860
AT3G45320,7,0,0,0,0,0
AT3G45330,0,1,4,0,2,12
AT3G45390,3,32,18,8,9,18
AT3G45400,64,166,92,71,75,88
AT3G45410,13,86,87,18,18,129
AT3G45420,25,40,32,26,30,33
AT3G45430,27,25,11,42,15,26
AT3G45440,0,5,7,5,0,12
AT3G45443,72,128,71,67,33,107
AT3G45450,0,0,0,0,0,0
AT3G45460,0,0,0,0,0,0
AT3G45470,0,0,0,0,0,0
AT3G45480,0,0,0,0,0,0
AT3G45490,3,11,6,3,7,0
AT3G45500,0,0,0,0,1,0
AT3G45510,0,0,0,0,0,0
AT3G45525,0,0,0,0,0,0
AT3G45530,49,33,17,115,79,112
AT3G45540,0,0,0,0,0,0
AT3G45555,0,0,0,0,0,0
AT3G45560,0,0,0,0,0,0
AT3G45570,0,0,0,0,0,0
AT3G45577,0,0,0,0,0,0
AT3G45580,0,0,0,0,0,0
AT3G45590,135,251,80,84,82,120
AT3G45600,674,1445,755,808,418,696
AT3G45610,106,52,64,49,59,44
AT3G45620,186,182,85,177,126,175
AT3G45630,183,181,116,114,128,204
AT3G45638,0,0,0,7,0,7
AT3G45640,172,315,234,256,188,305
AT3G45645,0,0,0,2,1,0
AT3G45650,37,78,80,36,23,150
AT3G45660,1,0,0,7,3,4
AT3G45670,0,0,0,0,0,0
AT3G45673,0,0,0,0,0,0
AT3G45680,0,0,0,0,0,0
AT3G45690,0,0,0,0,0,0
AT3G45700,99,50,78,118,110,65
AT3G45710,18,81,58,4,5,65
AT3G45720,0,14,0,53,30,34
AT3G45730,158,152,191,160,116,372
AT3G45740,126,181,97,134,78,123
AT3G45750,52,22,45,50,40,39
AT3G45760,3,0,1,35,36,2
AT3G45770,485,267,193,347,253,387
AT3G45780,253,383,125,322,180,231
AT3G45790,0,0,0,0,1,0
AT3G45800,0,0,0,1,0,0
AT3G45810,0,0,0,0,0,0
AT3G45820,0,0,0,0,0,0
AT3G45830,102,88,34,82,106,132
AT3G45840,0,15,10,11,1,12
AT3G45850,262,204,99,142,110,140
AT3G45851,0,0,0,0,0,0
AT3G45860,0,0,0,8,8,0
AT3G45870,7,46,15,19,16,3
AT3G45880,16,14,20,34,26,26
AT3G45890,139,108,75,145,123,106
AT3G45900,146,139,65,120,72,126
AT3G45910,0,0,0,1,0,0
AT3G45920,1,10,16,2,4,36
AT3G45930,473,1627,921,734,639,636
AT3G45935,0,0,0,0,0,0
AT3G45940,0,0,0,0,0,0
AT3G45950,0,0,0,0,0,0
AT3G45955,0,0,0,0,0,0
AT3G45960,8,0,0,8,20,35
AT3G45965,0,0,0,0,0,0
AT3G45970,33,34,11,43,31,104
AT3G45980,1234,3676,2070,1623,1112,1874
AT3G45990,0,0,0,0,0,0
AT3G46000,945,2137,1337,1123,833,1467
AT3G46010,1697,2781,1661,1668,1305,1739
AT3G46020,69,116,86,72,48,68
AT3G46030,1425,4955,2812,2087,1684,1920
AT3G46040,1716,3417,1695,1697,1389,1687
AT3G46050,0,0,0,0,0,0
AT3G46060,1438,2386,1608,1589,1234,1456
AT3G46070,0,0,0,0,0,0
AT3G46080,13,3,2,10,16,82
AT3G46086,0,0,0,0,0,0
AT3G46090,0,0,0,0,0,1
AT3G46100,94,154,81,122,61,107
AT3G46110,3,0,6,0,5,0
AT3G46120,0,0,0,0,0,0
AT3G46130,2140,591,401,1411,2390,1248
AT3G46140,0,1,0,0,1,1
AT3G46150,1,3,1,0,3,1
AT3G46160,0,0,0,0,0,0
AT3G46170,3,7,3,4,2,4
AT3G46180,191,343,177,306,226,215
AT3G46190,2,6,6,14,9,57
AT3G46200,124,298,144,146,131,102
AT3G46210,475,553,338,398,256,439
AT3G46220,126,129,99,131,109,107
AT3G46230,0,0,0,8,0,0
AT3G46240,0,0,0,0,0,0
AT3G46260,6,0,0,0,2,0
AT3G46270,23,81,43,52,33,45
AT3G46280,399,680,482,1026,512,1000
AT3G46290,101,131,65,171,123,136
AT3G46300,6,0,3,0,2,1
AT3G46310,1,0,1,1,0,0
AT3G46320,429,1565,872,719,550,568
AT3G46330,4,38,34,2,6,29
AT3G46340,0,3,0,0,0,0
AT3G46350,0,0,0,0,0,0
AT3G46355,0,0,0,0,0,0
AT3G46360,0,0,0,0,0,0
AT3G46370,0,0,0,0,0,0
AT3G46380,0,0,0,0,0,0
AT3G46390,0,0,0,0,0,0
AT3G46400,80,58,56,54,81,66
AT3G46410,0,0,1,0,0,0
AT3G46420,0,0,0,0,0,0
AT3G46430,2047,6408,2769,1931,1577,1913
AT3G46440,1252,1543,919,1737,913,1564
AT3G46450,233,244,100,163,126,209
AT3G46460,117,462,225,235,118,176
AT3G46470,0,0,0,0,0,0
AT3G46480,1,8,3,2,0,17
AT3G46490,120,64,83,220,120,220
AT3G46500,221,193,121,292,240,359
AT3G46510,299,452,258,375,247,372
AT3G46520,5,6,1,2,13,5
AT3G46530,4,8,4,1,15,11
AT3G46540,57,90,20,78,47,91
AT3G46550,221,137,120,200,206,180
AT3G46560,1887,4183,1930,1655,1357,1620
AT3G46565,0,0,0,0,0,0
AT3G46570,0,0,0,0,0,0
AT3G46580,117,143,92,94,72,110
AT3G46585,0,0,0,0,0,0
AT3G46590,241,245,161,225,174,235
AT3G46600,606,400,225,540,430,711
AT3G46610,13,31,11,44,34,23
AT3G46613,0,14,6,5,3,1
AT3G46614,0,4,0,1,1,0
AT3G46616,0,3,0,0,1,0
AT3G46617,1,2,4,0,5,5
AT3G46620,246,197,112,190,206,774
AT3G46630,52,114,76,83,80,135
AT3G46640,412,592,369,591,467,616
AT3G46650,13,51,32,21,18,13
AT3G46658,53,51,21,35,36,32
AT3G46660,23,27,16,24,25,12
AT3G46666,0,2,2,0,1,1
AT3G46668,20,44,30,22,15,31
AT3G46670,0,2,0,10,2,6
AT3G46680,9,1,0,4,11,1
AT3G46690,25,115,59,51,38,120
AT3G46700,22,25,33,32,19,27
AT3G46710,6,15,8,0,0,19
AT3G46720,51,120,60,114,74,110
AT3G46730,2,51,24,9,9,19
AT3G46735,1,16,2,1,1,7
AT3G46740,164,138,115,264,163,232
AT3G46750,0,0,0,0,0,0
AT3G46760,5,11,5,12,13,3
AT3G46770,0,0,0,0,0,0
AT3G46780,3,2,0,0,0,0
AT3G46790,24,54,21,40,17,31
AT3G46800,0,0,8,3,12,13
AT3G46810,11,15,6,29,67,56
AT3G46820,150,295,144,184,175,206
AT3G46830,494,961,554,688,486,559
AT3G46840,3,2,1,1,1,0
AT3G46845,389,562,418,457,368,505
AT3G46850,0,0,0,0,0,0
AT3G46860,0,0,0,0,0,0
AT3G46870,81,205,137,83,43,90
AT3G46875,0,0,0,0,0,0
AT3G46880,2,18,27,0,0,4
AT3G46890,4,17,11,1,2,0
AT3G46900,555,1742,1292,493,336,1511
AT3G46910,1,4,0,2,0,1
AT3G46920,55,46,23,35,41,37
AT3G46930,40,29,39,32,30,45
AT3G46940,231,1000,720,321,261,265
AT3G46950,30,104,27,55,56,40
AT3G46960,166,152,113,141,119,157
AT3G46970,77,122,79,146,118,143
AT3G46980,62,131,72,101,68,103
AT3G46990,82,53,44,75,65,75
AT3G47000,273,174,161,247,131,244
AT3G47010,99,74,54,131,88,109
AT3G47020,0,0,0,0,0,0
AT3G47030,7,8,2,8,2,0
AT3G47040,91,85,71,64,87,180
AT3G47050,11,18,7,39,35,59
AT3G47060,91,75,37,89,62,96
AT3G47070,44,41,32,42,9,43
AT3G47080,35,85,22,56,47,96
AT3G47090,0,2,1,0,0,2
AT3G47100,0,0,6,0,0,1
AT3G47110,2,2,3,0,0,0
AT3G47120,120,175,97,184,96,134
AT3G47130,0,0,0,0,0,0
AT3G47140,0,0,0,0,0,0
AT3G47150,3,3,0,0,0,0
AT3G47160,326,742,470,416,234,741
AT3G47170,0,0,0,0,0,0
AT3G47180,8,28,34,15,18,6
AT3G47190,0,0,0,0,0,0
AT3G47200,338,398,184,475,282,314
AT3G47210,358,402,249,480,346,302
AT3G47220,341,359,222,451,425,333
AT3G47250,0,8,0,0,0,0
AT3G47290,12,30,5,5,5,7
AT3G47295,0,3,2,0,1,3
AT3G47300,65,110,106,66,46,73
AT3G47340,61,15,1,109,43,170
AT3G47341,0,0,0,0,0,0
AT3G47342,1,0,0,0,1,1
AT3G47347,0,0,0,1,0,0
AT3G47348,0,1,0,4,0,1
AT3G47350,1915,3885,2271,1953,1841,1844
AT3G47360,214,461,199,114,106,204
AT3G47370,2158,3308,2804,2348,1659,2158
AT3G47380,70,66,68,105,76,44
AT3G47390,84,88,76,58,76,63
AT3G47400,38,23,56,90,67,106
AT3G47410,0,0,0,0,0,0
AT3G47420,3,29,7,0,3,19
AT3G47430,8,3,1,4,2,0
AT3G47440,0,0,0,0,0,0
AT3G47450,17,67,37,58,48,47
AT3G47460,111,182,74,98,75,137
AT3G47470,349,356,163,227,126,320
AT3G47480,36,36,9,71,87,143
AT3G47490,186,295,170,204,153,233
AT3G47500,138,169,104,91,109,93
AT3G47510,522,636,529,550,495,1331
AT3G47520,750,1433,784,1340,744,906
AT3G47530,19,35,18,18,22,40
AT3G47540,12,19,10,7,35,21
AT3G47550,197,316,265,256,192,273
AT3G47560,89,28,24,43,33,27
AT3G47570,24,25,8,24,5,14
AT3G47580,6,18,4,3,2,39
AT3G47590,245,476,225,297,147,321
AT3G47600,0,0,0,0,0,0
AT3G47610,400,330,251,361,257,347
AT3G47620,235,433,250,215,263,202
AT3G47630,106,122,73,72,54,82
AT3G47640,110,97,51,71,46,191
AT3G47650,28,73,23,24,19,34
AT3G47660,0,1,2,4,0,5
AT3G47670,130,260,301,261,166,286
AT3G47675,64,49,25,33,46,57
AT3G47680,133,253,132,114,144,153
AT3G47690,102,225,116,79,36,85
AT3G47700,58,68,62,81,65,59
AT3G47710,0,53,16,1,0,0
AT3G47720,2,2,5,5,0,0
AT3G47730,142,196,95,242,168,295
AT3G47740,0,22,5,0,0,0
AT3G47750,0,0,1,0,0,2
AT3G47760,0,1,0,2,1,0
AT3G47770,0,2,2,0,0,0
AT3G47780,52,59,42,37,64,74
AT3G47790,0,5,0,8,3,11
AT3G47800,261,218,264,625,365,468
AT3G47810,1179,2329,1281,1251,940,1366
AT3G47820,45,60,28,40,33,39
AT3G47830,46,67,37,22,16,36
AT3G47833,637,2363,1137,600,495,716
AT3G47836,737,2075,1048,606,560,701
AT3G47840,14,16,9,43,14,17
AT3G47850,268,319,164,203,158,235
AT3G47860,110,76,52,64,75,112
AT3G47870,0,0,0,0,0,0
AT3G47890,208,239,108,155,150,203
AT3G47910,207,221,121,213,186,260
AT3G47920,0,0,0,0,0,0
AT3G47930,181,212,186,207,202,228
AT3G47940,112,136,75,91,67,108
AT3G47950,11,16,11,13,8,8
AT3G47960,48,85,46,129,37,107
AT3G47965,209,662,358,164,132,182
AT3G47980,185,401,269,172,164,201
AT3G47990,205,291,200,242,175,246
AT3G48000,1953,1381,912,2200,1250,2426
AT3G48010,0,1,1,0,0,0
AT3G48020,5,74,51,7,16,75
AT3G48030,473,919,576,326,302,404
AT3G48040,116,168,81,97,62,93
AT3G48050,291,209,168,212,190,375
AT3G48057,0,0,0,0,0,0
AT3G48060,140,81,63,116,67,126
AT3G48070,147,217,114,238,164,151
AT3G48080,33,59,32,42,37,145
AT3G48090,208,173,121,244,201,280
AT3G48100,198,491,280,135,71,138
AT3G48110,41,56,21,84,60,38
AT3G48115,1131,1776,1057,871,794,1081
AT3G48120,65,65,32,66,41,37
AT3G48131,0,1,0,2,0,0
AT3G48140,5557,11281,6777,5189,4184,6626
AT3G48150,151,121,70,140,75,168
AT3G48160,162,213,87,179,105,177
AT3G48170,526,482,368,534,362,637
AT3G48180,30,132,112,30,51,156
AT3G48185,241,526,311,209,159,252
AT3G48187,47,45,18,18,14,24
AT3G48190,77,74,40,53,73,123
AT3G48195,134,77,82,85,99,176
AT3G48200,0,0,0,0,0,2
AT3G48201,1,0,0,0,0,0
AT3G48205,0,0,0,0,0,0
AT3G48208,0,0,0,0,0,0
AT3G48209,0,0,0,0,0,0
AT3G48210,205,424,225,194,181,261
AT3G48220,0,0,0,0,0,0
AT3G48230,0,0,0,0,0,0
AT3G48231,0,0,0,0,0,0
AT3G48240,4,15,9,13,3,4
AT3G48250,8,47,28,45,14,44
AT3G48260,15,35,30,61,40,62
AT3G48270,0,0,0,0,0,0
AT3G48275,0,0,0,0,0,0
AT3G48280,0,0,0,0,0,0
AT3G48290,0,0,0,0,0,0
AT3G48298,0,0,0,0,0,0
AT3G48300,0,0,0,0,0,0
AT3G48310,0,0,0,0,0,0
AT3G48320,8,12,5,5,1,2
AT3G48330,276,315,206,190,134,202
AT3G48340,69,421,218,105,16,90
AT3G48343,0,0,0,2,1,0
AT3G48344,0,0,0,0,0,0
AT3G48346,0,0,0,0,0,0
AT3G48350,1,6,9,3,2,2
AT3G48360,755,504,1009,974,517,1111
AT3G48380,498,390,185,477,386,441
AT3G48390,37,59,71,24,8,8
AT3G48400,21,37,22,71,21,65
AT3G48410,493,310,269,463,309,387
AT3G48420,23,43,22,10,6,21
AT3G48425,45,101,43,46,30,25
AT3G48430,181,259,101,185,167,205
AT3G48440,75,91,27,60,28,55
AT3G48450,5,17,3,0,1,2
AT3G48460,1,0,4,7,1,0
AT3G48470,51,49,9,33,21,34
AT3G48475,2,5,0,4,4,1
AT3G48480,23,38,21,21,26,35
AT3G48490,96,211,100,138,92,132
AT3G48500,30,76,25,41,36,67
AT3G48510,16,5,3,18,2,44
AT3G48515,0,0,0,0,0,0
AT3G48520,71,12,13,129,82,172
AT3G48530,1363,1532,1208,1530,994,2044
AT3G48540,24,59,52,48,23,30
AT3G48550,9,63,33,8,5,21
AT3G48560,965,561,426,845,547,694
AT3G48570,121,587,283,223,174,213
AT3G48580,5,1,1,4,5,3
AT3G48590,119,118,95,122,62,80
AT3G48600,20,26,29,8,6,14
AT3G48610,41,42,17,36,10,26
AT3G48620,0,0,0,0,0,0
AT3G48630,0,0,0,0,0,0
AT3G48640,0,0,4,0,2,15
AT3G48660,33,43,34,25,15,14
AT3G48670,385,407,205,382,218,211
AT3G48675,0,0,0,0,0,0
AT3G48680,866,1172,836,865,616,828
AT3G48690,109,124,84,124,62,132
AT3G48700,71,17,23,31,22,38
AT3G48710,373,447,232,301,197,337
AT3G48720,0,0,0,0,0,0
AT3G48730,129,190,60,120,93,129
AT3G48740,78,3,0,7,965,12
AT3G48745,0,0,0,0,0,0
AT3G48750,675,844,607,948,605,832
AT3G48760,239,267,217,291,235,403
AT3G48770,1,3,1,1,0,0
AT3G48780,524,549,274,410,343,453
AT3G48790,0,3,0,0,1,0
AT3G48800,58,71,39,79,90,65
AT3G48810,14,19,13,32,45,16
AT3G48820,276,314,251,307,186,255
AT3G48830,23,21,28,26,25,29
AT3G48835,0,3,0,0,0,4
AT3G48840,0,2,0,0,0,0
AT3G48850,0,0,7,0,0,6
AT3G48860,335,310,208,364,214,414
AT3G48870,492,352,316,641,425,578
AT3G48880,289,319,257,300,207,333
AT3G48890,577,1085,705,714,506,863
AT3G48900,19,37,18,30,16,27
AT3G48920,23,109,68,37,10,94
AT3G48930,8833,16942,9674,8242,6002,7701
AT3G48940,0,19,2,0,0,1
AT3G48950,0,0,0,0,0,0
AT3G48960,0,0,0,0,0,0
AT3G48970,264,396,228,203,180,132
AT3G48980,58,31,49,63,42,40
AT3G48990,604,777,725,932,669,1102
AT3G49000,95,81,37,73,34,31
AT3G49010,6462,7343,6597,7519,5234,7041
AT3G49020,0,0,0,0,0,0
AT3G49030,0,0,0,0,0,0
AT3G49040,0,0,0,0,0,0
AT3G49045,0,0,0,0,0,0
AT3G49050,117,174,90,127,101,100
AT3G49055,0,0,7,2,0,6
AT3G49060,61,81,57,55,61,76
AT3G49070,1,8,7,10,32,32
AT3G49080,303,354,247,420,253,321
AT3G49100,383,980,536,429,285,371
AT3G49110,0,0,0,0,0,0
AT3G49115,0,0,0,0,0,0
AT3G49120,7,112,90,8,29,600
AT3G49130,3,0,0,2,0,1
AT3G49140,65,133,54,79,66,62
AT3G49142,13,18,6,8,18,11
AT3G49150,0,0,0,0,0,0
AT3G49155,7,10,2,0,0,1
AT3G49160,1,38,5,9,4,1
AT3G49170,23,54,7,26,25,20
AT3G49180,211,286,144,188,137,216
AT3G49190,15,40,14,28,4,27
AT3G49200,0,0,0,0,0,0
AT3G49210,49,81,62,72,46,86
AT3G49220,199,287,299,285,204,279
AT3G49230,0,0,2,0,0,0
AT3G49240,64,46,86,133,85,82
AT3G49250,117,245,128,260,182,197
AT3G49260,0,0,2,0,0,0
AT3G49270,0,0,0,0,0,0
AT3G49290,85,150,63,84,59,83
AT3G49300,0,0,0,0,0,0
AT3G49305,0,0,0,0,0,0
AT3G49307,0,0,0,0,0,0
AT3G49310,385,588,348,416,346,430
AT3G49320,81,124,55,61,47,81
AT3G49330,36,240,137,67,43,50
AT3G49340,0,0,0,0,0,0
AT3G49350,130,195,104,228,197,235
AT3G49360,206,205,100,245,221,192
AT3G49370,36,45,29,29,31,60
AT3G49380,72,38,23,45,48,19
AT3G49390,220,335,237,307,217,269
AT3G49400,45,57,31,53,69,75
AT3G49410,86,70,44,74,56,56
AT3G49420,108,197,121,100,105,113
AT3G49430,612,315,346,538,355,472
AT3G49440,0,2,0,0,0,0
AT3G49450,0,0,0,0,0,0
AT3G49460,0,0,0,0,0,0
AT3G49470,423,824,450,445,287,465
AT3G49480,0,0,2,0,0,3
AT3G49490,116,238,91,192,136,272
AT3G49500,126,80,81,129,113,113
AT3G49510,24,43,20,17,25,21
AT3G49520,0,0,0,0,0,0
AT3G49530,115,115,79,154,126,222
AT3G49540,0,0,0,0,0,0
AT3G49550,89,119,58,129,124,108
AT3G49551,1,6,3,2,2,1
AT3G49560,323,483,311,370,295,423
AT3G49570,23,3,5,57,21,45
AT3G49580,1,1,1,2,0,25
AT3G49590,151,267,132,193,143,248
AT3G49600,40,127,26,55,51,100
AT3G49601,683,842,503,693,444,752
AT3G49610,0,0,0,0,0,0
AT3G49620,6,0,0,29,27,25
AT3G49630,105,95,64,250,118,131
AT3G49640,208,415,160,232,122,247
AT3G49645,88,82,83,94,52,99
AT3G49650,32,40,34,34,13,26
AT3G49660,120,95,55,103,53,79
AT3G49668,3,6,3,5,0,0
AT3G49670,85,133,103,83,92,64
AT3G49680,669,677,459,807,428,649
AT3G49690,8,23,25,12,21,21
AT3G49700,0,0,0,0,0,0
AT3G49710,22,38,10,47,16,26
AT3G49720,565,904,775,901,502,551
AT3G49725,24,78,41,37,35,58
AT3G49730,104,91,49,72,65,70
AT3G49740,26,9,14,12,27,1
AT3G49744,0,0,0,0,0,0
AT3G49750,189,248,238,127,89,115
AT3G49760,4,39,21,0,1,1
AT3G49770,4,22,1,6,3,2
AT3G49780,321,373,422,401,417,2381
AT3G49790,55,125,104,77,61,175
AT3G49796,0,0,0,0,0,0
AT3G49800,352,571,362,423,305,521
AT3G49810,649,901,388,555,440,581
AT3G49820,8,41,16,17,14,22
AT3G49830,19,2,2,6,1,5
AT3G49840,37,41,15,34,11,49
AT3G49845,376,697,731,393,369,378
AT3G49850,181,219,151,204,109,175
AT3G49860,78,129,106,95,64,154
AT3G49870,952,1680,902,825,719,1148
AT3G49880,116,140,86,154,131,161
AT3G49890,70,118,72,96,74,76
AT3G49900,20,31,10,18,15,21
AT3G49910,4206,9921,5115,5829,4261,5602
AT3G49920,55,63,33,66,50,60
AT3G49925,0,0,0,0,0,0
AT3G49930,73,71,69,69,63,110
AT3G49940,929,1555,1091,811,720,754
AT3G49950,0,0,0,0,0,0
AT3G49960,0,118,29,3,65,12
AT3G49970,0,0,0,0,0,0
AT3G49980,0,0,0,2,0,0
AT3G49990,237,275,235,344,179,259
AT3G50000,1565,1663,924,1331,1082,1164
AT3G50010,115,95,93,103,107,69
AT3G50020,0,0,0,0,0,0
AT3G50030,6,3,3,14,21,6
AT3G50040,38,55,27,15,14,36
AT3G50050,50,97,53,68,39,93
AT3G50060,44,12,13,7,10,81
AT3G50070,643,753,301,626,393,453
AT3G50080,107,102,34,100,100,109
AT3G50090,0,0,0,0,0,0
AT3G50100,85,84,36,53,37,18
AT3G50110,81,119,57,85,54,67
AT3G50120,16,18,12,19,20,11
AT3G50123,0,0,0,0,0,0
AT3G50130,24,39,45,37,32,52
AT3G50140,64,93,73,139,88,163
AT3G50150,29,33,16,66,26,69
AT3G50160,0,0,0,0,0,0
AT3G50170,0,0,0,0,0,0
AT3G50180,0,0,1,13,2,1
AT3G50190,125,96,63,198,108,140
AT3G50200,10,27,18,81,39,59
AT3G50210,316,538,247,383,212,372
AT3G50220,31,87,30,29,56,21
AT3G50230,54,47,27,59,33,51
AT3G50240,132,145,53,114,62,82
AT3G50250,0,0,0,0,0,0
AT3G50260,55,382,251,66,46,796
AT3G50270,0,2,0,0,0,1
AT3G50280,33,48,29,36,29,103
AT3G50290,33,25,31,33,49,51
AT3G50300,38,158,88,27,19,25
AT3G50310,25,8,7,50,7,9
AT3G50320,0,0,0,0,0,0
AT3G50330,0,0,0,0,2,0
AT3G50340,103,143,71,89,56,108
AT3G50350,7,51,33,3,9,5
AT3G50360,555,1060,516,577,462,551
AT3G50370,918,505,431,860,707,932
AT3G50373,0,0,0,0,0,0
AT3G50380,40,103,44,53,52,64
AT3G50390,0,1,2,2,5,2
AT3G50400,0,0,3,0,0,0
AT3G50410,10,15,13,6,10,16
AT3G50420,23,5,5,10,7,21
AT3G50430,95,68,28,54,64,73
AT3G50440,0,0,1,3,4,0
AT3G50450,0,0,0,0,0,0
AT3G50460,9,26,37,5,7,35
AT3G50470,51,91,72,77,70,139
AT3G50480,3,7,41,24,24,58
AT3G50500,873,1367,803,872,584,903
AT3G50505,0,0,0,0,0,0
AT3G50510,0,0,0,0,0,0
AT3G50520,280,597,342,318,215,317
AT3G50530,112,173,81,180,100,188
AT3G50540,0,0,0,0,0,0
AT3G50550,334,844,375,339,283,360
AT3G50560,0,0,0,3,0,2
AT3G50570,0,0,0,0,0,0
AT3G50580,0,0,0,0,0,0
AT3G50590,182,308,160,222,185,289
AT3G50610,0,0,0,0,0,0
AT3G50620,281,297,225,216,216,225
AT3G50630,104,205,114,61,42,77
AT3G50640,1056,1213,868,1211,959,1068
AT3G50650,19,14,24,29,37,30
AT3G50660,284,372,241,193,205,315
AT3G50665,0,0,0,0,0,0
AT3G50670,997,401,425,732,679,690
AT3G50685,18,30,27,21,9,37
AT3G50690,255,283,135,217,204,263
AT3G50700,53,59,34,95,80,70
AT3G50710,0,3,0,0,9,0
AT3G50720,0,0,0,0,0,0
AT3G50730,0,0,0,0,1,0
AT3G50740,108,115,154,154,48,86
AT3G50750,37,57,51,28,22,36
AT3G50760,80,49,61,132,97,112
AT3G50770,1,2,2,6,21,2
AT3G50780,267,299,203,198,215,170
AT3G50790,179,171,70,152,112,128
AT3G50800,90,29,25,49,55,122
AT3G50808,0,0,0,0,0,0
AT3G50810,34,142,101,17,8,73
AT3G50820,2,13,13,8,0,15
AT3G50825,0,5,0,0,0,3
AT3G50830,159,286,216,133,135,308
AT3G50835,0,0,0,0,0,0
AT3G50840,2,12,25,5,7,21
AT3G50845,105,158,95,108,85,101
AT3G50850,19,74,34,23,23,27
AT3G50860,137,251,138,111,114,152
AT3G50870,186,145,59,116,64,134
AT3G50880,142,234,125,142,94,137
AT3G50890,5,3,3,1,3,12
AT3G50895,0,0,0,0,0,0
AT3G50900,263,604,291,301,258,288
AT3G50910,261,282,195,294,161,303
AT3G50920,157,270,145,155,76,208
AT3G50925,0,0,0,0,0,0
AT3G50930,107,47,34,107,83,361
AT3G50940,0,0,0,4,0,1
AT3G50950,38,69,41,66,35,163
AT3G50960,145,344,179,190,141,198
AT3G50970,796,1004,633,607,551,2180
AT3G50980,48,32,8,20,5,113
AT3G50990,0,0,0,0,0,0
AT3G51000,145,218,127,210,116,298
AT3G51010,420,801,374,429,318,435
AT3G51020,0,0,0,3,0,0
AT3G51030,255,402,228,178,155,192
AT3G51040,208,531,316,241,182,264
AT3G51050,406,302,186,432,261,311
AT3G51060,55,26,13,33,40,34
AT3G51070,8,3,0,5,3,6
AT3G51075,18,6,5,6,4,21
AT3G51080,64,74,56,56,39,81
AT3G51090,114,181,85,72,79,116
AT3G51100,341,663,400,368,289,437
AT3G51110,82,106,61,88,66,81
AT3G51120,211,172,142,135,83,149
AT3G51130,271,377,241,276,208,303
AT3G51135,0,0,0,0,0,0
AT3G51140,271,445,264,235,180,282
AT3G51150,124,98,46,108,91,129
AT3G51160,727,1084,619,1252,786,1067
AT3G51171,0,7,4,0,0,13
AT3G51180,17,11,24,19,35,25
AT3G51190,0,0,1,4,1,3
AT3G51200,0,0,1,0,0,0
AT3G51210,0,0,0,0,0,0
AT3G51220,11,6,12,23,6,19
AT3G51230,35,134,54,31,27,79
AT3G51238,188,163,97,0,4,10
AT3G51240,290,233,117,5,1,9
AT3G51250,134,204,126,116,168,146
AT3G51260,1383,1854,1444,1360,819,1071
AT3G51265,0,0,0,0,0,0
AT3G51270,634,603,321,582,418,413
AT3G51280,318,539,282,261,200,329
AT3G51290,93,78,40,67,82,76
AT3G51300,5,62,39,13,17,20
AT3G51310,271,318,167,297,255,271
AT3G51320,76,38,30,61,43,62
AT3G51325,27,202,84,17,16,47
AT3G51330,134,250,251,178,137,548
AT3G51340,29,24,32,34,22,116
AT3G51350,1,16,17,16,7,18
AT3G51360,7,21,24,8,5,30
AT3G51370,721,1023,553,719,662,816
AT3G51375,0,0,0,0,0,0
AT3G51380,1,16,2,2,11,6
AT3G51390,153,251,172,224,158,154
AT3G51400,16,53,28,27,17,33
AT3G51410,0,27,1,5,7,6
AT3G51420,0,0,2,0,0,0
AT3G51430,216,166,72,266,150,240
AT3G51440,209,227,184,282,157,369
AT3G51450,62,25,38,34,28,35
AT3G51460,439,460,278,450,281,357
AT3G51470,60,105,40,35,20,78
AT3G51480,29,25,36,35,21,63
AT3G51490,7,0,0,6,4,3
AT3G51500,113,233,149,91,77,139
AT3G51510,22,21,20,3,3,11
AT3G51520,449,566,371,492,265,543
AT3G51530,194,118,71,162,95,72
AT3G51540,0,34,13,13,9,41
AT3G51550,602,492,344,746,660,920
AT3G51560,0,0,0,0,0,0
AT3G51570,0,0,0,0,0,0
AT3G51580,244,269,143,292,252,250
AT3G51590,0,0,0,0,0,0
AT3G51600,63,13,3,360,208,157
AT3G51610,383,548,330,413,285,451
AT3G51620,118,172,85,157,127,136
AT3G51630,116,203,134,141,154,149
AT3G51640,132,83,69,128,73,77
AT3G51642,0,32,31,1,0,1
AT3G51644,0,0,0,0,0,0
AT3G51650,68,77,54,79,65,88
AT3G51660,48,241,137,88,40,64
AT3G51670,494,706,459,453,389,389
AT3G51680,0,0,0,0,0,1
AT3G51690,0,0,0,0,0,0
AT3G51700,0,0,0,0,0,0
AT3G51710,33,33,35,7,18,22
AT3G51720,224,795,346,318,212,440
AT3G51730,719,1785,1544,912,544,1574
AT3G51740,134,239,172,170,150,277
AT3G51750,57,168,69,56,42,45
AT3G51760,3,0,0,5,1,0
AT3G51770,259,204,117,230,175,195
AT3G51780,139,98,78,97,61,66
AT3G51790,84,111,66,81,57,85
AT3G51800,1197,1499,1026,1580,954,1116
AT3G51810,0,0,0,0,0,0
AT3G51820,3,5,4,0,0,0
AT3G51830,80,206,77,131,70,143
AT3G51840,820,853,521,806,579,987
AT3G51850,160,268,111,250,137,187
AT3G51860,35,27,28,55,16,60
AT3G51870,0,18,19,12,4,21
AT3G51880,692,1438,807,667,485,794
AT3G51890,81,149,95,90,59,266
AT3G51895,2,0,0,3,0,0
AT3G51910,625,536,449,388,310,689
AT3G51920,473,872,641,475,380,676
AT3G51930,62,70,57,54,67,85
AT3G51940,52,67,31,38,23,41
AT3G51950,885,1057,535,592,566,495
AT3G51960,20,15,20,7,5,18
AT3G51970,37,59,43,40,37,58
AT3G51980,197,203,144,222,124,242
AT3G51990,68,136,75,116,76,58
AT3G52000,0,0,0,0,0,0
AT3G52010,0,0,0,0,0,0
AT3G52020,0,0,0,0,0,0
AT3G52030,150,202,153,139,110,176
AT3G52040,284,881,425,307,258,307
AT3G52050,153,132,100,65,60,62
AT3G52060,341,1067,796,492,354,850
AT3G52070,55,101,57,34,23,70
AT3G52072,91,127,76,41,36,107
AT3G52075,0,0,0,0,0,0
AT3G52080,73,152,65,63,45,68
AT3G52090,1315,2778,1273,1087,871,1064
AT3G52100,155,117,99,147,86,156
AT3G52105,76,274,167,73,71,186
AT3G52110,85,242,126,127,76,182
AT3G52115,12,71,27,47,29,28
AT3G52120,334,321,162,303,202,343
AT3G52130,1,0,0,0,0,0
AT3G52140,502,469,304,592,432,613
AT3G52150,158,238,195,184,96,190
AT3G52155,127,161,87,92,79,76
AT3G52160,2,0,3,0,2,9
AT3G52170,186,231,110,181,141,176
AT3G52180,34,110,57,73,55,67
AT3G52190,194,283,125,221,123,207
AT3G52200,422,572,344,645,469,584
AT3G52210,178,254,134,146,144,182
AT3G52220,376,824,460,453,329,485
AT3G52230,392,817,521,323,203,356
AT3G52240,286,235,207,329,294,438
AT3G52250,213,198,90,169,157,237
AT3G52260,121,82,94,164,123,131
AT3G52270,0,0,0,1,0,0
AT3G52280,231,300,139,165,159,201
AT3G52285,0,0,0,0,0,0
AT3G52290,194,283,169,243,180,202
AT3G52300,3686,8712,4385,3854,2534,3916
AT3G52310,0,0,0,0,0,0
AT3G52320,0,0,0,0,0,0
AT3G52330,0,0,0,0,0,0
AT3G52340,119,60,51,62,51,79
AT3G52345,0,0,0,0,0,0
AT3G52350,0,0,0,0,0,0
AT3G52360,1062,1700,1211,861,707,1334
AT3G52370,69,153,76,50,47,43
AT3G52380,232,111,90,156,82,140
AT3G52390,111,269,132,116,64,141
AT3G52400,60,106,79,68,76,277
AT3G52420,202,468,222,161,134,161
AT3G52430,187,171,115,120,141,273
AT3G52440,7,60,26,40,12,21
AT3G52450,73,84,42,93,93,286
AT3G52460,71,86,69,35,54,91
AT3G52470,341,916,604,329,252,507
AT3G52480,94,279,180,79,98,253
AT3G52490,234,125,111,205,167,251
AT3G52500,117,192,180,208,176,162
AT3G52510,0,0,0,0,0,0
AT3G52520,6,27,8,2,1,3
AT3G52525,0,3,0,0,0,0
AT3G52526,0,1,3,0,1,5
AT3G52530,9,1,1,2,5,1
AT3G52535,42,92,58,37,20,64
AT3G52540,3,6,13,8,5,18
AT3G52550,7,6,1,9,7,6
AT3G52560,1111,2145,1225,978,624,1101
AT3G52561,0,7,7,7,4,2
AT3G52565,0,0,0,0,0,0
AT3G52570,148,191,134,122,85,145
AT3G52580,2701,5082,3394,3027,2129,2810
AT3G52590,14524,26498,15020,12810,10287,12885
AT3G52600,1,1,2,3,2,0
AT3G52605,42,61,28,17,17,39
AT3G52610,76,136,85,52,40,86
AT3G52620,0,0,0,0,0,1
AT3G52630,116,397,193,169,121,150
AT3G52640,291,341,273,412,252,301
AT3G52660,193,136,90,186,125,172
AT3G52680,30,51,23,48,47,38
AT3G52690,0,0,0,0,0,0
AT3G52700,0,0,0,0,0,0
AT3G52710,19,75,48,56,43,77
AT3G52720,0,1,2,2,0,0
AT3G52730,1715,5660,2929,1659,1257,1822
AT3G52740,28,85,62,0,1,6
AT3G52742,0,0,0,0,0,0
AT3G52748,37,167,113,18,6,128
AT3G52750,76,107,87,91,90,47
AT3G52760,241,252,272,263,237,305
AT3G52765,0,0,0,0,0,0
AT3G52770,56,90,49,40,18,38
AT3G52780,0,0,0,0,0,0
AT3G52790,60,194,67,48,47,89
AT3G52800,961,845,843,824,622,1859
AT3G52810,0,1,0,1,1,0
AT3G52820,12,6,10,33,16,16
AT3G52830,0,0,0,0,0,0
AT3G52840,26,55,32,27,60,37
AT3G52850,584,573,324,777,527,739
AT3G52860,267,255,235,225,178,268
AT3G52870,154,105,82,177,99,184
AT3G52880,578,836,516,726,380,661
AT3G52890,503,249,224,516,316,423
AT3G52900,123,263,165,164,250,129
AT3G52905,118,166,111,116,76,103
AT3G52910,242,371,206,204,128,147
AT3G52920,648,666,487,595,527,643
AT3G52930,7659,8436,9195,10227,6100,8337
AT3G52940,340,819,415,446,262,367
AT3G52941,0,0,0,0,0,0
AT3G52950,137,122,66,106,87,141
AT3G52955,0,0,0,0,0,0
AT3G52960,707,1573,1252,910,644,761
AT3G52970,0,0,0,0,0,0
AT3G52980,0,0,0,0,0,0
AT3G52990,962,962,684,1289,777,1014
AT3G53000,110,240,131,156,101,178
AT3G53010,42,123,45,70,69,36
AT3G53015,0,0,0,0,0,0
AT3G53016,0,0,0,0,0,0
AT3G53020,8247,18502,9235,8686,6182,7740
AT3G53030,77,175,66,115,73,115
AT3G53040,8,20,0,26,11,45
AT3G53050,0,0,0,0,0,0
AT3G53060,0,0,0,0,0,0
AT3G53065,0,0,0,0,0,0
AT3G53070,0,0,0,0,0,0
AT3G53075,0,0,0,0,0,0
AT3G53080,0,0,0,0,0,0
AT3G53090,53,24,18,29,48,34
AT3G53100,176,253,229,40,130,186
AT3G53110,766,720,461,724,439,710
AT3G53120,222,427,253,232,160,269
AT3G53130,0,1,1,1,5,5
AT3G53140,0,0,0,0,0,0
AT3G53150,3,3,4,9,18,48
AT3G53160,275,30,16,211,165,303
AT3G53170,7,16,0,13,4,20
AT3G53180,216,274,137,295,220,316
AT3G53190,1410,1042,894,1267,789,974
AT3G53200,60,21,13,239,85,163
AT3G53210,330,412,130,399,281,375
AT3G53220,11,63,27,29,18,16
AT3G53230,101,96,44,131,90,214
AT3G53232,0,1,0,1,0,0
AT3G53235,0,0,0,0,0,0
AT3G53240,67,54,48,102,73,78
AT3G53250,0,0,0,1,0,0
AT3G53260,371,419,244,351,359,587
AT3G53270,58,127,71,105,68,98
AT3G53280,0,0,0,0,0,0
AT3G53290,0,0,0,0,0,0
AT3G53294,0,0,0,0,0,0
AT3G53300,0,0,0,0,0,0
AT3G53305,0,0,0,0,0,0
AT3G53310,5,0,0,0,1,3
AT3G53320,94,104,69,115,47,73
AT3G53330,0,0,0,1,0,0
AT3G53340,311,365,298,240,142,316
AT3G53342,0,0,0,0,0,0
AT3G53350,73,134,45,82,48,66
AT3G53360,1,8,4,11,6,10
AT3G53365,0,7,2,0,2,1
AT3G53370,117,333,191,113,82,107
AT3G53380,102,147,78,82,89,104
AT3G53390,62,68,39,103,62,99
AT3G53400,38,80,34,49,52,133
AT3G53410,96,125,75,48,24,66
AT3G53420,12855,14729,11376,8538,6318,14432
AT3G53430,2656,4644,2947,2614,1735,2442
AT3G53440,147,192,95,140,136,128
AT3G53450,34,132,53,66,24,52
AT3G53460,941,399,508,918,726,867
AT3G53470,2,31,10,0,1,11
AT3G53480,730,1069,693,1332,941,2000
AT3G53490,77,192,125,102,75,130
AT3G53500,796,767,733,902,666,864
AT3G53510,24,70,26,29,53,56
AT3G53520,445,547,369,499,319,515
AT3G53530,6,6,1,11,6,6
AT3G53540,104,68,40,96,95,134
AT3G53550,0,0,0,0,0,0
AT3G53560,129,111,61,83,88,84
AT3G53570,221,288,147,179,183,173
AT3G53580,751,871,566,868,479,729
AT3G53590,46,93,61,80,46,80
AT3G53600,1,7,3,1,0,1
AT3G53610,690,1414,793,754,481,634
AT3G53611,0,0,0,0,0,0
AT3G53620,403,1060,721,376,300,402
AT3G53630,478,781,375,449,379,382
AT3G53640,0,0,0,2,0,0
AT3G53650,60,212,132,165,105,153
AT3G53670,570,1003,564,683,486,915
AT3G53680,23,24,14,20,12,15
AT3G53690,0,5,10,2,0,5
AT3G53700,17,18,27,78,22,28
AT3G53710,281,384,220,311,213,304
AT3G53720,2,3,0,17,8,26
AT3G53730,592,2189,1420,835,726,1029
AT3G53740,8232,18498,9623,7069,5852,7813
AT3G53750,849,606,513,660,447,560
AT3G53760,72,91,57,71,43,77
AT3G53770,0,0,0,0,0,0
AT3G53775,0,0,0,0,0,0
AT3G53780,96,139,106,83,109,85
AT3G53790,0,0,0,0,0,0
AT3G53800,42,44,25,95,56,36
AT3G53810,24,46,39,67,70,65
AT3G53820,0,10,6,0,0,9
AT3G53830,28,2,4,11,8,6
AT3G53840,9,51,2,18,15,9
AT3G53850,228,433,191,188,200,185
AT3G53860,35,40,31,31,22,64
AT3G53870,6381,6070,5221,6826,4361,5696
AT3G53880,134,235,131,165,122,127
AT3G53890,2196,7192,3847,2276,1807,2418
AT3G53900,244,349,268,231,157,193
AT3G53910,0,0,0,0,0,0
AT3G53920,43,63,29,23,39,38
AT3G53930,64,82,62,51,49,50
AT3G53940,85,137,79,75,47,87
AT3G53950,55,121,87,42,43,47
AT3G53960,0,0,0,0,0,0
AT3G53965,0,0,0,0,0,0
AT3G53970,453,415,298,408,297,390
AT3G53980,2201,13466,3176,505,876,4717
AT3G53990,3695,7007,3546,5220,3309,5134
AT3G54000,136,152,53,130,99,128
AT3G54010,184,179,104,158,141,205
AT3G54020,23,223,110,89,60,77
AT3G54030,291,337,174,327,314,325
AT3G54040,111,936,824,120,309,1466
AT3G54050,10,6,2,1,0,6
AT3G54060,11,17,15,22,23,37
AT3G54065,0,0,0,0,0,0
AT3G54070,0,0,0,0,0,0
AT3G54080,615,1059,627,580,356,544
AT3G54085,280,613,404,189,156,229
AT3G54090,31,57,34,17,44,45
AT3G54100,34,63,78,82,48,153
AT3G54110,1040,1335,840,1165,781,1242
AT3G54120,45,54,60,39,53,28
AT3G54130,88,240,111,131,91,122
AT3G54140,46,227,134,48,38,62
AT3G54150,7,11,11,56,18,49
AT3G54160,1,13,8,3,4,4
AT3G54170,184,370,217,226,148,195
AT3G54180,217,380,177,200,122,129
AT3G54190,564,782,469,534,399,572
AT3G54200,139,140,158,210,120,399
AT3G54210,348,842,500,336,237,393
AT3G54220,537,330,204,462,363,396
AT3G54230,121,198,84,129,133,195
AT3G54240,12,0,0,2,1,2
AT3G54250,186,368,190,259,195,249
AT3G54260,660,789,556,569,372,481
AT3G54270,82,41,32,93,58,100
AT3G54280,91,145,75,130,130,144
AT3G54290,202,195,135,186,132,185
AT3G54300,430,732,397,430,230,481
AT3G54310,5,0,0,1,0,0
AT3G54320,281,347,217,303,181,218
AT3G54340,0,1,2,4,0,0
AT3G54350,347,222,183,277,199,273
AT3G54360,173,322,184,235,156,286
AT3G54363,93,138,52,46,46,79
AT3G54366,475,776,431,399,403,389
AT3G54380,396,365,172,288,230,268
AT3G54390,26,81,42,8,9,23
AT3G54400,806,1007,500,1085,599,605
AT3G54410,17,4,1,11,9,4
AT3G54420,168,206,208,69,86,186
AT3G54430,142,159,150,68,68,151
AT3G54440,154,176,67,188,131,197
AT3G54450,2,0,0,0,0,3
AT3G54460,17,55,19,49,28,62
AT3G54470,830,1140,691,883,518,745
AT3G54480,685,778,403,435,353,584
AT3G54490,2,0,1,0,1,0
AT3G54500,592,535,362,92,89,82
AT3G54510,28,14,21,15,8,1
AT3G54520,1,3,4,8,1,16
AT3G54530,1,9,2,1,4,26
AT3G54540,458,430,208,400,287,375
AT3G54550,0,6,5,5,3,1
AT3G54560,978,2856,1202,861,711,1056
AT3G54570,0,0,0,2,0,0
AT3G54580,202,1915,1086,282,775,1222
AT3G54590,88,994,395,148,814,645
AT3G54600,0,62,10,3,16,18
AT3G54610,50,46,72,121,41,69
AT3G54620,571,622,516,609,502,910
AT3G54625,75,127,55,88,57,91
AT3G54630,74,136,46,80,46,87
AT3G54640,399,871,477,445,375,529
AT3G54650,362,505,239,447,306,407
AT3G54660,238,197,122,170,132,181
AT3G54670,667,736,404,619,488,659
AT3G54680,431,401,409,487,428,664
AT3G54690,176,311,241,200,175,231
AT3G54700,0,1,0,0,0,0
AT3G54710,32,192,67,84,45,109
AT3G54720,57,62,35,51,29,15
AT3G54730,0,0,0,0,0,0
AT3G54740,228,220,134,221,180,187
AT3G54750,255,233,155,241,170,176
AT3G54760,739,844,455,708,507,713
AT3G54770,438,500,613,557,301,376
AT3G54780,77,39,26,67,60,45
AT3G54790,139,126,72,144,103,120
AT3G54800,0,1,0,0,0,0
AT3G54810,659,597,372,1002,576,730
AT3G54820,15,18,22,0,14,4
AT3G54826,193,384,231,192,166,204
AT3G54830,0,2,1,0,0,0
AT3G54840,414,621,351,375,284,411
AT3G54850,176,121,64,155,101,166
AT3G54860,286,306,175,237,226,224
AT3G54870,18,23,7,9,13,6
AT3G54880,609,1180,958,443,389,1000
AT3G54890,56,40,16,5,5,10
AT3G54900,232,589,429,180,157,248
AT3G54910,315,226,125,225,210,172
AT3G54920,1655,789,509,1197,1153,1001
AT3G54925,0,1,0,1,0,0
AT3G54930,40,47,34,21,22,21
AT3G54940,0,0,0,0,0,0
AT3G54950,44,118,70,45,53,94
AT3G54960,329,418,340,888,505,498
AT3G54970,127,138,62,159,91,87
AT3G54980,70,62,28,115,53,79
AT3G54990,23,24,22,24,10,19
AT3G55000,261,271,205,244,144,260
AT3G55005,253,500,260,269,234,263
AT3G55010,227,258,162,250,138,128
AT3G55020,356,316,165,287,185,319
AT3G55030,438,583,383,389,302,447
AT3G55040,46,61,43,28,33,48
AT3G55050,150,147,66,104,122,131
AT3G55060,73,117,57,71,65,82
AT3G55070,87,151,104,107,85,111
AT3G55080,92,97,60,86,84,87
AT3G55090,0,4,3,4,5,4
AT3G55100,0,0,0,0,0,0
AT3G55110,0,0,0,0,0,0
AT3G55120,15,4,6,0,2,7
AT3G55130,0,0,0,0,0,0
AT3G55140,260,481,161,258,176,290
AT3G55150,50,75,80,85,104,145
AT3G55160,49,64,70,81,66,141
AT3G55170,1161,2066,1185,875,773,1015
AT3G55180,5,36,27,4,9,25
AT3G55190,0,0,0,0,0,0
AT3G55200,250,205,92,195,177,244
AT3G55210,0,0,0,0,1,0
AT3G55220,76,72,70,66,78,39
AT3G55230,503,930,593,1190,583,885
AT3G55240,0,0,0,0,0,0
AT3G55250,46,61,46,43,46,64
AT3G55252,0,0,0,0,0,0
AT3G55254,0,0,0,0,0,0
AT3G55260,172,147,89,240,120,214
AT3G55270,141,174,91,208,134,223
AT3G55280,3014,7970,4323,3175,2245,2829
AT3G55290,0,3,1,0,0,0
AT3G55310,27,14,15,5,7,36
AT3G55320,17,82,27,50,56,79
AT3G55330,25,44,21,11,7,26
AT3G55340,308,367,184,305,195,236
AT3G55350,48,129,108,117,84,62
AT3G55360,709,640,643,977,581,569
AT3G55370,136,219,129,164,122,176
AT3G55380,516,914,579,600,407,539
AT3G55390,38,56,22,18,13,48
AT3G55400,165,212,120,201,141,149
AT3G55410,369,465,257,449,369,547
AT3G55420,252,309,238,198,219,160
AT3G55430,1337,702,828,1482,1026,1449
AT3G55440,4746,7208,4707,5540,3306,4684
AT3G55450,185,233,145,220,161,254
AT3G55460,1024,757,784,742,560,863
AT3G55470,49,128,126,83,38,90
AT3G55480,133,96,82,113,80,111
AT3G55485,6,25,5,4,9,5
AT3G55490,115,281,164,130,91,124
AT3G55500,0,11,0,0,0,0
AT3G55510,122,227,100,230,157,169
AT3G55512,0,0,0,0,0,0
AT3G55513,0,0,0,0,0,0
AT3G55515,25,58,23,17,23,22
AT3G55520,714,735,493,569,510,573
AT3G55530,115,244,104,159,129,138
AT3G55540,0,0,0,0,0,0
AT3G55550,41,32,10,60,22,18
AT3G55560,333,161,196,220,221,206
AT3G55566,0,0,0,0,0,0
AT3G55570,0,0,0,0,0,0
AT3G55580,27,14,14,5,4,11
AT3G55590,0,0,0,0,0,0
AT3G55600,212,274,168,213,121,227
AT3G55605,210,451,276,269,127,229
AT3G55610,526,516,305,504,413,807
AT3G55620,608,1081,645,594,386,611
AT3G55630,0,0,0,0,0,0
AT3G55640,69,122,59,66,73,94
AT3G55646,2,11,4,6,7,11
AT3G55650,0,0,0,0,0,0
AT3G55660,50,170,83,78,60,236
AT3G55665,0,0,0,0,0,0
AT3G55670,0,0,0,0,0,0
AT3G55672,0,0,0,0,0,0
AT3G55677,0,0,0,0,0,0
AT3G55680,0,0,0,0,0,0
AT3G55690,109,56,87,115,108,78
AT3G55700,7,5,4,2,19,1
AT3G55710,7,16,1,13,10,7
AT3G55720,21,66,26,104,50,80
AT3G55730,54,75,85,70,58,56
AT3G55734,0,0,1,0,0,0
AT3G55735,0,0,0,0,0,0
AT3G55740,40,74,53,94,40,88
AT3G55750,5065,12172,7154,5278,3675,5069
AT3G55760,110,87,49,66,46,69
AT3G55770,2390,3070,1811,1806,1342,1831
AT3G55780,0,0,0,1,0,0
AT3G55790,0,0,0,0,0,0
AT3G55795,0,0,0,0,0,0
AT3G55800,0,9,3,3,7,0
AT3G55810,0,0,0,0,0,0
AT3G55820,19,47,22,20,19,25
AT3G55830,637,981,556,694,423,709
AT3G55840,154,288,158,196,133,207
AT3G55850,293,270,82,179,152,210
AT3G55860,0,0,0,0,0,0
AT3G55870,0,0,0,0,0,0
AT3G55880,203,402,275,127,142,303
AT3G55890,28,42,29,23,16,33
AT3G55900,1,8,5,2,1,5
AT3G55910,12,15,16,5,6,16
AT3G55920,138,318,208,197,135,150
AT3G55930,8,1,0,1,2,1
AT3G55935,0,0,2,0,0,0
AT3G55940,7,20,12,8,5,3
AT3G55950,20,26,8,29,31,48
AT3G55960,162,225,219,211,167,277
AT3G55970,15,4,3,187,36,104
AT3G55980,86,64,58,51,47,219
AT3G55990,113,303,109,137,95,138
AT3G56000,50,55,63,70,53,83
AT3G56010,74,84,69,60,49,54
AT3G56020,2314,7127,3090,1641,1602,1853
AT3G56030,35,103,32,65,35,58
AT3G56040,58,22,34,29,47,57
AT3G56050,161,254,149,229,143,206
AT3G56060,29,30,27,47,39,29
AT3G56070,1985,3979,1794,1713,1412,1672
AT3G56080,0,0,5,0,0,2
AT3G56085,0,0,0,0,0,0
AT3G56090,278,1149,661,559,367,279
AT3G56100,119,178,75,75,84,163
AT3G56110,303,680,482,417,274,364
AT3G56120,206,242,146,188,94,173
AT3G56130,1007,1992,1036,1088,705,831
AT3G56140,108,105,43,68,107,127
AT3G56150,2221,1897,983,1652,1058,1370
AT3G56160,100,230,89,105,90,128
AT3G56170,128,205,155,197,176,353
AT3G56180,1,2,0,0,0,0
AT3G56190,1336,1471,805,1433,908,1294
AT3G56200,21,27,21,24,19,37
AT3G56210,128,282,268,109,125,285
AT3G56220,230,378,150,150,85,106
AT3G56230,43,108,82,72,71,156
AT3G56240,3092,6779,4612,2318,2255,4458
AT3G56250,40,40,24,33,25,63
AT3G56260,29,6,5,10,14,13
AT3G56270,184,158,74,97,58,104
AT3G56290,48,22,23,0,0,0
AT3G56300,18,19,5,10,8,12
AT3G56310,1347,1012,750,1375,934,1849
AT3G56320,47,60,24,34,37,38
AT3G56330,29,31,32,30,21,7
AT3G56340,5003,4581,5308,4543,3256,4380
AT3G56350,0,2,3,7,10,0
AT3G56360,1656,825,593,949,680,2547
AT3G56370,897,616,367,641,441,497
AT3G56380,0,0,0,0,0,0
AT3G56390,0,0,0,0,0,0
AT3G56400,167,118,120,259,270,1176
AT3G56408,154,127,75,129,100,138
AT3G56410,108,108,82,120,94,120
AT3G56420,0,0,0,0,0,0
AT3G56430,49,170,86,113,54,83
AT3G56440,32,37,32,27,19,42
AT3G56450,37,47,22,40,44,41
AT3G56460,419,555,481,643,408,596
AT3G56470,55,72,75,36,40,56
AT3G56480,773,962,576,659,651,633
AT3G56490,1867,2134,1848,1759,1388,1574
AT3G56500,0,4,6,3,1,3
AT3G56510,423,599,412,500,322,390
AT3G56520,0,0,0,0,0,0
AT3G56530,0,0,0,0,0,0
AT3G56540,0,3,0,0,0,0
AT3G56550,9,23,1,23,7,22
AT3G56560,0,0,0,0,0,0
AT3G56570,159,152,59,122,115,87
AT3G56580,435,530,407,459,470,441
AT3G56590,406,373,384,458,384,359
AT3G56600,0,0,0,0,3,0
AT3G56610,0,0,0,0,0,0
AT3G56620,0,16,4,0,14,7
AT3G56630,0,7,2,0,8,12
AT3G56640,99,132,89,122,98,117
AT3G56650,6,28,8,15,14,9
AT3G56660,7,1,0,6,0,6
AT3G56670,0,0,0,0,0,0
AT3G56680,1715,1693,828,1301,1210,1161
AT3G56690,93,56,52,59,46,79
AT3G56700,0,4,0,0,0,0
AT3G56705,0,1,3,0,2,4
AT3G56710,7,5,3,16,16,62
AT3G56720,273,313,131,315,254,375
AT3G56730,5,110,85,4,2,10
AT3G56740,182,238,181,191,191,184
AT3G56750,379,513,264,376,270,360
AT3G56760,157,153,92,164,104,135
AT3G56770,89,32,26,52,23,39
AT3G56780,7,12,7,16,6,5
AT3G56790,15,3,2,10,1,18
AT3G56800,3727,8025,4731,3678,2724,3664
AT3G56810,211,169,170,142,95,141
AT3G56820,167,254,125,129,82,142
AT3G56825,7,7,2,2,1,10
AT3G56830,33,61,21,19,34,50
AT3G56840,101,151,91,105,95,151
AT3G56850,353,469,222,316,301,292
AT3G56860,661,433,317,577,523,602
AT3G56870,93,136,65,121,81,60
AT3G56880,884,482,304,366,225,1053
AT3G56890,0,0,0,0,0,0
AT3G56891,5,14,0,11,4,3
AT3G56900,99,115,76,149,78,101
AT3G56910,320,510,365,242,217,269
AT3G56920,0,5,0,0,0,0
AT3G56930,261,306,226,215,305,322
AT3G56940,14,36,11,11,4,8
AT3G56950,295,772,485,405,294,427
AT3G56960,54,40,11,13,29,89
AT3G56970,129,28,1,3,3,180
AT3G56980,580,363,152,228,146,1018
AT3G56990,273,91,75,217,133,187
AT3G57000,243,463,256,305,217,274
AT3G57010,523,489,324,478,448,281
AT3G57020,70,66,57,21,3,4
AT3G57030,163,192,253,149,121,120
AT3G57040,256,448,216,193,190,181
AT3G57050,874,1126,689,748,687,688
AT3G57060,85,96,29,84,43,87
AT3G57062,81,136,64,52,52,85
AT3G57070,161,157,104,177,239,206
AT3G57072,0,0,0,0,0,0
AT3G57080,264,477,315,251,181,245
AT3G57090,302,650,403,324,244,377
AT3G57100,0,0,0,0,0,0
AT3G57110,7,7,13,0,5,5
AT3G57120,44,53,49,57,56,75
AT3G57130,0,0,0,0,0,0
AT3G57140,132,162,119,95,136,81
AT3G57150,2513,2495,1531,2422,1594,2228
AT3G57157,9,62,32,3,2,5
AT3G57160,20,53,38,16,9,15
AT3G57170,146,119,126,218,237,211
AT3G57180,11,10,5,26,10,22
AT3G57190,0,3,5,10,14,9
AT3G57200,34,22,8,11,12,24
AT3G57210,3,6,1,9,0,0
AT3G57220,413,436,351,488,268,396
AT3G57230,206,298,235,185,190,180
AT3G57240,0,0,1,10,1,0
AT3G57250,0,0,0,0,0,0
AT3G57260,0,0,0,0,0,0
AT3G57270,0,0,0,0,0,0
AT3G57280,451,1054,600,683,388,600
AT3G57290,1682,1980,1032,1674,1217,1317
AT3G57300,309,328,138,180,217,275
AT3G57310,0,0,2,2,0,0
AT3G57320,286,473,246,207,167,241
AT3G57330,62,125,78,99,114,162
AT3G57340,336,757,442,403,289,371
AT3G57350,163,175,79,142,97,94
AT3G57360,56,125,79,84,70,109
AT3G57370,0,0,3,0,0,1
AT3G57380,6,25,21,12,7,52
AT3G57390,116,126,80,80,84,99
AT3G57400,183,99,102,129,160,153
AT3G57410,272,340,211,322,358,483
AT3G57420,63,129,58,82,81,80
AT3G57430,0,6,4,18,15,26
AT3G57440,0,0,0,0,5,6
AT3G57450,556,341,295,200,208,1023
AT3G57460,6,1,0,0,0,0
AT3G57465,0,0,0,0,0,0
AT3G57470,205,173,94,216,218,228
AT3G57480,101,231,103,105,80,141
AT3G57490,602,842,413,649,395,450
AT3G57500,7,9,7,2,0,1
AT3G57510,0,0,0,0,0,0
AT3G57520,90,734,502,153,58,268
AT3G57530,84,138,84,59,57,120
AT3G57540,0,29,24,0,0,36
AT3G57550,474,788,523,786,545,736
AT3G57560,431,319,339,409,326,297
AT3G57570,110,118,66,63,72,96
AT3G57580,74,105,22,62,40,28
AT3G57587,0,0,0,0,0,0
AT3G57590,181,137,85,96,84,115
AT3G57600,3,2,0,10,0,0
AT3G57610,892,955,660,999,557,782
AT3G57620,0,0,0,1,0,0
AT3G57630,70,134,62,80,66,62
AT3G57640,0,2,2,3,0,0
AT3G57645,0,2,0,0,3,0
AT3G57650,895,521,688,945,555,662
AT3G57660,136,92,82,176,129,169
AT3G57670,44,33,10,32,26,49
AT3G57680,0,0,0,0,0,0
AT3G57690,0,0,0,0,0,0
AT3G57700,23,2,3,17,6,12
AT3G57710,188,215,86,163,109,126
AT3G57720,13,58,24,35,9,19
AT3G57730,8,39,9,35,18,8
AT3G57740,5,11,14,22,30,29
AT3G57750,84,81,49,43,74,84
AT3G57760,26,14,7,5,22,21
AT3G57765,1,5,0,1,0,3
AT3G57770,2,0,0,0,0,1
AT3G57780,0,0,2,0,3,1
AT3G57785,693,634,689,539,513,600
AT3G57787,126,122,122,86,108,77
AT3G57790,83,117,69,103,67,103
AT3G57800,74,115,71,94,74,49
AT3G57810,85,114,55,60,68,70
AT3G57830,52,59,38,31,33,54
AT3G57840,0,0,0,1,0,0
AT3G57850,0,0,0,0,0,0
AT3G57860,462,539,278,366,297,427
AT3G57870,2404,4951,2972,1865,1663,2685
AT3G57880,189,147,91,142,119,183
AT3G57890,414,362,411,525,391,415
AT3G57900,0,1,0,0,0,0
AT3G57910,78,153,66,80,54,61
AT3G57920,1,11,5,6,10,3
AT3G57930,444,834,381,512,387,455
AT3G57940,104,135,41,88,67,48
AT3G57950,75,337,81,143,60,90
AT3G57960,0,0,1,1,1,3
AT3G57965,25,37,48,44,38,22
AT3G57970,0,10,5,1,2,1
AT3G57980,57,91,38,58,41,58
AT3G57990,129,171,135,171,91,120
AT3G58000,0,10,6,1,4,1
AT3G58010,71,127,96,81,27,81
AT3G58020,173,341,138,160,92,193
AT3G58030,555,579,278,577,341,412
AT3G58035,0,0,0,0,0,0
AT3G58040,326,391,220,279,265,301
AT3G58050,44,74,92,122,104,122
AT3G58060,0,3,0,0,0,1
AT3G58070,1,0,5,1,8,1
AT3G58090,39,51,24,27,23,40
AT3G58100,275,365,181,265,171,261
AT3G58110,609,612,258,519,363,538
AT3G58120,862,925,729,1058,679,733
AT3G58130,198,367,164,193,158,176
AT3G58140,158,207,127,212,151,212
AT3G58150,3,5,0,1,0,1
AT3G58160,1,38,8,10,22,19
AT3G58165,0,0,0,0,0,0
AT3G58170,337,898,575,402,263,362
AT3G58180,254,378,233,276,208,252
AT3G58190,0,16,18,4,0,0
AT3G58193,0,0,0,0,0,0
AT3G58196,0,0,1,0,0,0
AT3G58200,12,14,15,6,8,12
AT3G58210,0,0,0,1,0,0
AT3G58220,347,344,186,321,238,306
AT3G58230,0,0,0,0,0,0
AT3G58240,0,0,0,0,0,0
AT3G58250,0,0,0,0,0,0
AT3G58260,0,0,0,0,0,0
AT3G58270,29,34,30,31,13,13
AT3G58280,0,0,1,0,0,0
AT3G58290,0,0,0,0,0,0
AT3G58300,0,0,0,0,0,0
AT3G58310,0,0,0,0,0,0
AT3G58320,0,0,0,0,0,0
AT3G58330,0,0,0,0,0,0
AT3G58340,0,0,0,0,0,0
AT3G58350,116,81,59,89,89,67
AT3G58360,3,5,0,0,1,3
AT3G58370,39,35,9,16,11,8
AT3G58380,30,37,36,29,26,41
AT3G58390,0,0,0,0,0,0
AT3G58400,0,0,0,0,0,0
AT3G58410,0,0,0,0,0,0
AT3G58415,0,0,0,0,0,0
AT3G58420,0,0,0,0,0,0
AT3G58430,17,7,1,7,7,17
AT3G58440,4,0,0,0,0,0
AT3G58450,0,0,0,0,0,0
AT3G58460,709,962,566,701,405,514
AT3G58470,303,485,225,277,225,291
AT3G58480,0,0,0,0,0,0
AT3G58490,340,374,207,228,235,299
AT3G58500,4294,4056,2422,3463,2695,3156
AT3G58510,182,130,102,224,155,161
AT3G58520,60,60,17,50,32,27
AT3G58530,185,176,152,176,125,167
AT3G58540,10,56,28,11,10,18
AT3G58550,0,0,0,27,0,63
AT3G58560,257,303,187,389,263,272
AT3G58570,102,70,51,161,104,151
AT3G58580,186,185,107,181,144,214
AT3G58585,0,0,0,0,0,0
AT3G58590,6,30,14,24,21,9
AT3G58600,339,435,324,361,271,395
AT3G58610,3167,2673,1718,3615,1790,2503
AT3G58620,105,147,80,111,67,77
AT3G58630,93,134,105,135,95,82
AT3G58640,258,417,204,336,268,349
AT3G58650,73,97,30,79,45,88
AT3G58660,310,263,195,314,206,257
AT3G58670,229,314,183,209,184,274
AT3G58680,746,1670,912,941,687,1215
AT3G58690,33,68,36,40,18,37
AT3G58700,1168,1727,1053,1104,787,1262
AT3G58710,139,257,214,170,162,350
AT3G58720,29,81,46,38,25,54
AT3G58730,667,1143,659,856,493,824
AT3G58740,0,0,0,0,0,0
AT3G58750,560,453,230,599,376,722
AT3G58760,152,170,78,134,93,107
AT3G58770,0,0,2,4,0,0
AT3G58780,10,21,1,5,22,11
AT3G58790,24,30,10,33,34,23
AT3G58795,2,5,4,2,3,5
AT3G58800,53,81,41,64,45,38
AT3G58810,60,58,89,9,7,108
AT3G58820,42,35,19,16,26,20
AT3G58830,140,63,100,136,91,102
AT3G58840,286,490,244,297,219,338
AT3G58850,11,64,41,46,23,26
AT3G58860,0,1,0,0,0,1
AT3G58875,30,43,31,25,30,40
AT3G58877,0,0,1,0,0,0
AT3G58880,0,0,0,0,0,0
AT3G58890,0,0,0,0,0,0
AT3G58900,99,99,41,96,45,82
AT3G58910,0,0,0,0,0,0
AT3G58920,0,0,1,1,0,0
AT3G58930,110,130,100,96,36,89
AT3G58940,45,19,17,25,29,15
AT3G58950,0,0,0,0,0,0
AT3G58960,0,0,0,0,0,0
AT3G58970,102,184,106,146,90,207
AT3G58980,9,30,4,7,17,19
AT3G58990,1,87,29,0,77,19
AT3G59000,32,105,48,107,75,82
AT3G59010,2,5,1,1,7,7
AT3G59020,441,179,157,341,260,341
AT3G59030,0,1,0,1,0,1
AT3G59040,71,66,29,58,71,90
AT3G59050,142,159,85,117,128,149
AT3G59060,3,0,0,1,3,2
AT3G59068,78,102,43,45,34,43
AT3G59070,28,28,10,12,6,7
AT3G59080,23,10,6,22,33,42
AT3G59090,204,265,173,187,148,258
AT3G59100,104,83,80,101,160,140
AT3G59110,148,221,120,223,162,243
AT3G59120,32,39,26,49,36,35
AT3G59130,15,12,8,17,14,24
AT3G59140,94,102,45,124,101,168
AT3G59150,113,148,70,118,70,121
AT3G59160,0,0,0,0,0,0
AT3G59170,0,0,0,0,0,0
AT3G59180,0,0,0,0,0,0
AT3G59190,0,0,0,0,0,0
AT3G59200,21,63,37,35,21,42
AT3G59210,206,252,194,203,133,315
AT3G59220,50,186,114,68,75,98
AT3G59230,0,0,0,0,0,1
AT3G59240,0,0,0,0,0,0
AT3G59245,0,0,0,0,0,0
AT3G59250,0,0,0,0,0,0
AT3G59260,0,0,0,0,0,0
AT3G59270,0,0,0,0,0,0
AT3G59280,498,1191,662,563,413,571
AT3G59290,84,41,46,58,95,57
AT3G59295,0,0,2,5,4,1
AT3G59300,237,269,166,288,230,282
AT3G59310,128,130,111,134,103,139
AT3G59320,130,147,104,150,118,231
AT3G59330,43,55,25,37,21,38
AT3G59340,0,9,6,0,4,0
AT3G59350,1093,500,507,809,720,790
AT3G59360,222,478,263,278,210,293
AT3G59370,977,545,979,777,865,856
AT3G59380,543,642,416,452,358,403
AT3G59390,92,221,105,105,47,76
AT3G59400,11,10,3,9,2,6
AT3G59410,79,72,27,63,62,67
AT3G59415,0,0,0,0,0,0
AT3G59420,50,35,4,23,29,40
AT3G59430,75,81,48,62,59,96
AT3G59435,2,1,4,13,5,7
AT3G59440,3,6,4,13,1,11
AT3G59450,3,8,2,10,0,17
AT3G59455,0,0,0,0,0,0
AT3G59460,0,0,0,0,0,0
AT3G59470,179,167,91,124,115,130
AT3G59480,282,150,117,1239,379,340
AT3G59490,166,217,156,130,90,128
AT3G59500,380,340,370,349,193,300
AT3G59510,5,1,0,4,0,0
AT3G59520,129,220,92,88,91,103
AT3G59530,22,11,9,6,6,4
AT3G59540,7502,16706,8106,6124,5061,6157
AT3G59550,48,29,24,48,26,22
AT3G59570,29,27,22,37,36,33
AT3G59580,0,0,2,0,0,0
AT3G59590,0,0,0,0,0,0
AT3G59600,457,535,433,349,262,400
AT3G59610,0,0,0,0,0,0
AT3G59620,2,0,0,0,0,0
AT3G59630,150,112,78,137,65,52
AT3G59640,72,228,79,116,95,154
AT3G59650,393,905,551,389,311,377
AT3G59660,259,269,189,225,198,234
AT3G59670,240,443,204,325,246,281
AT3G59680,112,276,181,134,120,93
AT3G59690,345,372,322,338,331,288
AT3G59695,188,170,148,136,196,146
AT3G59700,79,68,25,94,15,68
AT3G59710,4,15,8,10,6,15
AT3G59730,4,13,6,3,0,2
AT3G59740,0,0,0,0,0,0
AT3G59750,3,12,1,5,7,14
AT3G59760,936,1179,677,962,660,1032
AT3G59765,194,241,232,211,155,245
AT3G59770,171,273,112,197,215,271
AT3G59780,19,39,28,30,16,19
AT3G59790,0,3,0,1,0,3
AT3G59800,160,281,182,140,128,190
AT3G59810,502,1014,666,475,345,468
AT3G59820,119,123,98,195,125,218
AT3G59830,3,9,2,14,4,6
AT3G59840,209,489,390,171,184,220
AT3G59845,0,0,0,0,0,2
AT3G59850,43,62,58,149,78,53
AT3G59870,41,66,61,47,39,70
AT3G59880,11,13,22,14,9,23
AT3G59884,0,0,0,0,0,0
AT3G59890,483,483,260,357,224,304
AT3G59900,0,18,11,10,15,18
AT3G59910,278,289,123,182,195,238
AT3G59920,1282,1725,992,1866,884,1343
AT3G59923,0,0,0,0,0,0
AT3G59926,0,0,0,0,0,0
AT3G59930,1273,28,27,587,913,344
AT3G59940,79,47,45,79,43,204
AT3G59950,214,221,149,216,145,245
AT3G59960,0,0,0,0,0,0
AT3G59970,930,1220,822,1269,775,875
AT3G59980,250,450,266,293,197,235
AT3G59990,922,937,599,826,499,759
AT3G60000,0,0,1,0,0,0
AT3G60010,0,0,2,0,0,0
AT3G60020,0,0,0,0,0,0
AT3G60030,319,241,148,260,205,300
AT3G60040,104,52,37,61,32,38
AT3G60050,137,136,100,134,116,76
AT3G60060,0,0,0,0,0,0
AT3G60070,33,87,67,88,32,57
AT3G60075,0,0,0,0,0,0
AT3G60080,170,288,178,147,135,142
AT3G60090,0,1,3,4,0,11
AT3G60100,0,1,0,0,0,0
AT3G60110,72,61,51,107,64,47
AT3G60120,0,0,0,0,0,0
AT3G60130,243,228,142,281,179,304
AT3G60140,123,30,59,351,136,384
AT3G60150,114,196,96,81,41,106
AT3G60160,22,61,40,23,43,58
AT3G60176,0,0,0,4,0,1
AT3G60180,138,221,137,106,99,162
AT3G60190,165,164,102,113,108,207
AT3G60200,99,116,67,110,71,149
AT3G60210,405,1147,580,431,349,390
AT3G60220,30,24,16,67,40,68
AT3G60238,0,0,0,0,0,0
AT3G60240,359,434,314,442,318,560
AT3G60245,10600,22264,13774,9501,7902,9746
AT3G60250,554,669,397,467,408,478
AT3G60260,324,437,196,251,179,223
AT3G60270,0,2,0,4,0,1
AT3G60280,0,13,5,2,8,0
AT3G60286,10,29,3,12,13,11
AT3G60290,19,14,2,20,11,14
AT3G60300,834,609,419,505,455,714
AT3G60310,37,37,15,29,37,40
AT3G60320,244,175,90,254,182,160
AT3G60328,0,0,1,0,0,0
AT3G60330,6,68,19,3,23,40
AT3G60340,409,634,375,349,178,422
AT3G60350,75,148,56,100,85,89
AT3G60360,510,495,361,485,296,419
AT3G60370,134,197,64,108,87,163
AT3G60380,147,86,80,152,96,139
AT3G60390,147,175,84,105,62,108
AT3G60400,43,25,18,24,58,57
AT3G60410,122,141,79,100,87,143
AT3G60415,0,0,0,0,0,0
AT3G60420,0,1,4,2,0,0
AT3G60440,122,376,213,266,218,226
AT3G60450,879,893,805,1094,816,1831
AT3G60460,0,3,2,0,1,0
AT3G60470,16,12,2,117,62,59
AT3G60480,147,334,188,147,99,146
AT3G60490,79,386,242,114,51,57
AT3G60500,265,279,201,333,165,252
AT3G60510,25,67,20,34,41,53
AT3G60520,28,73,72,16,22,57
AT3G60530,1526,1607,900,1890,1592,1877
AT3G60540,12,20,14,18,18,25
AT3G60550,70,73,51,56,119,153
AT3G60560,0,1,0,0,0,0
AT3G60570,0,0,0,0,0,0
AT3G60580,8,7,5,3,21,6
AT3G60590,77,165,96,123,44,99
AT3G60600,2196,2644,2041,2334,1611,2383
AT3G60620,58,151,69,77,51,91
AT3G60630,398,447,245,382,314,333
AT3G60640,150,297,193,154,144,159
AT3G60650,77,57,34,54,60,71
AT3G60660,99,115,70,66,60,86
AT3G60670,7,2,1,6,7,2
AT3G60680,68,76,33,74,42,83
AT3G60690,98,186,164,53,57,96
AT3G60700,0,253,164,0,0,0
AT3G60710,0,0,0,0,0,0
AT3G60720,109,74,59,45,68,36
AT3G60730,0,1,2,9,3,3
AT3G60740,96,102,60,49,60,60
AT3G60750,885,1033,610,1158,734,1012
AT3G60760,0,0,0,7,0,0
AT3G60770,6801,12621,7725,6696,4835,6087
AT3G60780,0,1,0,0,0,0
AT3G60790,0,1,0,0,0,7
AT3G60800,277,410,220,306,225,273
AT3G60805,0,0,0,0,0,0
AT3G60810,119,276,126,123,123,176
AT3G60820,1427,2811,1977,1533,1018,1331
AT3G60830,226,287,126,221,135,190
AT3G60840,53,17,13,32,22,34
AT3G60850,92,51,44,58,63,87
AT3G60860,173,436,186,230,227,366
AT3G60870,56,82,51,124,102,57
AT3G60880,250,304,187,326,236,229
AT3G60890,2,2,0,1,0,0
AT3G60900,140,148,112,139,127,138
AT3G60910,529,631,311,360,316,425
AT3G60920,3,5,3,4,1,1
AT3G60940,1,0,0,0,0,0
AT3G60950,0,0,0,1,0,0
AT3G60960,131,124,74,132,105,87
AT3G60961,0,1,0,0,0,1
AT3G60966,0,0,0,0,0,0
AT3G60970,0,3,0,1,0,2
AT3G60972,0,0,0,0,0,2
AT3G60975,1,0,0,0,1,0
AT3G60980,109,120,78,110,71,113
AT3G60990,3,4,5,15,0,26
AT3G61010,110,117,93,121,164,111
AT3G61028,0,4,1,0,0,0
AT3G61030,0,0,0,0,0,0
AT3G61035,0,0,0,0,0,0
AT3G61040,0,0,0,0,0,0
AT3G61050,470,459,334,526,275,431
AT3G61060,265,544,678,175,124,872
AT3G61070,600,1191,950,785,496,944
AT3G61080,0,16,8,8,8,12
AT3G61090,0,4,5,0,4,0
AT3G61100,346,471,297,259,239,237
AT3G61105,0,0,0,0,0,0
AT3G61110,2619,8497,4721,2709,2149,2569
AT3G61111,0,1,0,1,0,0
AT3G61113,7,35,8,5,2,4
AT3G61117,2,8,3,2,0,1
AT3G61118,108,173,157,73,67,92
AT3G61120,0,0,0,0,0,0
AT3G61130,534,889,476,682,529,516
AT3G61140,411,480,250,473,281,351
AT3G61150,9,28,19,25,36,35
AT3G61160,9,23,20,42,14,24
AT3G61170,10,7,4,1,3,11
AT3G61172,0,0,0,0,0,0
AT3G61175,0,0,0,0,0,0
AT3G61177,0,0,0,0,0,0
AT3G61180,311,317,196,284,199,357
AT3G61182,1,4,1,1,0,0
AT3G61190,310,61,40,60,32,1059
AT3G61198,22,33,27,41,43,147
AT3G61200,675,1095,863,591,436,649
AT3G61210,25,30,45,17,30,35
AT3G61220,0,36,12,0,5,3
AT3G61230,0,0,0,0,0,0
AT3G61240,613,456,319,633,508,414
AT3G61250,0,0,0,0,0,4
AT3G61260,407,728,529,332,270,580
AT3G61270,339,351,202,410,281,391
AT3G61280,0,2,0,2,0,0
AT3G61290,0,0,0,0,0,0
AT3G61300,8,19,17,10,3,6
AT3G61310,13,19,17,11,8,17
AT3G61320,60,36,55,63,72,48
AT3G61340,0,11,11,6,0,0
AT3G61350,132,149,75,63,84,83
AT3G61360,55,57,39,61,21,36
AT3G61370,74,242,111,94,67,85
AT3G61380,42,94,46,45,27,40
AT3G61390,7,72,77,1,1,62
AT3G61400,3,71,10,0,0,0
AT3G61410,12,37,32,9,6,67
AT3G61415,131,163,73,120,71,138
AT3G61420,111,131,103,99,77,315
AT3G61430,11740,16105,11993,10211,6205,26729
AT3G61440,1152,1809,1109,1338,870,1364
AT3G61450,0,13,13,5,0,0
AT3G61460,136,219,227,108,158,211
AT3G61470,73,64,43,42,48,126
AT3G61480,200,166,91,146,80,146
AT3G61490,75,102,59,79,79,146
AT3G61500,0,0,0,0,0,0
AT3G61510,3,1,6,0,0,0
AT3G61520,19,57,39,70,30,43
AT3G61530,173,187,86,136,114,146
AT3G61540,355,346,223,320,222,296
AT3G61545,0,0,0,0,0,0
AT3G61550,1,3,3,3,10,0
AT3G61560,147,404,212,208,121,169
AT3G61570,66,141,48,86,60,82
AT3G61571,0,0,0,0,0,0
AT3G61580,2501,1778,1444,3162,2383,2493
AT3G61590,104,239,111,92,75,111
AT3G61600,714,435,342,504,391,438
AT3G61610,98,202,103,121,96,159
AT3G61620,503,606,455,382,359,370
AT3G61630,24,77,78,17,30,90
AT3G61640,326,751,512,255,250,355
AT3G61650,152,233,102,177,152,207
AT3G61660,10,44,7,14,17,12
AT3G61670,85,116,78,144,89,87
AT3G61680,113,158,89,194,83,88
AT3G61690,73,129,55,91,82,176
AT3G61700,0,1,1,0,0,0
AT3G61710,154,115,101,190,70,155
AT3G61715,0,0,0,0,0,0
AT3G61720,0,0,0,0,0,0
AT3G61723,0,0,0,0,0,0
AT3G61730,0,0,0,0,0,0
AT3G61740,10,13,9,8,7,7
AT3G61750,49,58,71,25,31,36
AT3G61755,0,0,0,0,0,0
AT3G61760,8,36,18,29,17,21
AT3G61770,107,376,174,105,51,90
AT3G61780,50,66,27,55,63,40
AT3G61790,306,467,293,295,239,394
AT3G61800,93,90,42,89,94,122
AT3G61810,7,20,2,13,8,26
AT3G61820,44,97,74,83,67,101
AT3G61825,0,0,0,0,0,0
AT3G61826,0,0,0,0,0,0
AT3G61829,0,0,0,0,0,0
AT3G61830,44,41,16,22,24,13
AT3G61840,0,2,2,2,5,0
AT3G61850,331,430,368,372,335,444
AT3G61860,1048,985,697,865,622,794
AT3G61870,9,0,1,0,0,1
AT3G61880,22,11,7,5,6,7
AT3G61890,2,3,2,5,0,33
AT3G61897,3,6,3,4,0,0
AT3G61898,29,44,36,30,37,61
AT3G61900,0,10,7,4,0,18
AT3G61910,0,0,0,0,0,0
AT3G61920,0,0,0,0,0,0
AT3G61930,2,3,25,13,5,53
AT3G61940,0,1,0,0,0,0
AT3G61950,0,4,1,4,4,2
AT3G61960,82,175,75,89,77,111
AT3G61962,0,0,0,0,0,0
AT3G61970,0,0,0,0,0,0
AT3G61980,220,378,238,169,136,249
AT3G61990,84,430,211,103,98,150
AT3G62000,48,49,26,41,26,26
AT3G62010,140,180,76,97,107,127
AT3G62020,101,400,201,158,214,146
AT3G62030,375,910,583,319,230,338
AT3G62040,317,4812,3203,167,115,39
AT3G62050,39,76,64,25,44,14
AT3G62060,202,147,93,112,126,117
AT3G62070,48,81,29,50,47,62
AT3G62080,103,108,46,46,54,101
AT3G62090,25,42,31,32,48,60
AT3G62100,37,12,12,27,19,63
AT3G62110,193,202,88,141,153,113
AT3G62120,964,1470,895,1409,803,1129
AT3G62130,169,229,115,129,95,190
AT3G62140,148,306,131,140,118,190
AT3G62150,56,89,52,50,36,46
AT3G62160,37,93,85,63,108,65
AT3G62170,0,0,0,0,0,0
AT3G62180,0,0,0,0,0,0
AT3G62190,359,517,299,173,157,270
AT3G62200,58,47,37,76,49,52
AT3G62210,39,77,70,57,47,38
AT3G62220,157,146,114,102,50,72
AT3G62230,0,2,0,1,0,0
AT3G62240,177,210,155,245,208,239
AT3G62245,0,0,0,0,0,0
AT3G62250,13035,18044,14997,13162,9528,12034
AT3G62260,28,56,63,130,53,88
AT3G62270,213,467,256,547,276,555
AT3G62280,89,152,113,249,117,175
AT3G62285,0,0,0,0,0,0
AT3G62290,10285,12017,6613,9363,7934,10167
AT3G62300,177,150,138,222,152,176
AT3G62310,168,248,111,202,137,239
AT3G62320,0,6,2,1,0,4
AT3G62330,259,236,137,225,144,226
AT3G62340,0,0,0,2,0,0
AT3G62350,0,0,0,0,0,0
AT3G62360,400,616,342,487,385,520
AT3G62370,320,333,216,332,263,352
AT3G62380,1,1,1,3,0,0
AT3G62390,122,171,71,217,103,149
AT3G62400,964,3120,1540,856,712,1133
AT3G62410,2,5,1,6,2,9
AT3G62420,420,670,435,436,466,785
AT3G62430,0,15,0,4,0,1
AT3G62440,0,0,0,0,0,0
AT3G62450,276,668,339,233,195,302
AT3G62460,92,354,76,87,26,79
AT3G62470,77,26,26,72,45,35
AT3G62499,1,0,0,0,0,0
AT3G62500,17,5,0,11,8,9
AT3G62510,2,0,0,0,1,2
AT3G62528,1,0,0,0,0,0
AT3G62530,2669,5769,3040,2465,1612,2056
AT3G62540,34,75,27,46,26,41
AT3G62550,0,3,1,4,1,1
AT3G62560,384,660,394,373,201,419
AT3G62570,273,132,131,283,156,174
AT3G62580,694,894,645,610,512,790
AT3G62590,10,13,0,15,5,10
AT3G62600,676,980,603,904,532,847
AT3G62610,0,0,0,0,0,0
AT3G62615,0,0,0,0,0,0
AT3G62620,110,156,77,99,67,87
AT3G62630,329,315,203,269,252,265
AT3G62640,1,0,0,0,0,0
AT3G62650,309,618,341,301,227,346
AT3G62660,345,393,351,334,387,400
AT3G62670,0,0,0,1,0,0
AT3G62680,5,335,108,34,264,168
AT3G62690,15,103,92,20,33,53
AT3G62695,0,2,3,0,0,3
AT3G62700,207,193,70,166,125,265
AT3G62710,0,0,0,0,0,0
AT3G62720,261,146,96,163,130,336
AT3G62730,3,6,2,2,1,4
AT3G62735,0,0,0,0,0,0
AT3G62740,0,0,0,0,0,0
AT3G62750,0,0,0,2,0,0
AT3G62760,3,46,26,2,1,0
AT3G62770,199,228,170,217,174,248
AT3G62780,5,28,41,46,22,30
AT3G62790,1126,2606,1237,1090,929,1297
AT3G62800,186,251,165,175,132,202
AT3G62810,272,600,350,253,217,321
AT3G62820,0,0,0,0,0,0
AT3G62830,444,712,483,850,473,735
AT3G62840,1677,3294,1819,1513,1095,1552
AT3G62850,0,0,0,0,0,0
AT3G62860,138,157,106,164,94,209
AT3G62870,14719,23733,12153,12232,8714,10766
AT3G62880,219,187,175,161,98,203
AT3G62890,35,19,10,20,22,6
AT3G62900,298,313,208,355,226,385
AT3G62910,19,16,16,20,8,8
AT3G62920,115,283,145,93,66,110
AT3G62930,31,13,9,0,34,3
AT3G62940,291,426,229,388,190,282
AT3G62950,3,1,4,0,0,25
AT3G62960,0,1,1,0,0,0
AT3G62970,168,272,130,164,90,212
AT3G62980,786,458,233,544,384,632
AT3G62990,0,0,1,0,0,0
AT3G63000,393,420,292,224,292,386
AT3G63003,0,0,0,0,0,0
AT3G63006,0,0,0,0,0,0
AT3G63010,264,198,122,233,211,352
AT3G63020,0,0,0,0,0,0
AT3G63030,100,318,168,197,113,210
AT3G63040,0,0,0,0,1,0
AT3G63050,12,23,1,10,5,11
AT3G63052,4,19,4,2,4,0
AT3G63060,0,14,11,6,5,29
AT3G63070,102,89,44,109,82,90
AT3G63080,419,1148,766,559,394,830
AT3G63088,0,3,2,0,0,0
AT3G63090,138,64,79,125,68,93
AT3G63093,0,0,0,1,0,3
AT3G63095,0,0,0,0,0,0
AT3G63110,10,18,27,17,62,17
AT3G63120,584,499,371,339,302,347
AT3G63130,560,571,316,553,379,487
AT3G63140,10,7,1,7,0,7
AT3G63150,158,105,106,153,116,204
AT3G63160,5,21,8,18,6,9
AT3G63170,141,188,188,153,106,150
AT3G63180,59,47,53,95,102,115
AT3G63190,63,120,88,91,62,111
AT3G63200,407,609,433,398,316,327
AT3G63210,472,1399,693,493,365,702
AT3G63215,1,11,4,4,6,4
AT3G63220,160,105,91,107,69,113
AT3G63230,0,0,0,0,0,0
AT3G63240,256,241,105,164,204,169
AT3G63250,971,1047,641,928,537,700
AT3G63255,72,87,74,78,62,87
AT3G63260,360,217,225,263,247,291
AT3G63270,193,130,78,146,97,190
AT3G63280,51,149,43,92,52,68
AT3G63290,82,73,53,82,82,46
AT3G63300,176,93,102,125,72,77
AT3G63310,513,755,774,624,445,948
AT3G63320,0,0,0,0,0,0
AT3G63340,135,125,44,95,84,114
AT3G63350,74,13,6,38,46,53
AT3G63360,1,2,5,1,0,3
AT3G63370,0,3,2,9,7,15
AT3G63375,0,0,0,0,0,0
AT3G63380,0,27,10,1,15,66
AT3G63390,255,372,197,153,148,256
AT3G63400,646,341,403,580,387,580
AT3G63410,632,504,485,473,394,451
AT3G63420,258,420,237,225,184,308
AT3G63430,463,247,270,322,236,388
AT3G63440,38,27,53,32,23,22
AT3G63445,42,44,64,41,22,28
AT3G63450,190,307,156,232,146,183
AT3G63460,729,329,413,748,510,650
AT3G63470,39,59,79,119,76,61
AT3G63480,32,42,18,17,13,25
AT3G63490,320,339,383,400,222,382
AT3G63500,432,317,156,306,255,383
AT3G63510,17,32,42,23,25,27
AT3G63520,168,341,217,133,96,214
AT3G63530,147,205,109,82,86,128
AT3G63540,4,3,3,1,4,7
AT3G66652,98,73,39,84,26,69
AT3G66654,497,865,537,547,380,657
AT3G66656,0,2,0,0,0,5
AT3G66658,302,372,204,431,250,363
AT4G00005,0,0,0,0,0,0
AT4G00020,79,167,67,154,83,90
AT4G00026,355,446,338,407,261,328
AT4G00030,47,34,52,19,30,37
AT4G00040,85,48,46,44,47,74
AT4G00050,1,0,0,0,0,0
AT4G00060,186,158,87,137,115,159
AT4G00070,8,47,38,22,12,28
AT4G00080,303,132,287,742,356,695
AT4G00085,0,0,0,0,0,0
AT4G00090,342,475,304,415,243,352
AT4G00100,14257,12046,11127,12176,9222,11151
AT4G00110,464,162,273,443,262,355
AT4G00120,0,0,0,0,0,0
AT4G00130,0,0,0,0,4,1
AT4G00140,0,0,0,0,0,0
AT4G00150,285,219,208,421,308,273
AT4G00155,0,1,0,0,0,0
AT4G00160,0,0,0,0,0,0
AT4G00163,7,1,6,1,3,10
AT4G00165,19,11,10,1,2,15
AT4G00170,95,180,92,101,55,110
AT4G00180,0,0,0,6,3,0
AT4G00190,0,0,0,0,0,0
AT4G00200,259,291,151,216,144,299
AT4G00210,0,0,0,4,15,11
AT4G00220,9,18,12,34,28,27
AT4G00230,110,54,49,101,167,121
AT4G00231,150,286,122,223,115,162
AT4G00232,0,0,0,0,0,0
AT4G00234,0,0,0,0,0,0
AT4G00238,334,343,195,287,210,280
AT4G00240,20,7,14,28,12,31
AT4G00250,7,20,6,2,2,24
AT4G00260,0,1,2,0,0,0
AT4G00270,259,355,144,233,142,196
AT4G00280,0,0,0,0,0,0
AT4G00290,105,155,57,126,67,118
AT4G00295,0,0,0,0,0,0
AT4G00300,245,207,139,297,175,310
AT4G00305,0,3,10,2,3,3
AT4G00310,122,124,70,118,76,68
AT4G00315,0,0,0,0,0,0
AT4G00320,0,0,0,0,0,0
AT4G00330,58,95,45,46,63,119
AT4G00335,157,199,171,101,121,120
AT4G00340,153,71,56,134,77,117
AT4G00342,0,0,0,0,0,0
AT4G00350,0,0,0,0,0,0
AT4G00355,425,726,498,432,318,492
AT4G00360,9,19,18,15,8,38
AT4G00370,85,147,93,60,30,52
AT4G00380,65,66,10,60,37,33
AT4G00390,3,8,2,7,14,18
AT4G00400,19,5,1,4,11,10
AT4G00416,0,0,0,2,0,0
AT4G00420,152,382,158,163,124,178
AT4G00430,1031,819,1005,623,505,657
AT4G00440,277,203,146,207,192,194
AT4G00450,212,216,135,166,175,277
AT4G00460,19,123,62,93,74,80
AT4G00467,0,3,0,0,0,0
AT4G00480,60,111,46,91,66,96
AT4G00490,110,119,50,125,68,80
AT4G00500,160,190,100,198,135,166
AT4G00520,52,106,39,65,73,63
AT4G00525,83,156,106,62,62,106
AT4G00530,46,139,75,27,41,43
AT4G00540,0,0,0,0,0,0
AT4G00550,100,142,106,103,78,76
AT4G00560,860,710,476,697,506,624
AT4G00570,439,405,314,603,325,528
AT4G00580,0,0,0,1,0,0
AT4G00585,694,1337,824,749,573,822
AT4G00590,84,84,38,102,71,96
AT4G00600,1,0,0,2,0,0
AT4G00610,0,0,0,0,0,0
AT4G00620,195,394,239,310,203,273
AT4G00630,161,290,103,179,127,182
AT4G00650,32,85,27,53,39,43
AT4G00651,0,0,0,0,1,0
AT4G00660,545,427,310,459,497,472
AT4G00670,12,5,9,13,14,5
AT4G00680,15,190,99,53,88,117
AT4G00690,11,40,46,21,7,42
AT4G00695,1,8,4,9,10,7
AT4G00700,14,73,50,13,12,130
AT4G00710,701,891,418,653,439,491
AT4G00720,2320,1107,898,1685,1571,1621
AT4G00730,64,75,63,161,59,65
AT4G00740,371,481,306,505,347,436
AT4G00750,65,16,20,104,52,60
AT4G00752,362,289,232,335,235,302
AT4G00755,192,264,142,190,161,192
AT4G00760,78,58,29,49,53,85
AT4G00770,21,34,7,37,38,64
AT4G00780,1,9,0,0,0,0
AT4G00800,133,178,100,64,106,150
AT4G00810,3379,6092,4210,3013,2661,3092
AT4G00820,796,677,448,788,545,454
AT4G00830,1100,1038,510,1005,647,809
AT4G00840,252,257,200,252,172,256
AT4G00850,5,43,32,23,13,19
AT4G00860,1973,4200,3282,1968,1475,2095
AT4G00870,0,0,0,0,0,0
AT4G00872,0,0,0,0,0,0
AT4G00880,23,444,274,0,22,16
AT4G00883,9,143,90,0,10,7
AT4G00885,0,0,0,0,0,0
AT4G00889,0,0,4,1,2,0
AT4G00890,3,14,7,0,18,4
AT4G00893,0,5,4,1,6,7
AT4G00895,108,277,263,163,72,217
AT4G00900,28,56,35,32,47,43
AT4G00905,90,272,176,99,64,67
AT4G00910,267,484,449,344,166,177
AT4G00920,0,5,0,1,0,0
AT4G00925,0,0,0,0,0,0
AT4G00930,153,167,73,115,82,116
AT4G00940,42,72,69,13,18,47
AT4G00950,84,61,34,51,51,36
AT4G00953,0,0,0,0,0,0
AT4G00955,8,55,33,37,29,81
AT4G00960,0,4,13,8,3,8
AT4G00970,0,0,0,0,0,0
AT4G00975,33,22,7,21,12,12
AT4G00980,64,51,31,38,25,43
AT4G00985,0,0,0,0,0,0
AT4G00990,307,279,149,278,155,251
AT4G01000,627,840,430,608,368,720
AT4G01010,0,1,3,1,3,8
AT4G01020,23,18,17,26,39,38
AT4G01023,0,8,0,2,0,2
AT4G01026,159,54,30,96,93,241
AT4G01030,78,27,10,45,32,103
AT4G01037,38,70,42,61,47,89
AT4G01040,485,378,250,375,295,350
AT4G01050,6,27,9,2,7,21
AT4G01060,0,0,0,0,0,0
AT4G01070,201,265,171,211,229,286
AT4G01080,6,7,2,7,6,0
AT4G01090,72,69,33,117,62,118
AT4G01100,1894,2340,1221,1971,1325,1891
AT4G01110,40,41,36,11,32,25
AT4G01120,401,652,372,247,187,495
AT4G01130,0,5,1,1,0,4
AT4G01140,85,126,90,110,100,92
AT4G01150,414,277,283,186,108,199
AT4G01160,0,0,0,0,0,0
AT4G01170,0,0,0,0,0,0
AT4G01180,0,0,0,0,0,0
AT4G01190,0,2,0,2,1,3
AT4G01200,9,26,9,9,2,19
AT4G01210,106,183,83,145,134,108
AT4G01220,81,75,54,98,57,69
AT4G01230,0,0,1,2,1,2
AT4G01240,42,34,51,107,79,83
AT4G01245,0,0,0,0,0,0
AT4G01250,105,64,73,185,85,476
AT4G01260,0,0,0,1,0,0
AT4G01270,18,62,26,36,35,33
AT4G01280,170,324,154,181,160,229
AT4G01290,480,285,298,379,349,514
AT4G01310,212,350,238,254,120,231
AT4G01320,595,1188,607,905,477,575
AT4G01330,500,583,412,518,426,446
AT4G01335,5,11,3,3,4,12
AT4G01340,0,2,2,0,0,1
AT4G01350,114,111,116,157,132,280
AT4G01355,0,0,0,0,0,0
AT4G01360,0,10,0,0,0,4
AT4G01370,608,848,392,552,463,595
AT4G01380,1,1,1,3,0,0
AT4G01390,2,86,45,0,0,0
AT4G01395,377,301,188,389,336,384
AT4G01400,11,4,9,5,9,6
AT4G01410,124,126,101,135,111,112
AT4G01420,0,1,0,0,0,0
AT4G01430,96,605,436,351,366,25
AT4G01435,2,2,2,6,7,0
AT4G01440,2,86,76,13,55,18
AT4G01450,241,432,283,381,405,338
AT4G01460,9,43,1,26,21,27
AT4G01470,0,0,0,0,0,0
AT4G01480,327,1033,918,659,465,735
AT4G01500,0,0,0,0,0,0
AT4G01510,73,123,57,75,40,67
AT4G01516,0,0,0,0,0,0
AT4G01520,0,0,0,0,0,0
AT4G01533,43,28,25,32,21,12
AT4G01535,0,0,0,1,0,0
AT4G01540,19,40,14,25,18,37
AT4G01550,13,10,9,38,18,68
AT4G01560,488,450,294,483,407,444
AT4G01570,99,62,41,119,76,98
AT4G01575,14,54,17,12,21,25
AT4G01580,70,92,82,106,54,70
AT4G01590,283,430,285,291,255,276
AT4G01593,101,148,57,61,55,72
AT4G01595,9,20,10,6,7,3
AT4G01600,94,115,109,55,82,79
AT4G01610,2191,2453,1208,2593,1342,2913
AT4G01630,139,155,116,73,66,85
AT4G01640,0,0,0,0,0,0
AT4G01650,88,143,116,100,87,111
AT4G01660,104,87,99,180,117,132
AT4G01670,5,40,13,18,7,64
AT4G01671,0,0,0,0,0,0
AT4G01680,6,27,26,5,19,17
AT4G01690,203,161,137,175,132,199
AT4G01700,204,326,233,480,213,518
AT4G01703,0,0,0,0,0,0
AT4G01710,239,424,232,161,144,236
AT4G01720,4,25,21,42,27,72
AT4G01730,170,266,148,166,73,189
AT4G01735,3,2,3,3,4,4
AT4G01740,66,86,43,34,39,49
AT4G01750,552,281,626,1256,505,813
AT4G01760,2,14,4,12,27,8
AT4G01770,105,80,100,271,187,155
AT4G01780,10,5,6,4,10,2
AT4G01790,124,243,146,105,58,96
AT4G01800,69,53,56,67,45,63
AT4G01810,322,234,187,347,349,407
AT4G01820,0,6,2,0,0,1
AT4G01830,3,6,8,0,4,3
AT4G01840,26,70,31,48,53,63
AT4G01850,7423,4769,5038,6878,4522,5762
AT4G01860,409,255,127,276,277,199
AT4G01865,0,0,0,0,0,0
AT4G01870,126,273,184,452,386,402
AT4G01880,148,184,94,138,100,140
AT4G01883,22,36,24,38,17,23
AT4G01890,0,2,4,0,0,0
AT4G01895,17,18,6,9,15,22
AT4G01897,352,880,401,295,266,317
AT4G01900,337,1190,572,348,199,283
AT4G01910,112,120,64,112,81,233
AT4G01915,7,22,17,5,6,17
AT4G01920,30,53,39,90,48,78
AT4G01925,34,22,42,32,55,43
AT4G01930,90,90,46,50,42,59
AT4G01935,49,89,45,38,26,52
AT4G01940,224,500,261,204,197,271
AT4G01950,114,106,56,169,115,178
AT4G01960,137,219,104,113,87,158
AT4G01970,0,1,0,0,0,0
AT4G01985,0,0,0,0,0,3
AT4G01990,82,103,47,102,69,79
AT4G01995,30,43,22,44,13,28
AT4G02000,8,13,0,2,0,7
AT4G02005,20,16,19,13,13,31
AT4G02010,322,251,255,311,255,260
AT4G02020,132,131,71,170,148,149
AT4G02030,183,345,141,244,129,196
AT4G02040,51,130,81,68,43,66
AT4G02050,298,487,275,482,267,614
AT4G02055,0,0,0,0,0,0
AT4G02060,371,217,190,472,190,322
AT4G02070,118,77,50,120,68,128
AT4G02075,19,100,79,19,8,79
AT4G02080,1251,2557,1196,1168,739,1101
AT4G02090,123,241,79,176,109,201
AT4G02100,247,209,143,273,146,289
AT4G02110,62,50,46,78,61,86
AT4G02120,113,150,107,78,82,207
AT4G02130,130,88,89,107,93,97
AT4G02140,4,1,4,7,0,0
AT4G02150,187,254,189,254,118,214
AT4G02160,0,0,0,2,0,0
AT4G02170,0,3,8,4,6,3
AT4G02180,35,14,8,23,15,9
AT4G02190,0,0,0,0,0,1
AT4G02195,90,118,80,123,70,78
AT4G02200,165,287,130,184,124,168
AT4G02210,116,147,75,115,78,97
AT4G02220,232,408,147,329,206,298
AT4G02230,1784,2421,1260,1533,1264,1650
AT4G02235,0,0,0,0,0,0
AT4G02250,0,0,0,0,0,0
AT4G02260,33,75,18,44,42,82
AT4G02270,34,567,225,40,214,202
AT4G02280,145,45,16,184,153,141
AT4G02290,1388,1136,1145,1061,626,931
AT4G02300,0,0,0,0,0,0
AT4G02310,0,0,0,0,0,0
AT4G02320,5,1,1,0,7,1
AT4G02330,27,8,4,32,56,91
AT4G02340,368,478,256,302,240,326
AT4G02350,191,244,76,206,179,166
AT4G02360,27,37,10,16,16,25
AT4G02370,440,1034,721,592,449,1270
AT4G02380,1287,4109,2871,1358,1315,4018
AT4G02390,28,37,22,18,27,48
AT4G02400,159,270,115,252,132,161
AT4G02405,117,146,94,162,107,114
AT4G02410,14,32,17,11,17,32
AT4G02420,0,0,0,2,0,0
AT4G02425,56,114,56,66,42,49
AT4G02430,101,107,80,93,115,156
AT4G02440,419,411,341,401,297,386
AT4G02450,1072,1602,1245,1262,784,1214
AT4G02460,78,135,75,115,100,109
AT4G02465,0,2,1,0,0,0
AT4G02480,572,505,300,437,294,605
AT4G02482,9,6,9,7,10,6
AT4G02485,22,56,34,27,44,32
AT4G02489,0,0,0,0,0,0
AT4G02500,565,1076,437,1001,455,790
AT4G02510,456,492,437,561,356,1034
AT4G02520,68,417,495,361,339,1450
AT4G02530,85,122,62,58,53,93
AT4G02540,115,191,82,209,103,246
AT4G02541,0,0,0,0,0,1
AT4G02550,128,119,79,116,90,105
AT4G02555,0,0,0,0,0,0
AT4G02560,123,165,103,232,90,135
AT4G02570,1110,1068,595,1226,794,1180
AT4G02580,1645,3006,1685,1562,1133,1588
AT4G02590,417,618,391,391,317,464
AT4G02600,138,136,111,230,153,154
AT4G02610,338,562,342,217,167,263
AT4G02620,1476,3505,2221,1743,1278,1849
AT4G02630,2,5,9,4,2,0
AT4G02640,323,318,253,227,235,299
AT4G02650,2,4,2,4,2,4
AT4G02655,0,0,0,0,2,0
AT4G02660,52,54,23,41,30,21
AT4G02670,0,0,0,0,0,0
AT4G02680,153,167,115,159,164,169
AT4G02690,0,0,0,0,0,0
AT4G02700,5,17,4,3,4,3
AT4G02710,83,33,16,31,49,46
AT4G02715,412,576,275,398,402,370
AT4G02720,389,582,343,401,304,450
AT4G02725,492,901,480,542,392,567
AT4G02730,126,125,108,118,70,104
AT4G02733,0,0,0,1,0,0
AT4G02735,0,0,0,0,0,0
AT4G02740,294,240,146,270,228,232
AT4G02750,40,9,10,24,11,20
AT4G02760,105,69,93,111,90,89
AT4G02770,12,23,2,0,1,1
AT4G02780,3,5,2,9,1,7
AT4G02790,116,126,83,88,66,65
AT4G02800,106,418,174,135,101,211
AT4G02810,69,67,44,32,65,88
AT4G02820,209,137,80,197,138,133
AT4G02830,54,134,80,101,74,75
AT4G02840,580,1488,914,589,532,679
AT4G02850,1,3,5,0,0,1
AT4G02860,317,471,254,375,269,519
AT4G02870,0,0,0,0,0,0
AT4G02880,152,190,137,173,108,170
AT4G02890,1165,1794,1240,1184,891,1188
AT4G02900,57,25,33,39,37,30
AT4G02910,0,0,0,0,0,0
AT4G02920,159,140,126,134,108,155
AT4G02930,928,1677,1024,1371,773,1025
AT4G02940,433,375,262,359,260,391
AT4G02950,2,0,1,0,0,2
AT4G02970,15,20,21,8,12,17
AT4G02980,164,328,170,152,103,163
AT4G02990,121,149,44,114,70,76
AT4G03000,139,192,90,103,96,117
AT4G03010,42,70,23,24,14,25
AT4G03020,325,341,219,331,256,423
AT4G03030,119,184,132,149,120,264
AT4G03038,0,0,0,0,0,0
AT4G03039,0,0,0,0,0,0
AT4G03040,0,0,0,0,0,0
AT4G03050,0,0,0,0,0,0
AT4G03070,6,13,4,6,8,4
AT4G03080,86,98,72,101,84,113
AT4G03090,72,76,40,71,84,31
AT4G03100,128,138,104,134,123,134
AT4G03110,413,297,271,467,297,473
AT4G03113,0,0,0,0,0,0
AT4G03115,56,57,55,69,52,62
AT4G03120,245,282,249,210,134,189
AT4G03130,0,8,2,12,5,5
AT4G03135,0,0,0,0,0,0
AT4G03140,128,144,75,152,116,125
AT4G03150,53,85,42,37,46,75
AT4G03153,0,0,0,0,0,0
AT4G03156,0,0,0,0,0,0
AT4G03157,0,0,0,0,0,0
AT4G03160,0,0,0,0,0,0
AT4G03165,0,0,0,0,0,0
AT4G03170,0,0,0,0,0,0
AT4G03175,0,1,0,0,0,0
AT4G03180,248,361,169,257,207,215
AT4G03190,1524,941,601,1751,1137,1012
AT4G03200,165,102,56,90,86,112
AT4G03205,133,98,72,108,53,61
AT4G03210,440,952,455,449,185,306
AT4G03220,0,0,0,2,0,7
AT4G03230,31,41,11,26,26,42
AT4G03240,349,851,387,350,253,292
AT4G03250,23,55,19,32,26,30
AT4G03260,265,351,199,321,234,355
AT4G03270,79,124,92,105,69,93
AT4G03280,21,27,8,13,8,3
AT4G03285,0,0,0,0,0,0
AT4G03290,0,0,0,0,0,0
AT4G03292,4,11,6,11,3,5
AT4G03295,2,19,6,0,0,0
AT4G03298,4,1,0,1,1,1
AT4G03320,217,259,194,141,136,226
AT4G03330,28,38,32,32,36,37
AT4G03340,32,84,34,48,39,52
AT4G03350,0,0,0,0,0,0
AT4G03360,0,0,0,0,0,0
AT4G03370,0,0,0,0,0,0
AT4G03380,1,0,0,0,0,0
AT4G03390,221,239,208,212,200,186
AT4G03400,9,54,23,16,36,33
AT4G03405,0,0,0,0,0,0
AT4G03410,76,86,78,70,40,100
AT4G03415,207,316,225,224,158,239
AT4G03420,111,79,36,101,113,275
AT4G03430,331,275,209,302,264,354
AT4G03435,0,0,0,0,0,0
AT4G03438,0,0,0,0,0,0
AT4G03440,24,42,25,62,41,65
AT4G03443,4,3,2,1,0,3
AT4G03445,5,0,2,1,0,1
AT4G03450,0,0,0,0,0,0
AT4G03455,0,0,0,0,0,0
AT4G03460,12,32,14,29,12,41
AT4G03470,7,7,2,26,18,26
AT4G03480,0,0,3,1,1,0
AT4G03490,121,253,156,106,91,133
AT4G03495,0,0,1,0,0,0
AT4G03500,63,182,106,37,59,96
AT4G03505,4,1,2,0,0,3
AT4G03510,180,302,264,227,181,296
AT4G03520,1153,1666,1059,918,703,1071
AT4G03525,0,0,0,0,0,0
AT4G03535,0,0,0,0,0,0
AT4G03540,0,7,9,0,0,0
AT4G03545,0,0,0,0,0,0
AT4G03550,76,128,146,156,104,200
AT4G03555,0,0,0,0,0,0
AT4G03560,320,559,239,533,407,581
AT4G03565,0,0,0,1,0,0
AT4G03566,0,0,0,0,0,0
AT4G03570,0,0,0,0,0,0
AT4G03575,0,0,0,0,0,0
AT4G03580,0,0,0,0,0,0
AT4G03585,6,13,7,14,2,25
AT4G03590,0,0,0,0,0,0
AT4G03595,0,0,0,0,0,0
AT4G03600,14,46,20,22,28,26
AT4G03605,0,0,0,0,0,0
AT4G03610,23,144,60,39,21,55
AT4G03620,1,12,2,3,1,6
AT4G03625,0,0,0,0,0,0
AT4G03630,0,0,0,0,0,0
AT4G03635,51,51,61,69,28,73
AT4G03645,0,0,0,0,0,0
AT4G03655,1,5,6,4,5,2
AT4G03665,0,0,0,0,0,0
AT4G03675,2,5,0,7,0,0
AT4G03685,2,1,0,2,1,1
AT4G03705,0,0,0,0,0,0
AT4G03715,0,0,0,0,0,4
AT4G03725,0,1,0,5,1,0
AT4G03728,0,0,0,0,0,0
AT4G03740,0,0,0,0,0,0
AT4G03755,0,1,1,0,0,4
AT4G03765,0,0,0,0,0,0
AT4G03785,0,0,0,0,0,0
AT4G03805,0,0,0,0,0,1
AT4G03811,0,1,0,0,0,0
AT4G03815,0,0,0,0,0,0
AT4G03820,68,62,72,103,75,114
AT4G03830,0,0,0,0,0,0
AT4G03845,0,0,0,0,0,1
AT4G03855,0,0,1,0,0,0
AT4G03875,0,0,0,0,0,0
AT4G03895,17,74,34,26,11,22
AT4G03905,26,51,17,8,11,12
AT4G03915,1,8,3,0,0,0
AT4G03925,1,6,5,6,2,4
AT4G03930,0,2,0,0,4,1
AT4G03935,106,106,39,61,44,77
AT4G03940,27,32,21,20,20,29
AT4G03945,0,0,0,0,0,0
AT4G03950,0,0,0,0,0,0
AT4G03955,1,0,1,3,0,3
AT4G03960,78,141,69,21,40,39
AT4G03965,23,49,15,26,36,15
AT4G03985,16,27,35,44,23,52
AT4G03995,0,0,0,0,0,0
AT4G04005,5,4,1,0,3,0
AT4G04015,8,10,1,2,10,7
AT4G04020,77,115,85,70,55,93
AT4G04025,19,16,8,5,5,3
AT4G04030,0,0,0,0,0,0
AT4G04035,0,0,0,0,0,2
AT4G04040,161,158,121,185,87,202
AT4G04055,45,95,77,50,47,38
AT4G04065,0,0,0,0,0,0
AT4G04075,0,0,0,0,0,0
AT4G04077,0,0,0,0,0,0
AT4G04078,0,0,0,0,0,0
AT4G04080,0,0,0,0,0,0
AT4G04085,0,0,0,0,0,0
AT4G04090,0,0,0,0,0,0
AT4G04095,0,0,0,0,0,0
AT4G04110,0,0,0,0,0,0
AT4G04115,0,0,0,0,0,0
AT4G04125,0,0,0,0,0,0
AT4G04135,0,0,0,0,0,0
AT4G04180,28,46,30,35,26,42
AT4G04185,0,0,0,0,0,0
AT4G04190,20,132,56,68,46,49
AT4G04195,0,0,0,0,0,0
AT4G04200,90,145,63,84,79,82
AT4G04205,1,6,2,0,0,1
AT4G04210,427,658,365,420,306,299
AT4G04215,0,0,0,0,0,0
AT4G04220,37,58,26,51,36,35
AT4G04221,31,63,29,50,53,40
AT4G04223,102,18,70,0,0,15
AT4G04225,5,5,0,3,1,0
AT4G04235,0,0,0,0,0,0
AT4G04260,0,1,0,3,2,0
AT4G04265,0,0,0,0,0,0
AT4G04275,2,1,3,1,4,0
AT4G04285,7,26,5,10,13,13
AT4G04295,0,0,0,2,0,0
AT4G04305,0,0,0,0,0,0
AT4G04315,0,0,0,0,0,0
AT4G04320,121,187,100,219,159,201
AT4G04325,0,0,0,0,0,0
AT4G04330,7,9,4,5,4,11
AT4G04335,1,0,0,2,1,1
AT4G04340,211,189,145,218,115,118
AT4G04345,0,0,1,0,1,0
AT4G04350,30,33,7,32,35,44
AT4G04355,0,0,0,0,0,0
AT4G04360,1,10,0,4,2,0
AT4G04365,0,0,0,0,0,0
AT4G04370,20,22,0,16,13,9
AT4G04385,0,0,0,0,0,0
AT4G04402,0,0,0,0,0,0
AT4G04404,0,0,0,0,0,0
AT4G04415,0,0,0,0,0,0
AT4G04423,0,0,0,0,0,0
AT4G04425,0,0,0,0,0,0
AT4G04435,32,47,22,60,40,59
AT4G04445,3,5,4,2,1,0
AT4G04450,0,23,5,0,0,8
AT4G04455,209,152,90,246,160,137
AT4G04460,43,119,48,84,58,60
AT4G04465,0,2,0,1,0,0
AT4G04470,507,756,509,470,353,507
AT4G04475,0,3,1,0,0,0
AT4G04480,0,0,0,0,0,0
AT4G04485,1,6,1,0,1,0
AT4G04490,0,0,0,0,1,0
AT4G04500,0,0,0,0,0,0
AT4G04505,4,4,2,3,2,0
AT4G04510,0,0,0,0,0,0
AT4G04515,5,7,4,6,4,7
AT4G04535,0,0,0,0,0,0
AT4G04540,0,0,0,0,0,0
AT4G04555,0,0,0,0,0,0
AT4G04565,6,17,15,4,4,8
AT4G04570,0,0,0,0,0,0
AT4G04580,0,0,0,0,0,0
AT4G04585,0,0,2,0,0,0
AT4G04601,0,0,0,0,0,0
AT4G04605,0,0,0,0,0,0
AT4G04610,128,127,55,221,220,103
AT4G04614,391,784,314,283,199,374
AT4G04615,2,13,7,0,3,1
AT4G04620,407,566,364,424,351,400
AT4G04625,0,0,0,0,0,0
AT4G04630,321,310,196,289,214,273
AT4G04632,0,0,0,0,0,0
AT4G04640,24,128,123,56,34,49
AT4G04645,0,0,0,0,0,0
AT4G04650,0,0,0,0,0,0
AT4G04665,0,0,0,0,0,0
AT4G04670,57,69,34,61,34,27
AT4G04675,0,0,0,0,0,0
AT4G04680,0,0,0,0,1,1
AT4G04690,0,0,0,0,0,0
AT4G04695,87,94,28,79,68,79
AT4G04700,76,75,58,193,80,184
AT4G04710,9,23,10,123,47,116
AT4G04720,188,257,162,248,189,262
AT4G04730,0,2,0,0,0,0
AT4G04740,65,81,30,55,60,119
AT4G04745,157,1080,544,63,73,263
AT4G04750,0,5,4,0,0,0
AT4G04755,0,0,0,0,0,0
AT4G04760,0,4,0,0,0,0
AT4G04765,0,0,0,0,0,0
AT4G04770,100,248,153,157,154,155
AT4G04775,0,0,0,0,0,0
AT4G04780,371,666,366,303,200,268
AT4G04785,0,0,0,0,0,0
AT4G04790,2,26,26,32,20,47
AT4G04795,0,0,0,0,0,0
AT4G04800,311,624,362,208,178,424
AT4G04805,0,0,0,0,0,0
AT4G04810,156,286,210,79,78,138
AT4G04815,0,0,0,0,0,0
AT4G04825,0,0,0,0,0,0
AT4G04830,1093,1484,1442,1073,1043,1920
AT4G04835,0,0,0,0,0,1
AT4G04840,0,11,6,6,3,2
AT4G04850,36,30,24,19,4,4
AT4G04855,0,0,0,0,0,0
AT4G04860,386,689,369,335,297,407
AT4G04865,0,0,0,0,0,0
AT4G04870,173,288,128,154,111,175
AT4G04875,0,0,0,0,0,0
AT4G04880,78,83,74,58,60,40
AT4G04885,96,111,78,164,147,193
AT4G04890,0,3,0,0,0,1
AT4G04895,0,0,0,0,0,0
AT4G04900,2,8,8,0,5,5
AT4G04905,0,0,0,0,0,0
AT4G04910,614,594,368,747,444,609
AT4G04920,69,126,83,95,104,107
AT4G04925,147,117,116,121,134,166
AT4G04930,12,13,4,18,4,14
AT4G04940,99,113,99,170,98,101
AT4G04945,0,0,0,0,0,0
AT4G04950,398,536,295,446,256,368
AT4G04955,507,773,355,415,254,393
AT4G04957,0,0,0,0,0,0
AT4G04960,38,42,18,19,29,70
AT4G04965,0,0,0,0,0,0
AT4G04970,117,112,57,82,100,98
AT4G04972,48,193,125,34,15,188
AT4G04975,0,2,0,0,0,0
AT4G04980,24,108,66,6,21,118
AT4G04985,0,0,0,0,0,0
AT4G04990,0,11,16,0,0,16
AT4G04995,0,1,0,3,0,0
AT4G05000,150,368,173,191,136,201
AT4G05005,0,0,0,0,0,0
AT4G05010,127,219,120,85,107,143
AT4G05015,0,0,0,1,0,1
AT4G05018,1,12,0,0,0,7
AT4G05020,331,248,125,284,219,302
AT4G05025,0,0,0,0,0,0
AT4G05030,5,18,11,4,4,4
AT4G05040,56,82,46,52,67,57
AT4G05045,0,0,0,0,0,0
AT4G05048,0,0,0,0,0,0
AT4G05050,1656,3591,2046,1806,1198,2859
AT4G05055,0,0,0,1,0,0
AT4G05060,187,214,190,164,117,224
AT4G05065,9,19,19,13,13,18
AT4G05070,363,752,624,301,241,711
AT4G05071,0,0,0,0,0,2
AT4G05075,0,0,0,0,0,0
AT4G05080,0,0,0,0,0,0
AT4G05085,0,0,0,0,0,0
AT4G05090,73,91,75,108,102,101
AT4G05091,0,0,0,0,0,2
AT4G05095,0,0,0,0,0,0
AT4G05097,0,0,0,0,0,0
AT4G05100,0,8,18,0,0,11
AT4G05105,0,0,0,0,0,0
AT4G05110,0,0,2,0,2,1
AT4G05115,0,0,0,0,0,0
AT4G05120,139,95,84,128,54,119
AT4G05125,0,0,0,0,0,0
AT4G05130,1,1,1,1,2,8
AT4G05135,0,0,0,0,0,0
AT4G05140,0,0,0,0,0,0
AT4G05150,307,520,460,244,231,671
AT4G05155,0,0,2,2,0,0
AT4G05160,134,338,167,370,229,370
AT4G05170,32,72,62,55,47,55
AT4G05180,34,80,53,4,2,27
AT4G05190,178,277,177,221,184,276
AT4G05200,51,102,57,36,61,184
AT4G05205,0,0,0,0,0,0
AT4G05210,27,66,40,38,19,42
AT4G05215,0,0,0,0,0,0
AT4G05220,12,8,5,9,14,5
AT4G05225,0,0,0,0,0,0
AT4G05230,0,0,0,0,0,0
AT4G05235,0,0,0,0,1,0
AT4G05240,0,0,0,0,0,0
AT4G05245,0,0,0,0,0,0
AT4G05250,0,0,0,0,0,0
AT4G05255,0,0,0,0,0,0
AT4G05260,0,0,0,0,0,0
AT4G05270,0,0,0,0,0,0
AT4G05275,0,0,0,0,0,0
AT4G05285,1,0,1,1,0,2
AT4G05295,0,0,0,0,0,0
AT4G05305,0,0,0,0,0,0
AT4G05310,0,0,0,0,0,0
AT4G05315,0,1,0,0,0,1
AT4G05320,5117,4455,3540,5302,4083,6335
AT4G05330,127,160,57,126,97,89
AT4G05335,0,1,1,0,0,0
AT4G05340,0,0,0,0,0,0
AT4G05350,0,0,0,0,0,0
AT4G05355,0,0,0,0,0,0
AT4G05360,0,0,0,0,0,0
AT4G05365,0,0,0,0,0,0
AT4G05375,0,0,0,0,0,0
AT4G05380,5,0,0,4,1,1
AT4G05385,0,0,0,0,0,0
AT4G05390,315,544,351,544,270,336
AT4G05395,18,9,12,17,12,20
AT4G05400,229,472,257,329,176,244
AT4G05405,1,3,1,2,0,0
AT4G05410,122,71,83,98,55,76
AT4G05415,0,0,0,0,0,0
AT4G05420,377,353,303,351,331,452
AT4G05425,0,0,0,0,0,3
AT4G05430,33,26,9,10,4,17
AT4G05435,0,0,0,0,0,1
AT4G05440,117,180,95,137,106,112
AT4G05445,0,1,0,0,0,0
AT4G05450,175,280,135,153,110,125
AT4G05455,0,0,0,0,0,0
AT4G05460,370,414,234,305,226,262
AT4G05465,0,0,0,0,0,0
AT4G05470,0,0,0,0,0,0
AT4G05475,0,0,0,0,0,0
AT4G05485,0,1,0,0,0,0
AT4G05490,0,0,0,0,0,1
AT4G05497,0,0,0,0,0,0
AT4G05508,0,0,0,0,0,0
AT4G05520,87,160,92,85,66,90
AT4G05523,0,0,0,0,0,0
AT4G05525,9,30,13,14,11,8
AT4G05530,506,427,321,576,416,478
AT4G05535,0,0,0,0,0,0
AT4G05540,0,0,2,1,0,0
AT4G05545,0,0,0,0,0,0
AT4G05553,0,0,0,0,0,0
AT4G05555,0,0,0,0,0,0
AT4G05565,0,0,0,0,0,0
AT4G05590,66,330,190,105,56,247
AT4G05605,0,0,0,0,0,0
AT4G05612,0,0,0,0,0,0
AT4G05615,0,0,0,0,0,0
AT4G05620,0,0,0,0,0,0
AT4G05625,0,0,0,0,0,0
AT4G05630,0,0,0,0,0,0
AT4G05631,35,27,14,22,17,23
AT4G05632,0,0,0,0,0,0
AT4G05645,0,0,0,0,0,0
AT4G05650,3,8,1,3,5,4
AT4G05655,0,0,0,0,0,0
AT4G05660,0,0,0,0,0,0
AT4G05665,0,0,0,0,0,0
AT4G05670,0,0,0,0,0,0
AT4G05675,0,0,0,0,0,0
AT4G05680,2,3,2,3,2,0
AT4G05685,0,1,2,8,6,2
AT4G05690,0,0,0,0,0,0
AT4G05695,0,0,0,0,0,0
AT4G05700,0,0,0,0,0,0
AT4G05705,0,0,0,0,0,0
AT4G05710,0,0,0,0,0,0
AT4G05715,0,5,0,0,0,0
AT4G05720,0,0,0,0,0,0
AT4G05730,0,0,0,0,0,0
AT4G05735,8,12,2,10,4,3
AT4G05740,0,0,0,0,0,0
AT4G05745,0,0,0,0,0,0
AT4G05750,0,0,0,0,0,0
AT4G05755,0,4,0,0,1,0
AT4G05760,4,12,7,7,7,4
AT4G05765,0,0,0,0,0,0
AT4G05770,0,0,0,0,0,0
AT4G05775,19,8,0,24,8,31
AT4G05780,0,0,1,2,0,0
AT4G05785,0,0,0,1,1,1
AT4G05790,5,1,1,0,1,1
AT4G05795,0,0,0,0,0,0
AT4G05800,0,0,0,0,0,0
AT4G05805,0,0,0,0,0,0
AT4G05810,0,6,0,1,0,3
AT4G05815,46,51,41,57,51,56
AT4G05840,0,0,0,0,0,1
AT4G05845,0,0,0,0,0,0
AT4G05850,0,0,0,0,0,0
AT4G05855,0,0,0,0,0,0
AT4G05860,0,0,0,0,0,0
AT4G05865,0,0,0,0,0,0
AT4G05870,0,0,0,0,0,0
AT4G05875,0,0,0,0,0,0
AT4G05880,0,0,0,0,0,0
AT4G05885,0,0,0,0,0,0
AT4G05890,0,2,0,2,0,0
AT4G05895,0,0,0,0,0,0
AT4G05900,0,0,0,0,0,0
AT4G05905,0,0,0,0,0,0
AT4G05910,9,3,3,5,4,11
AT4G05915,0,0,0,0,0,0
AT4G05920,0,0,0,0,0,0
AT4G05925,0,0,0,0,0,0
AT4G05930,0,0,0,0,0,0
AT4G05935,4,3,1,3,4,3
AT4G05940,4,0,1,0,0,6
AT4G05945,6,7,3,6,1,1
AT4G05950,0,0,1,0,0,1
AT4G05965,0,0,0,0,0,0
AT4G05970,0,0,0,0,0,0
AT4G05975,0,0,0,0,0,0
AT4G05980,0,0,0,0,0,0
AT4G05985,0,0,0,0,0,0
AT4G05990,0,0,0,0,0,0
AT4G05995,0,0,0,0,0,0
AT4G06000,0,0,0,0,0,1
AT4G06005,0,0,0,1,0,0
AT4G06010,1,4,1,0,0,0
AT4G06015,2,2,0,0,0,1
AT4G06045,0,0,0,0,0,0
AT4G06050,0,0,0,0,0,0
AT4G06055,0,0,0,0,0,0
AT4G06060,0,4,2,1,2,1
AT4G06065,0,0,0,0,0,0
AT4G06070,0,0,0,0,0,0
AT4G06075,0,0,0,0,0,0
AT4G06080,0,6,0,0,0,0
AT4G06085,0,0,0,0,0,0
AT4G06090,0,0,0,0,0,0
AT4G06095,0,0,0,0,0,0
AT4G06105,0,0,0,0,0,0
AT4G06110,0,0,0,0,0,0
AT4G06115,0,0,0,0,0,0
AT4G06130,0,0,0,0,0,0
AT4G06135,15,74,47,51,36,57
AT4G06140,0,0,0,0,0,0
AT4G06145,0,0,0,0,0,0
AT4G06155,0,0,0,0,0,0
AT4G06160,0,1,0,0,0,0
AT4G06165,0,0,0,0,0,0
AT4G06170,0,0,0,0,0,0
AT4G06175,0,0,0,0,0,0
AT4G06185,0,0,0,0,0,0
AT4G06195,2,1,3,0,2,0
AT4G06200,0,0,0,0,0,0
AT4G06205,0,0,0,0,0,1
AT4G06210,4,5,2,11,2,6
AT4G06215,4,3,5,0,3,0
AT4G06225,2,4,3,2,4,4
AT4G06235,15,30,13,11,13,6
AT4G06240,0,5,4,0,0,1
AT4G06245,0,0,0,1,0,0
AT4G06250,0,0,0,0,0,0
AT4G06255,0,0,0,0,0,1
AT4G06260,0,0,1,2,0,0
AT4G06265,0,4,3,1,0,0
AT4G06280,0,2,1,0,0,1
AT4G06285,0,0,0,1,0,0
AT4G06290,0,0,0,0,0,0
AT4G06295,0,0,0,0,0,0
AT4G06300,0,0,0,0,0,0
AT4G06305,0,2,0,0,0,0
AT4G06310,0,2,0,0,0,0
AT4G06315,0,0,0,0,1,1
AT4G06320,1,0,1,0,0,0
AT4G06330,0,0,0,0,0,1
AT4G06335,2,4,3,4,0,2
AT4G06340,23,38,15,25,18,29
AT4G06345,0,0,0,0,0,0
AT4G06365,0,0,0,0,0,0
AT4G06370,0,0,0,0,0,0
AT4G06375,0,1,1,0,0,0
AT4G06380,0,0,0,0,0,0
AT4G06385,0,0,0,1,1,3
AT4G06390,0,0,0,0,0,0
AT4G06395,29,42,32,45,38,63
AT4G06400,0,0,0,0,0,0
AT4G06405,0,0,0,0,0,0
AT4G06410,18,36,15,22,17,28
AT4G06415,2,17,7,1,1,13
AT4G06425,1,0,0,0,0,0
AT4G06440,0,0,0,0,0,0
AT4G06445,0,0,0,0,0,0
AT4G06450,0,0,0,0,0,0
AT4G06455,0,0,0,0,0,0
AT4G06460,0,0,0,0,0,0
AT4G06479,0,0,0,0,0,0
AT4G06490,0,0,0,0,0,0
AT4G06526,0,0,0,0,0,0
AT4G06534,15,37,32,4,13,64
AT4G06536,7,20,11,1,3,14
AT4G06583,0,0,0,0,0,0
AT4G06598,41,47,24,27,37,29
AT4G06599,159,313,194,242,166,185
AT4G06634,140,148,109,124,115,131
AT4G06639,0,0,0,0,0,0
AT4G06643,0,0,0,0,0,0
AT4G06655,0,0,0,0,0,0
AT4G06665,0,0,0,0,0,0
AT4G06675,1,0,0,0,0,0
AT4G06676,104,190,141,124,94,156
AT4G06685,34,84,49,42,47,38
AT4G06688,0,0,0,0,0,0
AT4G06695,7,23,14,2,3,3
AT4G06701,169,311,157,133,109,137
AT4G06705,1,4,1,2,1,3
AT4G06715,0,0,0,0,0,0
AT4G06725,0,0,0,0,0,0
AT4G06744,451,578,409,470,497,575
AT4G06745,2,2,3,0,0,5
AT4G06746,25,30,34,26,38,123
AT4G06755,0,0,0,0,1,0
AT4G06760,0,0,0,0,0,0
AT4G06765,0,0,0,0,0,0
AT4G06770,0,0,0,0,0,0
AT4G06775,9,22,6,7,11,5
AT4G06780,2,0,0,0,2,1
AT4G06785,0,0,0,1,1,0
AT4G06795,0,2,0,0,0,0
AT4G06800,0,1,1,0,0,0
AT4G06805,1,0,0,1,1,0
AT4G06810,0,0,0,0,0,2
AT4G06815,0,0,0,0,0,0
AT4G06820,0,0,0,0,0,0
AT4G06825,0,0,0,0,0,0
AT4G06830,0,2,0,0,0,1
AT4G06835,1,2,0,1,0,2
AT4G06845,0,0,0,0,0,0
AT4G06850,0,0,0,2,0,0
AT4G06855,0,0,0,0,0,0
AT4G06860,0,0,0,0,0,0
AT4G06865,0,0,0,0,0,0
AT4G06870,1,5,4,1,2,4
AT4G06875,10,12,5,3,8,3
AT4G06880,16,17,5,10,12,18
AT4G06885,0,0,0,0,0,0
AT4G06890,0,0,0,0,0,0
AT4G06895,0,0,0,0,0,0
AT4G06900,0,0,0,0,0,0
AT4G06905,0,0,0,0,0,0
AT4G06910,0,0,0,0,0,0
AT4G06915,0,0,0,0,0,0
AT4G06920,0,0,0,2,0,0
AT4G06925,0,0,0,0,0,1
AT4G06930,0,0,0,0,0,0
AT4G06935,1,3,0,0,0,1
AT4G06945,0,0,0,0,0,0
AT4G06950,0,0,0,0,0,0
AT4G06955,0,1,0,0,3,0
AT4G06960,0,0,0,0,0,0
AT4G06965,0,0,0,0,0,0
AT4G06970,0,0,0,0,0,0
AT4G06975,0,0,0,0,0,0
AT4G06980,1,0,6,4,3,5
AT4G06985,10,15,5,11,8,18
AT4G06990,0,1,0,1,0,0
AT4G06995,15,12,15,8,23,7
AT4G07000,0,0,0,0,0,0
AT4G07005,0,0,0,0,0,0
AT4G07010,0,0,0,0,0,0
AT4G07015,0,0,0,0,0,0
AT4G07020,0,0,0,0,0,0
AT4G07025,0,0,0,0,0,0
AT4G07030,10,14,9,9,5,16
AT4G07040,0,0,0,0,0,0
AT4G07045,0,0,0,0,0,0
AT4G07050,0,0,0,0,0,0
AT4G07055,0,0,0,0,0,0
AT4G07060,0,0,0,0,0,0
AT4G07065,0,0,0,0,0,0
AT4G07070,2,13,3,1,5,1
AT4G07075,0,1,2,1,0,0
AT4G07080,0,0,0,0,0,0
AT4G07085,0,0,0,0,0,0
AT4G07090,0,0,0,0,0,0
AT4G07095,0,1,0,0,0,0
AT4G07100,0,1,1,0,2,2
AT4G07105,1,10,0,0,0,2
AT4G07110,0,0,0,0,0,0
AT4G07115,0,0,0,0,0,0
AT4G07120,0,0,0,0,1,0
AT4G07125,0,0,0,0,0,0
AT4G07130,11,11,19,12,6,13
AT4G07135,0,0,1,0,0,0
AT4G07145,0,0,0,0,0,0
AT4G07150,0,0,0,5,4,4
AT4G07160,4,0,0,7,3,1
AT4G07165,6,0,0,1,4,0
AT4G07170,2,5,1,0,3,3
AT4G07175,0,0,0,0,0,0
AT4G07180,0,0,0,0,0,0
AT4G07185,0,0,1,0,0,0
AT4G07190,11,8,2,4,1,5
AT4G07195,0,0,2,0,1,2
AT4G07200,1,5,1,3,2,0
AT4G07205,1,4,2,2,1,1
AT4G07210,0,0,1,0,1,0
AT4G07215,1,0,1,0,1,0
AT4G07220,0,0,0,0,0,0
AT4G07225,0,0,0,0,0,0
AT4G07230,0,1,0,0,0,1
AT4G07235,0,0,0,1,1,0
AT4G07240,0,0,0,0,0,0
AT4G07245,0,0,0,0,0,0
AT4G07250,0,0,0,0,0,0
AT4G07255,0,0,0,0,0,0
AT4G07260,20,51,37,22,13,44
AT4G07265,0,0,0,0,0,0
AT4G07270,0,0,0,0,0,0
AT4G07275,0,5,0,0,0,0
AT4G07280,0,0,0,0,0,0
AT4G07285,102,117,116,96,74,133
AT4G07290,0,3,0,1,1,0
AT4G07295,0,0,0,0,0,0
AT4G07300,0,0,0,0,0,0
AT4G07305,0,0,0,0,0,0
AT4G07325,0,0,0,0,0,0
AT4G07335,0,0,0,0,0,0
AT4G07345,2,0,0,0,0,0
AT4G07350,0,0,0,0,0,0
AT4G07365,1,0,0,0,0,0
AT4G07375,0,0,0,0,0,0
AT4G07380,0,0,0,0,0,0
AT4G07385,0,0,0,0,0,0
AT4G07390,526,990,616,535,394,507
AT4G07395,0,0,0,0,0,0
AT4G07400,37,33,8,24,19,31
AT4G07405,8,6,3,3,2,1
AT4G07408,0,1,1,5,2,0
AT4G07410,403,306,315,473,276,454
AT4G07445,0,0,0,0,0,0
AT4G07455,71,67,35,33,33,46
AT4G07465,0,0,0,0,0,0
AT4G07505,0,0,0,0,0,0
AT4G07515,0,0,0,0,0,0
AT4G07524,0,0,0,0,0,0
AT4G07526,0,0,0,0,0,0
AT4G07535,0,0,0,0,0,0
AT4G07545,0,1,0,0,0,1
AT4G07565,0,0,0,0,0,0
AT4G07575,0,0,0,0,0,0
AT4G07625,0,0,1,0,0,0
AT4G07635,0,1,0,0,0,0
AT4G07645,0,0,0,0,0,0
AT4G07655,0,0,2,0,0,0
AT4G07665,0,0,0,0,0,0
AT4G07666,0,0,0,0,0,0
AT4G07670,0,0,0,0,0,0
AT4G07675,0,0,0,0,0,0
AT4G07715,0,1,0,0,0,0
AT4G07735,0,0,0,0,0,1
AT4G07740,0,0,0,0,0,0
AT4G07745,0,0,0,0,0,1
AT4G07765,0,0,0,1,0,0
AT4G07775,0,0,0,0,0,0
AT4G07785,0,0,0,0,0,0
AT4G07805,0,0,0,1,0,0
AT4G07815,0,0,0,0,0,0
AT4G07820,171,170,176,127,257,1669
AT4G07825,340,343,407,385,391,491
AT4G07835,0,0,0,0,0,0
AT4G07845,0,0,0,2,0,0
AT4G07855,307,367,200,431,247,460
AT4G07865,0,0,1,0,0,0
AT4G07868,0,2,0,0,4,23
AT4G07875,1,0,0,0,0,0
AT4G07895,2,0,0,1,1,2
AT4G07905,0,0,0,0,0,0
AT4G07925,4,2,0,0,0,0
AT4G07932,0,0,0,0,0,0
AT4G07940,0,0,0,0,0,0
AT4G07950,383,250,214,297,206,283
AT4G07955,0,0,0,0,0,0
AT4G07960,14,3,9,13,12,24
AT4G07965,0,0,0,0,0,0
AT4G07975,0,0,0,1,0,0
AT4G07985,0,0,0,0,0,0
AT4G07990,143,214,147,159,141,186
AT4G07995,0,0,2,0,0,0
AT4G08005,1,0,2,1,2,0
AT4G08015,106,38,55,75,55,70
AT4G08025,0,0,0,0,0,0
AT4G08028,0,0,0,0,0,0
AT4G08035,418,508,323,337,303,393
AT4G08039,0,0,0,0,0,0
AT4G08040,1,3,2,6,7,28
AT4G08045,0,1,1,0,0,0
AT4G08055,9,6,6,18,7,8
AT4G08065,0,0,0,0,0,0
AT4G08075,0,0,0,0,0,0
AT4G08085,0,0,0,1,0,0
AT4G08097,0,0,0,0,0,0
AT4G08116,0,0,0,0,0,0
AT4G08125,0,1,0,0,0,1
AT4G08140,0,0,0,0,0,0
AT4G08150,0,9,2,1,2,0
AT4G08155,0,0,0,0,0,0
AT4G08160,22,90,30,40,142,63
AT4G08165,0,0,0,0,0,1
AT4G08170,147,217,164,146,130,98
AT4G08175,0,1,0,0,0,1
AT4G08180,154,111,59,112,105,153
AT4G08185,0,0,0,0,0,1
AT4G08190,0,0,0,0,0,0
AT4G08195,0,0,0,0,0,0
AT4G08205,0,0,0,0,0,0
AT4G08210,0,19,1,9,2,8
AT4G08215,0,0,0,0,0,0
AT4G08225,48,88,61,71,44,64
AT4G08230,48,110,89,57,73,114
AT4G08235,0,0,0,0,0,0
AT4G08240,416,441,358,354,218,385
AT4G08245,1,1,0,0,2,3
AT4G08250,21,6,7,5,8,15
AT4G08255,1,1,0,0,0,0
AT4G08260,0,0,0,0,0,0
AT4G08263,0,0,0,0,0,0
AT4G08265,0,0,0,0,0,0
AT4G08267,0,0,0,0,0,0
AT4G08270,0,0,0,0,0,0
AT4G08280,452,801,524,319,282,378
AT4G08285,0,0,2,1,1,2
AT4G08290,177,1003,710,210,163,278
AT4G08295,0,0,0,0,0,0
AT4G08300,59,448,148,229,152,131
AT4G08305,0,0,1,3,2,0
AT4G08310,421,710,340,436,271,405
AT4G08315,2,0,1,4,0,1
AT4G08320,175,188,129,174,136,172
AT4G08325,0,0,0,0,0,0
AT4G08330,105,272,162,94,61,128
AT4G08335,0,0,0,0,0,0
AT4G08345,0,0,0,0,0,0
AT4G08350,276,261,144,231,194,233
AT4G08355,0,0,0,0,0,0
AT4G08360,47,95,114,45,30,90
AT4G08365,0,0,0,0,0,0
AT4G08370,0,0,0,0,0,0
AT4G08380,0,0,0,0,0,0
AT4G08385,0,0,0,0,0,0
AT4G08390,463,1140,778,991,691,515
AT4G08395,0,0,0,0,0,0
AT4G08400,2,134,54,1,25,25
AT4G08406,0,0,0,0,0,0
AT4G08410,2,129,65,0,25,14
AT4G08415,5,7,0,3,3,2
AT4G08425,27,26,29,19,9,27
AT4G08430,0,0,0,0,0,0
AT4G08435,0,0,0,0,0,0
AT4G08445,2,0,0,0,0,0
AT4G08450,6,28,29,4,13,38
AT4G08455,85,109,73,75,89,113
AT4G08460,585,548,500,602,492,611
AT4G08465,0,4,0,0,0,0
AT4G08470,51,51,38,28,30,108
AT4G08475,0,0,0,0,0,0
AT4G08480,21,44,15,46,23,39
AT4G08485,0,0,0,0,0,0
AT4G08495,0,0,0,0,0,0
AT4G08500,171,116,84,111,132,155
AT4G08505,2,6,2,0,1,10
AT4G08510,52,53,49,61,45,56
AT4G08515,0,2,1,0,0,0
AT4G08520,893,2404,1311,1166,699,939
AT4G08525,0,0,2,0,0,4
AT4G08530,0,0,0,0,0,0
AT4G08535,1,25,1,0,0,0
AT4G08540,129,178,119,162,95,174
AT4G08545,0,0,0,0,0,0
AT4G08550,0,0,0,0,0,0
AT4G08555,648,579,388,334,323,802
AT4G08560,0,0,0,0,0,0
AT4G08565,0,0,0,0,0,0
AT4G08570,1,8,1,0,0,0
AT4G08575,0,0,1,1,0,0
AT4G08580,261,381,185,223,168,254
AT4G08585,0,0,0,0,0,0
AT4G08590,115,134,86,173,90,90
AT4G08593,0,0,0,0,0,0
AT4G08595,0,0,0,0,0,0
AT4G08615,0,1,0,0,0,0
AT4G08620,0,15,3,0,0,0
AT4G08625,0,1,0,0,0,0
AT4G08630,0,0,0,0,0,0
AT4G08635,0,0,0,0,0,0
AT4G08640,0,0,0,0,0,0
AT4G08665,0,0,0,0,0,0
AT4G08670,0,0,0,0,0,0
AT4G08685,149,332,224,86,76,62
AT4G08690,357,458,294,333,186,340
AT4G08691,0,0,0,0,0,0
AT4G08700,35,130,71,56,41,73
AT4G08705,1,1,2,3,3,3
AT4G08715,0,0,0,0,0,0
AT4G08725,0,0,0,0,0,0
AT4G08730,0,0,0,0,0,0
AT4G08740,0,0,0,0,0,0
AT4G08755,0,13,5,1,0,0
AT4G08760,0,0,0,0,0,0
AT4G08770,712,1406,929,1240,926,800
AT4G08775,3,12,5,8,3,2
AT4G08780,1,0,8,7,6,8
AT4G08785,86,143,122,70,42,110
AT4G08790,117,289,104,129,104,167
AT4G08795,7,1,2,4,1,5
AT4G08800,0,1,0,0,0,0
AT4G08805,0,3,1,0,5,3
AT4G08810,369,257,151,331,240,256
AT4G08815,4,67,37,0,2,19
AT4G08825,0,0,0,0,0,0
AT4G08835,0,0,2,2,3,0
AT4G08840,0,0,0,0,0,0
AT4G08845,0,1,0,0,0,0
AT4G08850,105,155,114,216,199,278
AT4G08855,0,0,0,0,0,0
AT4G08865,0,0,0,0,0,0
AT4G08867,0,0,0,0,0,0
AT4G08868,5,5,1,8,7,0
AT4G08869,0,0,0,0,0,0
AT4G08870,3,0,0,0,0,0
AT4G08874,5,0,0,0,4,4
AT4G08875,0,0,0,0,0,0
AT4G08876,0,0,0,0,0,0
AT4G08878,0,0,0,1,0,0
AT4G08885,0,0,0,0,0,0
AT4G08895,0,0,0,0,0,0
AT4G08900,104,194,101,82,61,85
AT4G08910,0,0,0,0,0,0
AT4G08915,0,0,0,0,0,0
AT4G08920,295,246,129,226,213,219
AT4G08925,2,3,0,0,0,0
AT4G08930,69,171,121,34,46,100
AT4G08935,5,6,8,10,7,6
AT4G08940,20,63,39,35,30,38
AT4G08950,602,361,296,669,473,706
AT4G08955,0,0,0,0,0,0
AT4G08960,350,201,210,348,268,292
AT4G08965,0,0,0,0,0,0
AT4G08975,0,0,0,0,0,0
AT4G08980,622,860,424,696,535,585
AT4G08985,17,0,0,2,0,109
AT4G08990,0,1,0,1,0,0
AT4G09000,1395,4778,2642,2271,1534,1719
AT4G09005,0,0,0,0,0,0
AT4G09010,3,15,8,2,7,6
AT4G09012,20,43,28,18,13,23
AT4G09015,0,0,0,0,0,0
AT4G09020,141,156,83,230,150,286
AT4G09025,0,0,0,0,0,0
AT4G09030,2683,876,1374,1468,1503,2447
AT4G09035,462,180,287,249,275,396
AT4G09040,145,218,107,116,105,137
AT4G09045,0,0,0,0,0,0
AT4G09055,0,0,0,0,0,0
AT4G09060,38,114,58,38,27,47
AT4G09065,0,0,0,0,0,0
AT4G09070,0,0,0,0,0,0
AT4G09075,0,0,0,0,0,0
AT4G09080,0,4,1,9,2,6
AT4G09085,0,0,0,0,0,0
AT4G09090,0,0,0,0,0,0
AT4G09100,15,57,30,6,18,38
AT4G09105,0,1,1,0,0,0
AT4G09110,5,2,12,1,2,27
AT4G09115,0,0,0,0,0,0
AT4G09120,0,0,0,0,0,0
AT4G09125,0,0,0,0,0,0
AT4G09130,0,0,4,3,4,3
AT4G09135,0,0,0,0,0,0
AT4G09140,231,207,123,204,198,205
AT4G09145,0,0,0,0,0,0
AT4G09150,173,212,81,144,119,168
AT4G09153,0,0,0,0,0,0
AT4G09155,0,0,0,0,0,0
AT4G09160,398,278,177,403,271,216
AT4G09165,10,5,0,2,0,3
AT4G09170,32,18,17,20,14,11
AT4G09175,0,0,0,0,0,0
AT4G09180,161,273,197,214,176,238
AT4G09185,0,0,0,0,0,0
AT4G09190,0,0,0,0,0,0
AT4G09195,0,0,0,0,0,0
AT4G09200,145,337,163,196,171,179
AT4G09210,0,0,0,0,0,0
AT4G09225,102,144,95,143,82,120
AT4G09235,0,0,0,0,0,0
AT4G09240,0,1,0,0,1,0
AT4G09250,0,0,0,0,0,0
AT4G09260,0,0,0,0,0,0
AT4G09265,0,0,2,1,0,0
AT4G09275,0,0,0,0,0,0
AT4G09285,0,0,0,0,0,0
AT4G09295,0,0,0,0,0,0
AT4G09300,3,16,10,18,50,10
AT4G09305,0,0,0,0,0,0
AT4G09310,145,337,163,196,171,179
AT4G09315,0,0,0,0,0,0
AT4G09320,3830,8245,5461,3518,2801,3741
AT4G09325,0,0,0,0,0,0
AT4G09335,0,1,0,0,0,1
AT4G09340,101,155,68,168,98,130
AT4G09350,0,0,0,0,0,0
AT4G09355,0,0,0,0,0,0
AT4G09360,0,0,0,0,0,0
AT4G09365,0,0,0,1,0,1
AT4G09375,13,3,2,7,3,6
AT4G09385,1,2,0,3,2,1
AT4G09395,0,0,0,0,0,0
AT4G09405,0,0,0,0,0,0
AT4G09415,0,1,0,0,0,0
AT4G09420,1,15,16,2,9,16
AT4G09430,0,0,0,0,0,0
AT4G09432,12,24,23,5,9,10
AT4G09435,7,8,7,3,12,4
AT4G09440,0,0,0,0,0,0
AT4G09445,0,0,0,0,0,1
AT4G09450,0,0,0,0,0,0
AT4G09460,105,212,135,107,68,208
AT4G09462,0,0,0,0,0,0
AT4G09464,0,0,0,0,0,0
AT4G09465,0,0,0,0,0,0
AT4G09466,0,0,0,0,0,0
AT4G09467,0,0,0,0,0,0
AT4G09475,0,0,0,0,0,0
AT4G09485,0,0,0,0,0,0
AT4G09490,26,29,26,12,28,17
AT4G09495,0,0,0,0,0,0
AT4G09500,0,23,1,5,0,4
AT4G09510,147,95,48,139,84,122
AT4G09515,0,0,0,0,0,0
AT4G09520,131,157,71,166,107,139
AT4G09525,0,6,0,1,0,0
AT4G09530,0,0,0,0,0,0
AT4G09535,0,3,1,2,0,2
AT4G09545,0,0,0,0,0,0
AT4G09550,312,642,333,231,193,274
AT4G09555,0,0,0,0,0,0
AT4G09560,37,45,60,66,45,73
AT4G09570,151,162,51,156,121,130
AT4G09575,1,5,1,0,1,0
AT4G09580,276,332,207,193,189,225
AT4G09585,0,0,0,0,0,0
AT4G09589,0,0,0,0,0,0
AT4G09590,0,0,0,0,0,0
AT4G09600,0,0,0,0,0,0
AT4G09605,0,0,0,0,0,1
AT4G09610,0,0,0,0,0,0
AT4G09620,222,387,201,150,110,240
AT4G09630,103,163,80,214,190,132
AT4G09635,0,0,0,0,0,0
AT4G09640,61,123,114,128,101,113
AT4G09645,0,0,0,0,0,0
AT4G09647,0,0,0,0,0,0
AT4G09649,0,0,0,0,0,0
AT4G09650,101,227,142,138,72,111
AT4G09655,0,0,0,0,0,0
AT4G09660,0,0,0,0,0,0
AT4G09665,0,0,0,0,0,0
AT4G09670,141,195,125,138,103,116
AT4G09675,0,0,0,0,0,0
AT4G09680,39,97,53,46,100,95
AT4G09685,46,4,9,25,18,15
AT4G09690,4,16,3,16,3,9
AT4G09695,269,328,244,336,242,325
AT4G09705,0,0,0,0,0,1
AT4G09715,0,0,0,0,0,0
AT4G09720,343,646,318,377,304,325
AT4G09725,0,0,0,0,0,0
AT4G09730,137,173,85,181,115,104
AT4G09731,0,1,0,0,0,0
AT4G09735,0,0,0,0,0,0
AT4G09740,0,0,0,0,0,0
AT4G09750,124,194,90,14,16,24
AT4G09755,0,0,0,0,0,0
AT4G09760,92,109,43,118,68,107
AT4G09765,0,0,0,0,0,0
AT4G09770,18,52,31,70,27,63
AT4G09775,0,0,0,0,0,0
AT4G09780,30,14,11,56,47,92
AT4G09784,0,0,0,0,0,0
AT4G09785,1,1,1,0,2,3
AT4G09795,0,0,0,0,0,0
AT4G09800,3688,7954,4279,3279,2212,3744
AT4G09810,131,175,105,118,71,74
AT4G09815,54,43,21,49,36,37
AT4G09820,0,0,0,0,0,0
AT4G09825,0,0,0,1,0,0
AT4G09830,855,1118,778,829,638,982
AT4G09840,12,19,12,9,11,17
AT4G09845,3,3,0,2,8,3
AT4G09850,2,2,5,0,0,0
AT4G09855,0,0,0,3,1,0
AT4G09860,0,0,0,0,0,0
AT4G09865,0,0,0,1,0,0
AT4G09870,0,0,2,0,0,3
AT4G09880,0,0,0,0,0,0
AT4G09885,0,0,0,0,0,0
AT4G09890,213,594,388,152,119,110
AT4G09895,0,0,0,0,0,0
AT4G09900,0,1,0,0,0,0
AT4G09905,0,0,0,0,0,0
AT4G09915,0,0,0,0,0,0
AT4G09920,0,1,3,0,4,0
AT4G09925,1,2,0,1,2,1
AT4G09930,0,0,0,0,0,0
AT4G09935,0,0,0,0,0,0
AT4G09940,25,20,7,5,1,13
AT4G09945,0,0,0,0,0,0
AT4G09950,38,53,45,46,51,9
AT4G09955,0,0,0,0,0,0
AT4G09960,0,4,0,2,1,0
AT4G09965,0,0,0,0,0,0
AT4G09970,8,10,6,20,5,10
AT4G09975,2,2,2,1,2,1
AT4G09980,132,106,88,107,95,153
AT4G09984,0,0,0,0,0,0
AT4G09985,3,1,2,1,1,0
AT4G09990,21,185,98,72,52,98
AT4G09995,0,0,0,0,0,0
AT4G10000,31,19,19,29,9,32
AT4G10010,0,0,0,0,0,0
AT4G10020,3,15,2,1,3,6
AT4G10030,208,145,112,159,111,117
AT4G10040,210,399,262,198,169,124
AT4G10050,213,315,151,235,195,242
AT4G10060,1,1,0,0,2,0
AT4G10070,122,94,89,107,79,122
AT4G10080,206,393,193,290,157,336
AT4G10090,86,153,71,81,42,101
AT4G10100,267,905,550,300,232,487
AT4G10110,166,705,361,215,172,280
AT4G10115,0,0,0,0,0,0
AT4G10120,1,4,5,3,11,18
AT4G10130,127,177,132,136,72,112
AT4G10140,299,601,330,253,174,339
AT4G10150,0,0,2,0,0,0
AT4G10160,0,3,5,4,0,0
AT4G10170,55,93,76,78,40,123
AT4G10180,131,228,155,174,144,223
AT4G10190,0,0,0,0,0,0
AT4G10200,0,1,0,0,0,0
AT4G10210,0,0,0,0,0,0
AT4G10220,0,0,0,0,0,0
AT4G10230,0,0,0,0,0,0
AT4G10240,0,0,0,0,0,0
AT4G10250,0,0,0,0,0,0
AT4G10260,0,0,0,0,0,0
AT4G10265,4,0,5,7,1,4
AT4G10270,18,9,6,21,10,37
AT4G10280,203,443,223,192,123,162
AT4G10290,0,0,0,0,0,0
AT4G10300,188,470,215,178,116,223
AT4G10305,0,0,0,0,0,0
AT4G10310,10,24,29,6,0,41
AT4G10320,460,503,269,441,370,410
AT4G10330,153,374,250,166,135,262
AT4G10340,96,62,14,32,23,41
AT4G10345,0,0,0,0,0,0
AT4G10350,70,8,31,143,45,142
AT4G10360,172,461,240,187,95,267
AT4G10370,5,5,6,7,19,11
AT4G10380,340,1041,593,443,433,589
AT4G10390,27,57,25,21,37,60
AT4G10400,36,85,40,45,50,42
AT4G10410,0,0,0,0,0,0
AT4G10420,46,47,26,30,35,34
AT4G10430,169,220,137,168,122,179
AT4G10440,0,0,0,0,0,1
AT4G10450,1962,4116,2537,2305,1632,2124
AT4G10457,0,0,0,0,0,0
AT4G10465,1,4,7,1,0,2
AT4G10470,115,227,76,89,69,62
AT4G10480,3032,6165,3149,3684,2397,3174
AT4G10490,0,0,0,0,0,0
AT4G10500,25,85,52,120,66,222
AT4G10507,0,0,0,0,0,2
AT4G10510,0,12,10,0,0,5
AT4G10520,0,0,0,0,0,0
AT4G10530,0,0,0,0,0,0
AT4G10540,0,0,0,0,0,0
AT4G10550,51,14,17,31,21,41
AT4G10560,32,26,10,35,37,35
AT4G10570,89,65,36,93,106,93
AT4G10590,43,102,62,138,59,98
AT4G10595,0,0,0,0,0,0
AT4G10600,0,1,0,0,0,0
AT4G10603,0,0,0,0,0,0
AT4G10610,503,545,339,422,297,459
AT4G10613,0,0,0,3,0,0
AT4G10620,60,128,76,107,126,79
AT4G10630,46,47,38,35,20,36
AT4G10640,249,276,177,174,118,169
AT4G10650,114,188,103,110,75,104
AT4G10660,0,0,0,0,0,0
AT4G10670,0,0,0,0,0,0
AT4G10680,0,0,0,0,0,0
AT4G10695,0,0,0,0,0,0
AT4G10700,0,0,0,0,0,0
AT4G10710,487,265,166,294,305,305
AT4G10720,16,47,27,39,31,58
AT4G10730,161,189,138,168,138,295
AT4G10740,0,0,0,0,0,0
AT4G10750,233,203,208,229,167,180
AT4G10760,91,115,69,120,97,102
AT4G10767,0,0,0,0,0,0
AT4G10770,1,13,10,12,17,38
AT4G10780,0,0,0,0,0,0
AT4G10790,177,168,123,205,130,278
AT4G10800,65,124,84,75,69,98
AT4G10810,198,347,400,187,158,210
AT4G10815,0,0,0,0,0,0
AT4G10820,0,0,0,0,0,0
AT4G10840,563,391,364,694,505,616
AT4G10843,3,3,2,4,2,2
AT4G10850,0,0,0,0,0,0
AT4G10860,1,0,0,3,0,23
AT4G10870,0,0,0,0,0,0
AT4G10880,0,0,0,0,0,0
AT4G10890,266,279,154,194,144,195
AT4G10895,17,5,2,5,7,7
AT4G10910,0,1,0,4,2,1
AT4G10920,477,874,466,477,367,583
AT4G10925,297,484,296,251,195,269
AT4G10930,77,105,90,128,103,151
AT4G10950,0,0,3,0,0,3
AT4G10955,157,126,116,122,55,122
AT4G10960,9,37,29,28,41,78
AT4G10970,210,322,214,229,187,275
AT4G11000,0,9,0,9,2,1
AT4G11010,1083,3003,1210,1454,898,1217
AT4G11020,0,4,1,0,6,0
AT4G11030,0,0,0,0,0,0
AT4G11040,0,2,0,1,2,2
AT4G11050,17,8,5,12,22,15
AT4G11060,219,416,205,185,148,233
AT4G11070,49,67,29,18,18,27
AT4G11080,249,407,237,194,120,209
AT4G11090,74,107,54,54,56,49
AT4G11100,1,8,8,1,7,14
AT4G11110,103,112,60,136,92,169
AT4G11120,133,288,170,223,94,148
AT4G11130,91,20,32,58,21,40
AT4G11140,11,21,18,13,6,22
AT4G11150,2674,4987,3071,3132,2054,3224
AT4G11160,134,238,111,165,164,153
AT4G11170,0,0,1,1,0,13
AT4G11175,77,170,75,55,47,73
AT4G11177,0,0,0,0,0,0
AT4G11180,0,0,0,0,0,0
AT4G11190,0,0,0,0,0,0
AT4G11210,0,107,118,4,15,11
AT4G11211,3,57,49,5,4,10
AT4G11213,0,0,0,0,0,0
AT4G11216,0,0,0,0,0,0
AT4G11220,810,1272,764,779,537,937
AT4G11230,8,24,7,8,4,22
AT4G11240,838,974,451,845,697,789
AT4G11250,0,0,0,0,0,0
AT4G11260,631,1147,565,727,516,781
AT4G11270,151,168,68,91,140,115
AT4G11280,73,52,28,34,31,195
AT4G11290,1006,817,928,1242,1146,985
AT4G11300,38,32,16,11,20,35
AT4G11310,0,0,0,0,0,0
AT4G11320,1,23,35,0,0,0
AT4G11330,15,75,37,58,24,58
AT4G11340,0,0,0,0,0,0
AT4G11350,114,68,38,66,35,58
AT4G11355,0,0,0,0,0,0
AT4G11360,338,932,655,308,185,548
AT4G11370,15,30,19,20,15,20
AT4G11373,0,0,0,0,0,0
AT4G11380,681,394,364,655,450,568
AT4G11385,0,0,0,0,0,0
AT4G11390,2,19,7,11,7,7
AT4G11393,0,8,1,0,0,0
AT4G11400,5,12,4,23,9,11
AT4G11402,2,10,9,4,3,6
AT4G11405,0,0,0,0,0,0
AT4G11410,166,288,149,156,89,134
AT4G11420,1480,1363,576,995,797,1136
AT4G11430,0,0,0,0,0,0
AT4G11440,42,48,18,61,26,32
AT4G11450,232,169,79,215,141,113
AT4G11460,0,0,2,0,0,0
AT4G11470,0,0,0,0,0,0
AT4G11480,0,0,0,0,0,0
AT4G11485,0,0,0,0,0,0
AT4G11490,0,0,0,0,0,0
AT4G11510,0,0,0,0,0,0
AT4G11521,0,7,0,1,1,3
AT4G11530,28,46,25,50,35,50
AT4G11540,0,0,0,0,0,0
AT4G11543,1,8,5,10,3,2
AT4G11547,153,405,244,84,110,265
AT4G11550,11,6,7,29,21,33
AT4G11560,183,202,85,181,145,201
AT4G11570,141,161,97,108,62,121
AT4G11580,0,0,0,3,0,0
AT4G11590,10,5,4,1,1,7
AT4G11600,639,932,729,827,486,763
AT4G11610,30,57,31,113,62,124
AT4G11630,354,711,335,405,288,360
AT4G11640,84,57,25,81,43,55
AT4G11650,0,131,100,79,21,561
AT4G11653,0,0,0,0,0,0
AT4G11655,37,72,77,68,69,296
AT4G11660,93,68,38,58,51,112
AT4G11670,74,92,37,101,76,79
AT4G11680,93,195,118,114,86,68
AT4G11690,9,13,2,5,11,8
AT4G11700,1,0,3,0,2,1
AT4G11720,3,16,2,2,1,11
AT4G11730,0,0,0,0,0,0
AT4G11740,148,154,94,157,154,142
AT4G11745,0,7,0,6,1,2
AT4G11750,0,0,0,0,0,0
AT4G11760,0,0,0,0,0,0
AT4G11770,0,0,0,0,0,0
AT4G11780,9,13,6,16,14,7
AT4G11790,224,314,202,286,194,223
AT4G11800,56,98,55,54,76,101
AT4G11810,0,0,0,2,0,0
AT4G11820,647,1154,639,875,480,705
AT4G11830,441,420,183,231,408,431
AT4G11840,49,80,40,53,81,91
AT4G11845,13,27,10,12,17,10
AT4G11850,125,216,106,144,131,234
AT4G11860,121,159,83,139,102,174
AT4G11870,0,2,0,0,1,0
AT4G11880,0,23,12,8,0,1
AT4G11890,0,0,0,0,0,0
AT4G11900,0,0,0,0,0,0
AT4G11910,8,9,9,25,18,14
AT4G11911,0,0,0,0,0,0
AT4G11920,82,110,53,105,63,76
AT4G11930,0,0,0,0,0,0
AT4G11940,0,0,0,0,0,0
AT4G11950,10,32,15,7,7,7
AT4G11960,26,42,32,13,16,41
AT4G11970,115,126,69,87,87,96
AT4G11980,66,64,95,80,78,85
AT4G11985,0,0,0,0,0,0
AT4G11990,36,24,17,28,27,38
AT4G12000,18,60,45,28,28,46
AT4G12005,6,9,10,5,11,2
AT4G12010,48,48,30,57,50,68
AT4G12020,44,41,45,50,36,94
AT4G12030,18,75,54,7,56,36
AT4G12040,1437,3074,1985,1204,872,1695
AT4G12050,494,570,421,532,355,386
AT4G12060,246,414,256,237,145,202
AT4G12065,0,0,0,0,0,0
AT4G12070,74,102,73,119,66,134
AT4G12080,646,1077,732,747,495,725
AT4G12090,73,170,124,121,87,144
AT4G12100,0,0,0,0,0,0
AT4G12110,223,405,262,191,125,163
AT4G12115,0,0,0,0,0,0
AT4G12120,4,43,23,26,21,27
AT4G12130,116,177,88,108,67,90
AT4G12140,0,0,0,0,0,0
AT4G12150,0,0,0,0,0,0
AT4G12170,0,0,0,0,0,0
AT4G12190,0,0,0,0,0,0
AT4G12210,0,0,0,0,0,0
AT4G12220,0,0,0,0,0,0
AT4G12230,339,501,337,378,368,398
AT4G12240,14,54,14,34,18,19
AT4G12250,44,67,45,64,61,122
AT4G12270,4,67,46,9,4,35
AT4G12280,0,0,0,0,0,0
AT4G12290,47,17,14,104,72,128
AT4G12300,111,60,44,89,62,104
AT4G12310,0,13,7,4,1,15
AT4G12320,0,5,0,0,0,0
AT4G12330,21,57,33,36,32,112
AT4G12334,0,0,0,0,0,0
AT4G12340,708,1180,628,618,496,619
AT4G12350,2,6,7,10,8,9
AT4G12360,0,0,0,0,0,0
AT4G12370,0,0,5,2,13,3
AT4G12380,0,0,0,0,0,0
AT4G12382,15,33,20,8,14,16
AT4G12390,178,512,314,191,174,149
AT4G12400,154,160,81,128,71,128
AT4G12405,0,0,0,0,0,0
AT4G12410,1,13,2,1,2,0
AT4G12420,964,1257,551,1394,911,1030
AT4G12430,0,3,0,0,3,0
AT4G12440,0,0,4,0,0,0
AT4G12450,6,36,21,4,3,15
AT4G12460,119,131,70,114,62,150
AT4G12470,0,68,19,0,4,2
AT4G12480,0,47,50,2,8,2
AT4G12485,0,0,0,0,0,0
AT4G12490,0,0,0,0,0,0
AT4G12495,0,0,0,0,0,0
AT4G12500,0,0,0,0,0,0
AT4G12510,595,3142,3609,1058,1386,1776
AT4G12520,2187,5846,5713,3187,2994,3786
AT4G12530,5,23,7,2,2,8
AT4G12540,45,54,27,41,26,58
AT4G12543,23,263,243,91,52,184
AT4G12545,82,847,944,282,241,599
AT4G12550,57,409,704,109,256,844
AT4G12555,1,38,71,10,25,74
AT4G12560,358,436,270,465,299,464
AT4G12570,198,141,88,193,130,136
AT4G12580,73,87,63,20,17,73
AT4G12590,1263,1716,1136,1429,823,1227
AT4G12600,2420,6391,3265,2451,2147,2626
AT4G12610,77,140,75,92,84,112
AT4G12617,0,1,0,0,0,0
AT4G12620,57,117,19,72,18,72
AT4G12640,177,228,92,178,107,140
AT4G12650,1664,1741,726,2089,1145,1364
AT4G12670,108,119,53,81,66,133
AT4G12680,26,35,6,27,9,21
AT4G12690,77,51,47,77,53,120
AT4G12700,136,184,75,159,131,117
AT4G12710,197,122,115,185,147,224
AT4G12720,137,302,225,303,286,425
AT4G12730,514,487,660,654,428,526
AT4G12731,0,0,0,0,0,0
AT4G12735,0,4,2,1,1,13
AT4G12740,19,36,20,21,14,17
AT4G12750,51,84,36,75,57,76
AT4G12760,177,258,113,186,118,210
AT4G12770,221,118,112,204,147,184
AT4G12780,303,251,167,314,257,303
AT4G12790,375,605,361,393,266,400
AT4G12800,39,34,16,6,6,1
AT4G12810,0,0,0,0,0,0
AT4G12820,0,0,0,0,0,0
AT4G12825,0,0,0,0,0,0
AT4G12830,12,15,6,10,4,8
AT4G12840,72,71,47,58,67,57
AT4G12850,67,131,72,70,63,71
AT4G12860,3,2,1,0,4,2
AT4G12870,0,1,0,0,0,0
AT4G12880,433,1085,677,577,438,566
AT4G12890,0,0,0,0,0,0
AT4G12900,0,0,0,0,0,0
AT4G12910,48,66,45,69,58,40
AT4G12917,0,0,0,0,0,0
AT4G12920,0,0,0,0,0,0
AT4G12930,0,0,0,0,0,0
AT4G12940,0,0,0,0,0,0
AT4G12950,3,0,0,1,5,0
AT4G12960,0,0,0,0,0,0
AT4G12970,1,0,0,0,0,0
AT4G12980,77,81,51,34,52,14
AT4G12990,109,143,78,75,63,120
AT4G13000,0,0,0,0,4,7
AT4G13010,524,317,224,166,108,201
AT4G13020,160,330,196,319,235,339
AT4G13030,161,255,163,250,164,354
AT4G13040,58,105,85,104,69,126
AT4G13050,174,446,222,324,243,208
AT4G13060,0,0,0,0,0,0
AT4G13070,76,129,37,74,87,85
AT4G13075,0,0,0,0,0,0
AT4G13080,0,0,0,0,0,0
AT4G13090,0,0,0,0,0,0
AT4G13095,0,0,2,0,0,0
AT4G13100,43,75,72,32,38,45
AT4G13110,12,51,30,19,26,37
AT4G13130,22,18,13,50,7,35
AT4G13150,125,138,113,126,66,128
AT4G13160,163,194,135,146,91,142
AT4G13170,1344,2988,1631,1425,1011,1360
AT4G13180,2106,1177,1189,2379,1538,2571
AT4G13190,11,3,1,32,11,15
AT4G13195,153,24,29,274,228,130
AT4G13200,266,405,189,258,177,315
AT4G13210,1,3,14,17,7,19
AT4G13220,67,164,111,80,69,99
AT4G13230,0,0,0,0,0,0
AT4G13235,133,407,262,77,80,190
AT4G13240,0,0,0,0,0,0
AT4G13245,1,3,0,1,0,0
AT4G13250,1,7,16,26,9,18
AT4G13260,0,0,3,0,0,0
AT4G13261,0,0,0,0,0,0
AT4G13263,0,0,0,0,0,0
AT4G13265,0,0,0,0,0,0
AT4G13266,0,0,0,0,0,0
AT4G13270,400,602,425,372,278,427
AT4G13280,2,7,3,5,2,4
AT4G13290,17,12,27,16,17,133
AT4G13300,53,45,51,65,41,295
AT4G13310,37,112,96,36,34,535
AT4G13320,37,30,16,22,16,39
AT4G13330,110,71,70,70,73,89
AT4G13340,65,56,61,77,81,121
AT4G13345,0,22,4,6,7,9
AT4G13350,439,355,287,477,343,418
AT4G13360,225,303,187,219,147,216
AT4G13370,91,75,50,108,65,85
AT4G13380,0,0,0,0,0,0
AT4G13390,4,51,34,53,180,78
AT4G13395,107,21,3,2,2,375
AT4G13400,46,90,48,64,50,94
AT4G13410,0,0,0,0,0,0
AT4G13420,0,5,0,0,0,0
AT4G13430,1273,778,603,1437,783,1314
AT4G13440,49,101,73,52,41,97
AT4G13445,0,0,0,0,0,0
AT4G13450,0,0,0,2,0,0
AT4G13460,118,66,62,99,78,121
AT4G13480,14,2,0,1,6,0
AT4G13490,0,0,0,0,0,0
AT4G13493,0,1,0,0,0,0
AT4G13494,1,0,2,0,0,0
AT4G13495,1,23,1,8,8,5
AT4G13500,6,4,10,0,3,10
AT4G13505,125,196,185,158,82,256
AT4G13510,103,206,203,170,85,293
AT4G13520,1083,2563,1238,822,788,1040
AT4G13530,311,479,271,278,229,453
AT4G13540,0,4,0,4,1,10
AT4G13550,14,15,7,20,14,32
AT4G13554,1,0,0,1,1,0
AT4G13555,2,0,0,0,0,0
AT4G13560,1,0,2,0,0,2
AT4G13564,0,0,0,0,0,0
AT4G13570,0,0,0,0,0,0
AT4G13572,0,0,0,0,1,0
AT4G13575,0,0,0,0,1,0
AT4G13577,0,0,2,1,1,0
AT4G13580,305,667,387,518,383,497
AT4G13590,196,261,178,201,142,183
AT4G13600,27,16,11,6,15,17
AT4G13610,0,0,0,0,0,0
AT4G13615,1050,2966,1726,927,920,1184
AT4G13620,257,251,251,354,382,397
AT4G13630,151,88,63,157,100,137
AT4G13640,156,351,174,211,140,185
AT4G13650,9,19,10,20,25,6
AT4G13660,260,474,275,456,337,584
AT4G13670,22,44,4,21,20,20
AT4G13680,0,0,2,0,0,0
AT4G13690,71,142,74,43,49,55
AT4G13700,0,0,0,0,0,0
AT4G13710,196,251,227,92,69,126
AT4G13720,782,1167,753,662,547,639
AT4G13730,109,126,100,120,105,134
AT4G13750,29,46,32,46,29,32
AT4G13760,0,0,0,0,0,0
AT4G13770,0,33,19,0,46,4
AT4G13780,600,623,346,793,635,651
AT4G13790,2,0,0,0,0,3
AT4G13800,0,0,0,0,0,4
AT4G13810,0,0,0,0,0,0
AT4G13820,5,1,0,0,1,0
AT4G13830,74,83,83,71,43,93
AT4G13840,7,16,5,8,2,6
AT4G13850,1451,1935,1730,2149,1465,1870
AT4G13860,49,134,101,23,15,55
AT4G13870,42,66,47,37,36,44
AT4G13880,11,17,5,5,8,16
AT4G13885,0,1,3,4,3,2
AT4G13890,4,3,18,50,9,85
AT4G13918,44,26,16,26,27,39
AT4G13920,45,30,13,20,19,32
AT4G13930,3006,2501,1880,3110,1733,2525
AT4G13940,30761,20705,15263,23026,18721,20516
AT4G13950,129,184,122,94,68,94
AT4G13955,0,0,0,1,0,0
AT4G13960,0,0,0,0,0,0
AT4G13965,1,0,0,0,0,0
AT4G13968,0,0,0,0,0,0
AT4G13970,104,86,71,98,80,102
AT4G13980,140,291,112,160,98,198
AT4G13985,0,0,0,0,0,0
AT4G13990,77,60,54,50,49,79
AT4G13992,5,18,14,20,10,5
AT4G14000,1243,1706,966,866,784,1218
AT4G14010,913,1085,686,555,601,868
AT4G14020,223,102,105,146,232,321
AT4G14030,2049,1107,744,2896,1884,2141
AT4G14040,96,75,48,255,198,174
AT4G14050,59,23,22,45,23,39
AT4G14060,0,0,0,0,0,0
AT4G14070,47,77,46,12,40,34
AT4G14080,0,0,0,0,0,0
AT4G14090,12,9,4,5,8,8
AT4G14096,112,122,73,67,81,81
AT4G14100,130,109,49,74,55,74
AT4G14103,17,19,17,31,28,32
AT4G14104,1,3,4,14,1,8
AT4G14105,1,1,0,1,0,1
AT4G14110,407,866,436,392,241,393
AT4G14120,323,396,353,383,342,376
AT4G14130,1075,965,989,1096,1018,1225
AT4G14140,4,0,0,0,0,1
AT4G14145,275,367,257,225,155,260
AT4G14147,165,378,200,204,126,162
AT4G14150,45,45,44,39,32,61
AT4G14160,426,376,294,600,393,558
AT4G14165,0,0,0,0,0,1
AT4G14170,7,15,6,21,15,11
AT4G14180,40,47,38,26,37,33
AT4G14190,50,81,36,43,59,41
AT4G14200,92,103,61,124,59,86
AT4G14210,44,88,59,80,53,101
AT4G14220,140,277,145,170,118,120
AT4G14225,0,0,0,0,0,0
AT4G14226,0,0,0,0,0,0
AT4G14230,92,120,66,115,115,140
AT4G14240,93,129,58,106,43,90
AT4G14245,0,0,2,13,1,3
AT4G14250,0,0,0,0,0,0
AT4G14260,0,0,0,0,0,0
AT4G14270,1349,2089,861,1562,1185,1969
AT4G14272,0,0,0,0,0,0
AT4G14276,0,0,0,0,0,0
AT4G14280,3,4,4,14,1,0
AT4G14290,136,182,124,148,110,155
AT4G14300,282,332,238,309,248,303
AT4G14301,0,0,0,0,0,1
AT4G14305,77,254,108,100,86,102
AT4G14310,93,151,50,52,74,113
AT4G14315,0,0,0,0,0,0
AT4G14320,4893,11496,6176,4562,3669,4625
AT4G14330,169,182,116,110,66,147
AT4G14340,105,132,82,83,81,139
AT4G14342,332,677,391,291,214,271
AT4G14345,0,0,0,0,0,0
AT4G14350,157,203,110,140,118,184
AT4G14358,6,17,5,3,1,2
AT4G14360,265,265,187,231,211,153
AT4G14365,4,7,5,12,12,25
AT4G14368,0,4,0,0,0,0
AT4G14370,2,16,20,15,26,32
AT4G14380,21,55,53,25,31,41
AT4G14385,426,528,315,323,280,283
AT4G14390,26,46,27,82,28,105
AT4G14400,0,0,0,0,0,0
AT4G14410,620,801,464,526,402,628
AT4G14415,0,0,0,0,0,0
AT4G14420,1197,2708,1482,1288,1025,1271
AT4G14430,181,291,222,217,151,280
AT4G14440,0,24,11,0,2,0
AT4G14450,0,0,0,0,1,6
AT4G14455,247,804,360,318,263,398
AT4G14465,316,465,371,256,255,349
AT4G14480,0,0,0,0,3,0
AT4G14490,59,95,51,57,52,81
AT4G14500,532,593,320,509,373,516
AT4G14504,0,0,0,0,0,0
AT4G14510,238,366,157,210,169,274
AT4G14520,92,188,83,96,66,118
AT4G14530,0,0,0,2,0,0
AT4G14540,2,1,8,5,5,4
AT4G14548,0,152,9,190,198,18
AT4G14550,158,171,159,235,123,154
AT4G14560,130,80,88,196,93,106
AT4G14570,196,212,125,289,216,239
AT4G14580,43,119,57,179,155,231
AT4G14590,12,67,23,30,28,27
AT4G14600,192,422,230,209,137,205
AT4G14605,68,36,61,72,41,63
AT4G14615,799,1604,774,650,472,697
AT4G14620,58,138,68,62,55,43
AT4G14630,0,23,24,0,3,21
AT4G14640,34,76,81,31,32,42
AT4G14650,60,131,49,48,63,36
AT4G14660,101,181,66,79,63,87
AT4G14670,0,0,0,0,0,0
AT4G14675,0,0,0,0,0,0
AT4G14680,127,57,92,101,48,54
AT4G14690,19,10,4,6,8,11
AT4G14695,54,306,176,53,52,55
AT4G14700,14,11,17,25,11,26
AT4G14710,612,971,705,596,484,829
AT4G14713,98,82,50,68,68,70
AT4G14716,989,1204,775,815,681,1155
AT4G14720,147,185,122,176,180,227
AT4G14723,7,0,0,0,0,0
AT4G14730,0,0,0,0,0,0
AT4G14740,171,86,75,77,123,101
AT4G14746,28,126,67,59,42,98
AT4G14750,124,118,123,171,95,195
AT4G14760,136,178,114,132,109,141
AT4G14770,238,146,104,233,184,155
AT4G14780,0,9,4,0,6,15
AT4G14785,5,2,0,0,0,1
AT4G14790,61,115,78,123,69,110
AT4G14800,1039,2015,1499,1162,823,1064
AT4G14805,0,1,0,0,0,0
AT4G14810,0,0,0,0,0,0
AT4G14811,0,0,0,0,0,2
AT4G14815,0,0,0,0,0,0
AT4G14819,0,0,1,0,0,0
AT4G14820,20,3,11,18,17,12
AT4G14830,60,45,42,48,29,51
AT4G14840,74,28,32,59,43,37
AT4G14850,3,41,17,44,17,36
AT4G14860,5,4,17,0,5,2
AT4G14870,22,66,30,48,28,58
AT4G14880,1382,1926,1083,1509,1199,1579
AT4G14890,17,29,15,21,15,24
AT4G14900,830,426,465,697,508,460
AT4G14905,327,274,199,239,165,162
AT4G14910,146,240,182,180,115,156
AT4G14920,84,130,90,118,91,153
AT4G14930,111,166,133,168,83,136
AT4G14940,17,43,18,39,40,33
AT4G14950,256,404,198,351,202,221
AT4G14960,7431,9720,5178,8454,6155,6958
AT4G14965,218,350,201,189,138,214
AT4G14970,14,11,11,7,18,11
AT4G14980,11,32,16,77,68,83
AT4G14990,265,247,150,232,248,297
AT4G15000,5736,16403,7827,6980,5134,6115
AT4G15010,351,405,240,287,172,277
AT4G15020,140,154,85,144,74,233
AT4G15025,0,0,1,1,0,0
AT4G15030,179,308,159,173,155,188
AT4G15040,1,1,0,0,4,0
AT4G15050,0,0,0,0,0,0
AT4G15053,0,0,0,0,0,0
AT4G15056,0,0,0,0,0,0
AT4G15060,0,0,0,0,0,0
AT4G15070,41,28,15,31,29,60
AT4G15075,0,8,2,0,2,2
AT4G15080,183,203,136,227,187,173
AT4G15090,157,94,61,109,95,88
AT4G15093,116,432,238,142,121,234
AT4G15096,0,0,0,0,1,0
AT4G15100,0,0,0,0,0,2
AT4G15110,133,35,59,80,77,81
AT4G15120,26,48,33,37,33,66
AT4G15130,52,106,71,64,45,60
AT4G15140,23,133,54,30,29,61
AT4G15150,2,0,2,4,5,11
AT4G15160,602,642,655,1014,718,1185
AT4G15165,11,27,14,10,4,13
AT4G15180,332,237,155,231,259,428
AT4G15200,0,8,5,4,0,0
AT4G15210,0,0,0,0,0,0
AT4G15215,29,29,4,16,11,8
AT4G15230,12,33,30,16,27,31
AT4G15233,22,33,14,7,7,16
AT4G15236,0,0,0,0,0,0
AT4G15240,90,151,102,82,93,187
AT4G15242,0,0,0,0,0,0
AT4G15245,0,0,0,0,0,0
AT4G15248,25,20,15,0,2,2
AT4G15250,0,0,0,2,0,0
AT4G15258,1,1,5,2,1,3
AT4G15260,134,105,53,117,78,129
AT4G15270,30,30,40,22,20,56
AT4G15280,17,0,12,10,9,27
AT4G15290,2,41,32,5,18,6
AT4G15300,18,19,20,92,27,129
AT4G15310,9,18,39,26,16,53
AT4G15320,0,0,0,0,0,0
AT4G15330,159,103,75,175,118,248
AT4G15340,228,541,353,254,174,266
AT4G15350,38,6,17,95,18,20
AT4G15360,0,0,6,10,8,0
AT4G15370,38,16,12,66,45,22
AT4G15380,1,34,26,19,12,91
AT4G15390,1158,1693,1260,1923,1293,3251
AT4G15393,19,44,59,76,55,88
AT4G15396,2,4,0,33,5,35
AT4G15400,27,58,33,56,32,133
AT4G15410,238,126,131,273,169,196
AT4G15415,200,301,149,221,212,227
AT4G15417,0,36,20,1,8,20
AT4G15420,226,211,186,190,184,153
AT4G15430,22,34,35,9,7,9
AT4G15440,0,0,0,3,0,0
AT4G15450,57,96,65,47,39,65
AT4G15460,0,0,0,2,1,0
AT4G15470,1206,2141,1509,1475,930,1648
AT4G15475,125,118,124,135,62,190
AT4G15480,1,6,0,1,3,3
AT4G15490,0,1,0,7,0,0
AT4G15500,0,26,18,25,16,20
AT4G15510,50,77,52,41,43,21
AT4G15520,258,438,253,247,201,256
AT4G15530,15,16,7,64,21,85
AT4G15540,111,164,57,86,102,112
AT4G15545,308,452,283,289,255,458
AT4G15550,341,213,117,553,394,474
AT4G15560,298,356,158,276,239,438
AT4G15562,0,0,0,0,0,0
AT4G15563,53,55,69,40,30,85
AT4G15570,66,175,58,118,125,108
AT4G15610,289,648,648,605,359,2893
AT4G15620,0,0,0,2,0,0
AT4G15630,14,4,2,2,0,3
AT4G15640,239,370,207,276,170,226
AT4G15650,0,0,0,0,0,0
AT4G15660,2,2,0,0,3,0
AT4G15670,0,0,0,0,0,0
AT4G15680,0,0,0,0,0,0
AT4G15690,0,2,0,0,0,0
AT4G15700,0,0,0,0,0,0
AT4G15710,0,1,0,0,0,0
AT4G15715,0,0,0,0,0,0
AT4G15720,4,4,0,5,10,0
AT4G15730,25,22,9,43,40,11
AT4G15733,0,0,0,0,0,0
AT4G15735,0,0,0,0,0,0
AT4G15740,2,13,18,1,4,37
AT4G15750,0,0,0,0,0,0
AT4G15755,0,0,0,0,0,0
AT4G15760,759,645,493,1373,902,1129
AT4G15765,9,32,33,6,1,40
AT4G15770,515,661,493,532,362,442
AT4G15775,0,0,0,0,0,0
AT4G15780,771,855,420,543,447,518
AT4G15790,188,528,323,237,178,189
AT4G15800,88,223,197,116,118,266
AT4G15802,744,2865,1562,775,609,808
AT4G15810,5,11,7,12,8,29
AT4G15820,29,67,38,31,28,65
AT4G15830,162,288,225,182,99,212
AT4G15840,70,77,37,109,73,108
AT4G15850,128,170,68,122,111,99
AT4G15870,0,0,0,0,0,0
AT4G15880,190,286,101,226,113,196
AT4G15885,0,0,0,0,0,0
AT4G15890,25,32,13,33,22,32
AT4G15900,542,347,294,547,369,487
AT4G15910,4740,4759,2231,3976,3239,3668
AT4G15920,145,346,340,171,103,239
AT4G15930,389,785,474,312,260,356
AT4G15940,255,539,367,268,144,289
AT4G15950,93,160,62,64,42,50
AT4G15953,2,5,0,3,1,1
AT4G15955,70,83,85,111,60,103
AT4G15960,57,154,106,61,37,44
AT4G15970,0,0,0,0,0,0
AT4G15975,11,5,5,11,12,8
AT4G15980,0,0,0,0,0,0
AT4G15990,674,2102,1757,183,399,1235
AT4G16000,25,16,7,5,22,77
AT4G16008,38,24,33,30,41,44
AT4G16015,2,13,5,0,2,0
AT4G16024,0,0,0,0,0,0
AT4G16030,0,0,0,0,0,0
AT4G16040,0,0,0,0,0,0
AT4G16045,0,0,0,0,0,0
AT4G16050,0,2,3,0,1,1
AT4G16060,113,184,126,115,78,110
AT4G16070,61,44,45,60,54,81
AT4G16080,0,0,0,0,0,0
AT4G16090,0,0,0,0,0,0
AT4G16095,0,0,0,0,0,0
AT4G16100,141,107,86,98,96,104
AT4G16105,0,0,0,0,0,0
AT4G16110,139,118,90,123,115,182
AT4G16120,99,104,75,119,75,134
AT4G16130,30,82,38,67,70,80
AT4G16140,199,494,259,243,189,134
AT4G16141,1186,1594,624,1112,770,913
AT4G16143,564,529,275,556,310,402
AT4G16144,76,93,112,149,73,129
AT4G16146,17,54,14,27,15,52
AT4G16150,223,200,133,187,154,291
AT4G16155,170,240,147,231,176,183
AT4G16160,7,0,1,5,1,2
AT4G16162,61,34,17,52,32,39
AT4G16165,0,0,0,0,0,0
AT4G16180,416,377,168,416,312,366
AT4G16190,924,2249,1823,976,718,4103
AT4G16195,0,1,0,1,0,0
AT4G16200,0,0,0,0,1,0
AT4G16210,306,478,287,352,240,309
AT4G16215,0,0,0,0,1,0
AT4G16220,0,0,0,6,3,3
AT4G16230,9,7,3,23,11,11
AT4G16233,3,1,0,6,2,0
AT4G16235,0,0,0,0,0,0
AT4G16240,0,0,0,0,0,0
AT4G16250,47,57,25,58,73,65
AT4G16260,2,173,132,23,48,515
AT4G16265,169,456,275,172,162,205
AT4G16270,48,118,70,37,52,37
AT4G16280,83,80,65,83,105,139
AT4G16295,0,0,0,0,0,0
AT4G16310,111,116,66,95,96,114
AT4G16330,352,409,316,316,284,409
AT4G16340,237,278,177,282,279,295
AT4G16350,24,45,20,18,19,42
AT4G16355,4,9,4,1,1,3
AT4G16360,442,529,417,555,336,389
AT4G16370,899,149,66,190,67,832
AT4G16380,442,485,558,473,283,583
AT4G16390,46,85,67,108,50,47
AT4G16400,45,109,87,28,32,34
AT4G16410,24,20,12,5,6,6
AT4G16420,167,210,101,193,115,144
AT4G16430,349,363,219,263,228,230
AT4G16440,109,110,68,163,70,120
AT4G16442,85,177,67,145,110,100
AT4G16444,246,454,234,235,116,218
AT4G16447,171,397,181,134,143,168
AT4G16450,2687,5296,3280,2362,2126,2506
AT4G16451,0,0,0,0,0,0
AT4G16460,0,0,0,0,0,0
AT4G16465,0,0,0,0,0,0
AT4G16470,31,42,20,28,17,37
AT4G16475,0,0,0,0,0,0
AT4G16480,238,144,79,134,67,212
AT4G16490,240,172,119,233,118,188
AT4G16500,592,1418,682,961,651,825
AT4G16510,213,375,231,188,129,175
AT4G16515,0,1,0,0,0,0
AT4G16520,834,1357,847,695,472,1304
AT4G16530,0,0,3,4,0,0
AT4G16535,93,121,90,80,80,118
AT4G16540,98,160,88,55,65,103
AT4G16545,0,0,0,0,0,0
AT4G16550,0,0,0,0,0,0
AT4G16555,0,0,0,0,0,0
AT4G16560,0,0,0,0,0,0
AT4G16563,81,67,33,126,126,260
AT4G16566,92,149,68,90,55,78
AT4G16570,77,45,35,73,49,68
AT4G16580,126,87,94,127,129,153
AT4G16590,0,0,0,0,0,0
AT4G16600,15,12,7,16,15,19
AT4G16610,58,142,37,54,52,65
AT4G16620,11,35,25,17,18,27
AT4G16630,339,292,208,363,295,261
AT4G16640,0,13,1,0,4,1
AT4G16650,147,161,120,194,127,167
AT4G16660,293,384,295,443,278,493
AT4G16670,125,169,79,134,114,140
AT4G16680,7,21,25,8,9,44
AT4G16690,0,0,0,0,1,0
AT4G16695,840,1637,967,730,581,659
AT4G16700,78,59,38,82,63,93
AT4G16710,378,558,317,271,240,299
AT4G16720,13115,21285,11077,11718,8000,10835
AT4G16730,0,0,0,0,0,0
AT4G16740,0,0,0,0,0,0
AT4G16745,1,24,0,1,0,0
AT4G16748,2,0,0,0,0,0
AT4G16750,10,25,15,15,2,26
AT4G16760,687,495,250,868,665,933
AT4G16765,97,200,113,130,101,138
AT4G16770,20,37,35,18,16,29
AT4G16780,89,146,98,84,85,91
AT4G16790,102,173,136,47,113,84
AT4G16800,170,204,138,171,82,141
AT4G16807,28,65,42,41,23,32
AT4G16810,0,0,1,0,2,0
AT4G16820,0,0,0,0,0,0
AT4G16830,932,573,381,656,623,657
AT4G16835,4,1,5,3,14,1
AT4G16840,73,181,86,59,75,80
AT4G16845,177,291,118,160,126,178
AT4G16850,104,144,135,137,169,132
AT4G16855,3,0,1,0,0,6
AT4G16857,6,15,9,10,17,16
AT4G16860,1,5,1,0,4,1
AT4G16880,0,2,1,0,0,0
AT4G16890,30,18,17,15,7,42
AT4G16892,0,0,0,0,0,0
AT4G16900,37,19,9,28,12,34
AT4G16915,0,0,0,0,0,0
AT4G16920,32,55,58,40,39,55
AT4G16930,0,0,0,0,0,0
AT4G16940,0,4,8,1,6,2
AT4G16950,72,145,75,85,70,128
AT4G16955,20,20,8,19,17,15
AT4G16957,34,15,8,35,16,21
AT4G16960,32,10,3,33,19,17
AT4G16970,51,71,63,114,49,88
AT4G16980,11,47,55,0,4,1
AT4G16983,7,35,50,0,3,1
AT4G16990,2,0,2,0,2,0
AT4G17000,88,120,77,44,42,77
AT4G17010,254,338,259,253,134,180
AT4G17020,133,185,112,149,54,139
AT4G17030,147,23,26,742,531,876
AT4G17040,443,798,365,397,292,406
AT4G17050,377,713,363,301,270,266
AT4G17060,108,100,55,132,137,125
AT4G17070,79,122,114,81,78,150
AT4G17080,145,164,102,100,89,128
AT4G17085,144,595,290,130,150,188
AT4G17090,1,2,0,0,1,0
AT4G17098,195,239,179,280,154,239
AT4G17100,439,502,317,506,305,479
AT4G17140,98,150,78,125,146,272
AT4G17150,230,279,134,240,196,227
AT4G17160,0,1,0,0,0,0
AT4G17170,1113,1431,1002,1001,735,1118
AT4G17180,142,168,87,66,62,134
AT4G17190,574,1122,634,722,433,696
AT4G17200,0,0,0,0,0,0
AT4G17210,1,0,0,4,0,0
AT4G17215,178,535,301,189,96,284
AT4G17220,144,80,54,132,104,158
AT4G17230,225,160,123,233,238,258
AT4G17240,73,93,43,82,58,95
AT4G17243,0,0,0,1,0,0
AT4G17245,2,1,0,4,2,3
AT4G17250,11,32,0,2,23,9
AT4G17260,120,125,150,159,132,175
AT4G17270,494,751,520,647,464,606
AT4G17280,118,334,184,133,136,170
AT4G17300,89,57,70,92,88,88
AT4G17310,113,219,157,106,96,97
AT4G17330,244,243,209,319,241,370
AT4G17340,2478,10357,7567,2523,1293,11879
AT4G17350,75,97,86,85,51,89
AT4G17360,52,39,29,35,37,19
AT4G17370,87,119,67,62,42,134
AT4G17380,24,12,7,22,3,14
AT4G17390,15016,14860,13113,12895,9812,11994
AT4G17410,97,268,141,179,135,159
AT4G17420,261,474,309,299,220,251
AT4G17430,58,88,75,123,69,68
AT4G17440,12,13,6,9,9,20
AT4G17460,802,819,429,822,720,524
AT4G17470,0,2,1,15,5,1
AT4G17480,1,1,2,1,0,0
AT4G17483,25,35,30,37,27,24
AT4G17486,357,596,270,345,254,403
AT4G17490,534,62,86,294,129,764
AT4G17500,150,76,67,141,89,943
AT4G17505,0,0,0,0,0,0
AT4G17510,719,1420,759,697,446,664
AT4G17520,1927,1520,1511,2384,1568,1781
AT4G17530,903,2067,1257,1149,766,982
AT4G17540,29,73,39,32,27,32
AT4G17550,25,38,25,18,10,38
AT4G17560,160,298,145,133,77,143
AT4G17565,0,2,2,5,1,0
AT4G17570,100,127,71,88,70,84
AT4G17580,0,0,0,0,0,0
AT4G17585,0,0,0,0,0,0
AT4G17590,0,0,0,0,0,0
AT4G17600,5,10,4,6,1,2
AT4G17610,98,155,56,117,77,98
AT4G17612,0,0,0,0,0,0
AT4G17615,82,182,98,84,83,112
AT4G17616,74,99,46,96,63,89
AT4G17620,250,270,204,280,231,270
AT4G17640,771,1448,790,695,632,832
AT4G17650,246,338,147,226,192,189
AT4G17660,0,0,0,0,0,0
AT4G17670,17,150,75,17,12,31
AT4G17680,0,0,0,0,0,0
AT4G17690,0,0,0,0,0,0
AT4G17695,3,0,2,3,3,0
AT4G17700,0,0,0,0,0,0
AT4G17710,0,0,4,0,2,0
AT4G17713,0,0,0,0,0,0
AT4G17718,0,0,0,0,0,0
AT4G17720,343,570,350,423,238,402
AT4G17730,686,837,475,500,361,551
AT4G17740,64,9,30,30,27,57
AT4G17750,56,39,30,39,54,49
AT4G17760,24,45,23,35,8,30
AT4G17765,0,0,0,0,0,0
AT4G17770,453,544,305,486,422,360
AT4G17780,5,0,2,0,0,0
AT4G17785,3,12,4,1,6,8
AT4G17788,0,0,1,1,1,0
AT4G17790,979,1845,842,813,492,780
AT4G17800,702,847,661,680,526,823
AT4G17810,0,0,0,0,0,0
AT4G17830,151,228,173,220,170,194
AT4G17840,144,115,74,103,103,153
AT4G17850,0,0,0,0,0,0
AT4G17860,0,0,0,0,0,0
AT4G17870,716,2163,1232,684,445,560
AT4G17880,149,139,65,113,84,91
AT4G17890,500,899,452,590,379,519
AT4G17895,18,90,34,51,58,35
AT4G17900,479,1046,716,445,381,806
AT4G17905,10,9,10,19,16,4
AT4G17910,90,136,90,106,127,104
AT4G17920,0,2,0,0,2,0
AT4G17940,236,268,213,490,166,487
AT4G17950,516,334,251,469,308,466
AT4G17960,106,130,78,113,51,79
AT4G17970,12,34,11,7,11,8
AT4G17975,0,0,0,0,0,0
AT4G17980,4,0,0,0,0,0
AT4G17990,0,0,0,0,0,0
AT4G18010,28,25,35,42,15,36
AT4G18020,96,43,43,54,62,35
AT4G18030,904,1142,508,1107,614,828
AT4G18040,670,1354,683,838,523,691
AT4G18050,0,6,3,6,9,6
AT4G18060,398,677,299,367,236,372
AT4G18070,436,725,500,546,411,454
AT4G18080,0,0,0,1,0,3
AT4G18090,0,0,1,5,3,3
AT4G18100,11714,24225,13002,11822,9843,11835
AT4G18110,0,0,0,0,0,1
AT4G18130,42,71,48,71,52,101
AT4G18140,145,207,126,215,164,333
AT4G18150,0,0,0,0,0,0
AT4G18160,152,135,75,124,87,180
AT4G18170,12,11,5,34,15,19
AT4G18180,0,0,0,0,0,0
AT4G18190,0,0,0,2,0,0
AT4G18195,0,0,0,0,0,0
AT4G18197,15,13,24,10,24,22
AT4G18203,0,0,0,0,0,0
AT4G18205,4,30,33,5,6,26
AT4G18210,6,4,1,1,0,5
AT4G18215,0,0,1,0,0,0
AT4G18220,0,2,0,0,0,2
AT4G18230,173,203,162,207,149,165
AT4G18240,83,109,57,77,68,152
AT4G18250,0,1,1,2,0,1
AT4G18253,0,0,0,0,0,0
AT4G18255,0,0,0,0,0,0
AT4G18260,206,223,170,145,149,168
AT4G18270,47,77,35,53,75,44
AT4G18280,149,42,14,54,42,182
AT4G18290,0,0,0,0,0,0
AT4G18300,13,31,32,26,30,29
AT4G18310,0,0,0,0,0,0
AT4G18320,0,0,0,0,0,0
AT4G18330,0,0,0,1,0,0
AT4G18335,44,35,28,44,38,32
AT4G18340,124,178,173,49,67,93
AT4G18350,0,0,6,11,2,0
AT4G18360,320,491,200,364,236,271
AT4G18370,99,163,67,67,41,77
AT4G18372,83,263,145,84,92,84
AT4G18375,22,8,0,12,3,7
AT4G18380,166,131,101,136,163,155
AT4G18390,0,0,0,0,2,0
AT4G18395,4,0,0,2,1,1
AT4G18400,150,209,145,127,86,136
AT4G18422,1,0,0,0,0,2
AT4G18425,9,30,14,19,26,39
AT4G18430,28,80,85,60,32,75
AT4G18440,104,276,101,231,118,159
AT4G18450,0,2,0,1,0,0
AT4G18460,95,139,87,67,64,73
AT4G18465,99,76,62,157,143,159
AT4G18470,48,48,25,31,35,44
AT4G18480,132,182,48,91,62,76
AT4G18490,16,26,35,12,8,41
AT4G18500,0,3,0,2,2,0
AT4G18501,25,33,34,27,14,16
AT4G18510,1002,1898,1557,891,834,1104
AT4G18520,52,44,22,45,22,46
AT4G18530,80,156,92,110,80,78
AT4G18540,0,0,0,0,0,0
AT4G18550,11,20,1,31,29,17
AT4G18570,93,161,100,83,67,73
AT4G18580,169,471,225,161,102,177
AT4G18590,377,701,346,299,261,341
AT4G18593,220,542,264,213,184,211
AT4G18596,52,45,41,34,33,63
AT4G18600,248,291,181,265,202,211
AT4G18610,50,125,102,58,62,87
AT4G18620,0,0,0,0,0,1
AT4G18630,2,26,22,20,24,36
AT4G18640,75,93,109,60,93,98
AT4G18650,0,1,0,1,1,0
AT4G18660,0,0,0,0,1,0
AT4G18670,308,207,292,462,372,277
AT4G18680,0,0,0,0,0,0
AT4G18690,0,0,0,0,0,0
AT4G18692,0,0,0,0,0,0
AT4G18700,400,480,298,263,284,385
AT4G18710,1506,1416,1449,1716,1233,1804
AT4G18720,0,3,0,0,0,0
AT4G18725,0,0,0,0,0,0
AT4G18730,11448,17652,9821,9567,7194,9470
AT4G18740,11,16,17,18,4,0
AT4G18750,14,7,1,17,11,13
AT4G18760,255,312,241,272,227,219
AT4G18770,14,51,21,7,23,13
AT4G18780,134,481,232,120,173,164
AT4G18790,0,0,0,0,0,0
AT4G18800,256,542,215,259,214,213
AT4G18810,12,18,7,5,6,11
AT4G18815,0,0,0,0,0,0
AT4G18820,59,103,37,92,37,59
AT4G18823,0,0,0,0,0,0
AT4G18830,4,10,1,2,0,3
AT4G18840,5,25,6,13,5,10
AT4G18860,0,0,0,0,0,0
AT4G18870,0,0,0,0,0,0
AT4G18880,93,233,127,118,66,348
AT4G18890,149,171,95,102,75,135
AT4G18900,0,0,0,0,0,0
AT4G18905,206,310,165,340,185,236
AT4G18910,10,50,38,4,13,48
AT4G18920,0,0,0,1,3,0
AT4G18930,1308,1238,1053,1322,932,1806
AT4G18940,70,59,27,39,26,39
AT4G18950,192,237,119,210,221,279
AT4G18960,0,0,0,0,0,0
AT4G18970,0,7,0,0,1,5
AT4G18975,49,118,75,65,36,72
AT4G18980,0,1,0,1,0,5
AT4G18990,2,0,0,1,1,5
AT4G19000,1,1,2,2,1,1
AT4G19003,225,426,279,239,183,302
AT4G19006,842,1117,666,926,517,642
AT4G19010,41,56,43,68,52,50
AT4G19020,96,128,35,78,48,94
AT4G19030,414,951,931,591,376,694
AT4G19035,0,0,0,0,0,0
AT4G19038,0,0,0,0,0,0
AT4G19040,161,164,100,157,112,167
AT4G19045,115,377,185,138,98,162
AT4G19050,0,0,0,0,0,5
AT4G19060,82,44,21,38,36,47
AT4G19070,103,102,66,69,52,66
AT4G19080,11,4,1,2,9,8
AT4G19090,5,16,5,13,21,21
AT4G19095,0,1,0,0,0,2
AT4G19100,26,40,26,10,10,34
AT4G19110,1132,1229,930,1258,1386,1400
AT4G19120,98,251,120,182,173,207
AT4G19130,39,21,18,29,15,50
AT4G19140,89,225,152,161,145,190
AT4G19150,301,395,227,305,258,297
AT4G19160,949,2285,1181,984,728,2046
AT4G19170,5,0,4,7,3,1
AT4G19180,219,158,97,172,160,154
AT4G19185,313,428,197,236,233,229
AT4G19190,136,229,143,187,158,189
AT4G19191,9,0,0,3,13,6
AT4G19200,1801,1660,1024,2456,1695,2456
AT4G19210,1021,1243,713,1338,851,1059
AT4G19220,11,5,13,12,16,0
AT4G19230,45,22,18,12,23,220
AT4G19240,0,0,0,0,0,0
AT4G19250,0,0,0,0,0,0
AT4G19260,0,0,0,0,0,0
AT4G19270,0,0,0,0,0,0
AT4G19275,0,0,0,0,0,0
AT4G19330,0,0,0,0,0,0
AT4G19340,0,0,0,0,0,0
AT4G19350,237,451,211,221,162,244
AT4G19360,0,0,0,0,0,0
AT4G19370,4,36,50,3,9,38
AT4G19380,0,0,0,0,0,0
AT4G19390,127,138,73,106,70,196
AT4G19395,0,3,0,1,2,0
AT4G19400,71,152,67,61,55,50
AT4G19410,1453,1131,889,1931,1179,1452
AT4G19420,41,85,40,29,44,132
AT4G19430,0,0,1,0,0,0
AT4G19440,53,39,28,72,70,36
AT4G19450,138,133,99,113,121,124
AT4G19460,14,7,46,73,23,75
AT4G19470,0,0,0,0,0,0
AT4G19480,0,0,0,0,0,0
AT4G19485,0,0,0,0,0,0
AT4G19490,264,344,185,304,281,382
AT4G19500,44,104,35,47,28,61
AT4G19510,77,30,27,34,36,69
AT4G19520,28,89,118,40,42,77
AT4G19530,0,1,0,0,0,2
AT4G19540,181,232,172,217,118,176
AT4G19550,82,129,70,60,37,58
AT4G19560,27,26,16,14,5,6
AT4G19570,0,0,0,0,0,0
AT4G19580,0,0,0,0,0,0
AT4G19590,11,24,16,10,2,6
AT4G19600,137,288,84,120,67,135
AT4G19610,85,142,75,101,78,99
AT4G19620,0,0,0,0,0,0
AT4G19630,1,2,1,0,0,0
AT4G19640,1090,1782,1018,1077,788,1292
AT4G19645,0,1,3,0,0,1
AT4G19650,46,47,34,42,33,38
AT4G19660,214,171,102,168,156,217
AT4G19670,356,268,134,271,217,374
AT4G19680,12,0,5,0,10,1
AT4G19690,114,8,134,4,0,95
AT4G19700,181,232,166,260,176,386
AT4G19710,262,196,76,229,111,168
AT4G19720,42,28,25,71,74,168
AT4G19730,0,0,0,0,0,0
AT4G19740,0,0,0,0,0,0
AT4G19750,0,0,0,0,0,0
AT4G19760,0,0,0,0,0,0
AT4G19770,0,0,0,0,0,1
AT4G19800,0,0,0,0,0,0
AT4G19810,0,0,0,0,0,1
AT4G19820,0,2,0,0,0,0
AT4G19830,51,70,66,47,63,60
AT4G19840,553,471,383,500,439,531
AT4G19850,3,9,3,4,1,7
AT4G19860,306,410,248,296,239,388
AT4G19865,82,33,33,68,44,51
AT4G19870,48,87,39,39,36,56
AT4G19880,1863,2233,1638,2237,1861,2245
AT4G19890,16,17,16,37,17,48
AT4G19900,93,121,78,168,71,84
AT4G19905,0,0,0,0,0,0
AT4G19910,0,0,0,0,0,0
AT4G19920,7,13,20,13,6,67
AT4G19925,0,0,0,2,0,13
AT4G19930,0,0,0,0,0,0
AT4G19940,0,0,0,2,0,0
AT4G19950,39,13,34,32,7,25
AT4G19960,15,70,10,13,27,45
AT4G19970,0,0,0,0,0,0
AT4G19975,0,7,0,7,0,0
AT4G19980,75,101,46,75,54,53
AT4G19985,56,122,44,43,30,26
AT4G19990,134,61,50,69,79,65
AT4G20000,84,103,38,88,69,104
AT4G20010,117,100,90,77,76,120
AT4G20020,439,297,223,351,245,319
AT4G20030,80,135,62,80,53,76
AT4G20040,17,29,15,14,13,8
AT4G20050,0,9,3,2,32,6
AT4G20060,32,25,17,14,11,28
AT4G20070,126,618,253,106,90,68
AT4G20080,0,0,0,0,0,0
AT4G20090,32,23,7,23,13,30
AT4G20095,0,1,0,1,3,5
AT4G20100,0,0,0,0,0,0
AT4G20110,79,123,65,83,68,330
AT4G20115,0,0,0,0,0,0
AT4G20130,79,70,23,81,56,40
AT4G20140,25,60,29,38,49,37
AT4G20150,3390,8424,4249,3044,2675,3301
AT4G20160,0,4,0,2,0,3
AT4G20170,388,138,110,225,150,287
AT4G20190,0,0,1,0,0,1
AT4G20200,0,0,0,0,0,0
AT4G20210,539,309,164,639,493,403
AT4G20220,0,0,0,0,0,0
AT4G20230,18,18,29,47,15,25
AT4G20235,1,9,11,4,6,6
AT4G20240,1,107,71,1,20,14
AT4G20250,0,0,0,0,0,0
AT4G20260,1576,2516,1871,2285,1754,2828
AT4G20270,307,184,128,185,277,215
AT4G20280,374,330,215,275,192,235
AT4G20290,10,7,5,7,3,4
AT4G20300,259,394,279,239,225,224
AT4G20310,8,35,16,19,7,16
AT4G20320,294,355,268,152,169,195
AT4G20325,125,311,157,168,130,164
AT4G20330,338,599,319,284,189,263
AT4G20340,127,168,80,105,77,96
AT4G20350,68,110,62,104,63,60
AT4G20360,364,349,179,382,178,327
AT4G20362,859,1845,935,759,505,711
AT4G20370,0,0,0,0,0,0
AT4G20380,495,712,534,461,344,494
AT4G20390,8,53,5,5,6,17
AT4G20400,272,299,241,327,255,332
AT4G20410,340,537,276,330,225,394
AT4G20420,14,14,9,6,8,9
AT4G20430,142,163,89,108,100,73
AT4G20440,1644,971,1104,1169,733,972
AT4G20450,0,3,1,3,0,0
AT4G20460,152,179,85,155,142,189
AT4G20470,0,0,2,2,0,0
AT4G20480,473,411,352,460,295,400
AT4G20520,0,0,0,0,0,0
AT4G20530,0,0,0,0,0,0
AT4G20535,0,0,0,0,0,0
AT4G20540,0,0,0,0,0,0
AT4G20545,0,0,0,0,0,0
AT4G20550,0,0,0,0,0,0
AT4G20555,0,0,0,0,0,0
AT4G20560,0,0,0,0,0,0
AT4G20565,0,0,0,0,0,0
AT4G20570,0,0,0,0,0,0
AT4G20575,0,0,0,0,0,0
AT4G20580,0,0,0,0,0,0
AT4G20590,0,0,0,0,0,0
AT4G20600,0,0,0,0,0,0
AT4G20610,0,0,0,0,0,0
AT4G20620,0,0,0,0,0,0
AT4G20630,0,0,0,0,0,0
AT4G20640,0,0,0,0,0,0
AT4G20645,0,0,0,0,0,0
AT4G20650,0,0,0,0,0,0
AT4G20670,0,0,0,0,0,0
AT4G20680,0,0,0,0,0,0
AT4G20690,0,0,1,0,0,0
AT4G20700,3,2,0,2,0,2
AT4G20703,0,0,0,0,0,0
AT4G20707,0,0,0,0,0,0
AT4G20720,136,113,98,173,93,148
AT4G20735,0,0,0,0,0,0
AT4G20740,14,33,14,29,24,11
AT4G20760,103,102,51,56,35,47
AT4G20770,4,5,2,3,0,12
AT4G20780,59,205,120,63,55,121
AT4G20790,0,0,0,0,0,0
AT4G20800,0,0,0,0,0,0
AT4G20810,0,0,0,0,0,0
AT4G20820,11,31,38,1,6,27
AT4G20830,523,597,358,864,765,1301
AT4G20835,185,149,99,265,245,326
AT4G20840,49,52,27,41,86,46
AT4G20850,1234,890,574,1111,843,1295
AT4G20860,57,124,116,38,21,245
AT4G20870,902,1292,919,1032,847,966
AT4G20880,24,80,42,77,48,100
AT4G20890,1181,1478,782,1570,979,1336
AT4G20900,2,0,0,5,0,3
AT4G20910,140,99,40,89,68,80
AT4G20920,26,1,0,4,10,1
AT4G20930,79,30,41,95,69,110
AT4G20935,1,0,0,0,1,0
AT4G20940,107,95,51,68,68,93
AT4G20947,0,0,0,0,0,0
AT4G20953,1,0,0,0,0,1
AT4G20960,170,173,92,116,77,88
AT4G20970,0,0,0,0,0,0
AT4G20980,703,507,411,728,511,558
AT4G20990,3,0,1,0,0,1
AT4G21000,0,0,0,0,0,0
AT4G21010,0,0,0,0,0,0
AT4G21020,0,0,0,0,0,0
AT4G21030,0,0,0,0,0,0
AT4G21040,0,0,0,0,0,0
AT4G21050,0,0,0,0,0,0
AT4G21060,49,45,23,45,33,47
AT4G21063,0,0,0,0,0,0
AT4G21065,16,58,19,29,8,25
AT4G21070,54,40,40,50,45,43
AT4G21080,0,0,0,0,0,1
AT4G21090,228,289,260,208,155,217
AT4G21100,72,149,70,110,76,113
AT4G21105,3628,11744,5720,2893,2481,3220
AT4G21110,1250,1891,1029,952,701,1143
AT4G21120,34,10,18,62,16,68
AT4G21130,0,0,0,0,0,0
AT4G21140,138,255,129,158,144,115
AT4G21150,1118,1415,640,1048,707,1071
AT4G21160,187,357,222,164,165,212
AT4G21170,44,79,25,48,54,52
AT4G21180,19,44,28,49,49,43
AT4G21190,45,68,27,37,38,64
AT4G21192,329,737,415,221,165,269
AT4G21200,12,6,9,1,3,0
AT4G21210,7,8,9,3,2,0
AT4G21213,0,0,0,0,0,0
AT4G21215,154,188,150,163,168,234
AT4G21220,34,83,49,57,37,49
AT4G21230,16,22,16,35,25,39
AT4G21240,0,0,0,0,0,0
AT4G21250,0,3,4,5,0,2
AT4G21260,0,0,0,0,0,0
AT4G21270,132,133,63,73,62,144
AT4G21280,17,18,2,1,1,0
AT4G21300,2,41,27,16,21,20
AT4G21310,72,95,59,25,52,36
AT4G21320,41,76,24,35,26,60
AT4G21323,2,2,3,3,5,4
AT4G21326,0,1,4,0,3,0
AT4G21330,0,0,0,0,0,0
AT4G21340,106,100,105,143,82,100
AT4G21350,63,74,40,40,49,45
AT4G21362,0,0,0,0,0,0
AT4G21366,0,0,0,0,0,0
AT4G21380,0,0,0,0,0,2
AT4G21390,4,24,5,21,44,29
AT4G21400,98,48,40,82,65,115
AT4G21410,184,152,137,172,188,170
AT4G21430,52,85,23,99,34,73
AT4G21440,0,0,0,0,0,0
AT4G21445,0,0,0,1,0,0
AT4G21450,790,1189,792,746,569,1056
AT4G21460,140,105,130,180,141,214
AT4G21470,162,169,137,174,119,225
AT4G21480,14,5,6,3,1,14
AT4G21490,6,0,2,0,0,0
AT4G21500,16,45,26,22,15,27
AT4G21510,112,194,100,138,120,184
AT4G21515,7,2,5,2,2,4
AT4G21520,120,150,52,112,88,100
AT4G21530,106,62,91,92,42,128
AT4G21534,110,67,54,48,53,104
AT4G21540,178,218,85,179,153,198
AT4G21550,5,14,6,20,11,36
AT4G21560,321,581,292,360,354,369
AT4G21570,486,1034,641,713,453,719
AT4G21580,550,515,335,500,424,644
AT4G21585,28,39,20,26,15,30
AT4G21590,20,13,7,4,14,10
AT4G21595,0,0,0,0,0,0
AT4G21600,708,775,522,714,510,714
AT4G21610,238,256,190,203,201,235
AT4G21620,6,1,1,9,5,30
AT4G21630,0,0,0,0,0,0
AT4G21640,0,0,0,0,0,0
AT4G21650,0,0,0,0,0,0
AT4G21660,807,525,255,651,428,623
AT4G21670,72,101,108,89,95,120
AT4G21680,93,0,12,65,114,144
AT4G21690,0,0,0,0,0,0
AT4G21700,16,51,19,40,68,29
AT4G21705,107,73,51,65,39,72
AT4G21710,491,290,182,334,224,449
AT4G21720,139,160,113,137,117,135
AT4G21740,88,168,133,56,52,70
AT4G21745,28,19,17,5,6,3
AT4G21750,0,5,2,0,0,0
AT4G21760,7,7,7,8,4,6
AT4G21770,153,207,106,163,134,128
AT4G21780,5,9,3,1,4,1
AT4G21790,1033,1705,959,1054,736,1170
AT4G21800,162,219,148,149,103,163
AT4G21810,640,978,723,575,463,728
AT4G21820,51,55,24,18,15,40
AT4G21830,558,2008,1307,1404,851,1652
AT4G21840,35,68,95,44,29,53
AT4G21850,4495,9185,7027,8528,5078,7922
AT4G21860,582,564,417,457,402,416
AT4G21865,18,57,12,46,20,14
AT4G21870,4,12,5,0,4,4
AT4G21880,21,27,14,13,16,18
AT4G21890,25,81,11,44,32,40
AT4G21895,0,0,0,0,0,0
AT4G21900,103,61,69,118,92,92
AT4G21902,0,11,16,6,3,3
AT4G21903,2,2,3,4,0,3
AT4G21910,42,64,55,92,63,115
AT4G21920,1,2,1,0,0,4
AT4G21926,0,0,0,0,0,0
AT4G21930,0,0,0,0,0,0
AT4G21940,0,0,0,0,0,0
AT4G21950,0,0,0,0,0,0
AT4G21960,15146,14880,12325,16642,11374,11990
AT4G21970,0,1,0,0,0,0
AT4G21980,397,1568,927,494,371,789
AT4G21990,871,409,382,1220,925,500
AT4G22000,683,1641,685,793,546,740
AT4G22010,508,381,294,1040,457,503
AT4G22030,0,0,0,0,0,0
AT4G22035,0,0,0,0,0,0
AT4G22050,0,0,0,0,0,0
AT4G22060,0,0,0,0,0,0
AT4G22070,3,32,28,6,14,123
AT4G22080,0,15,4,0,16,4
AT4G22090,0,0,0,0,0,0
AT4G22100,0,0,0,0,0,0
AT4G22105,0,0,0,0,0,0
AT4G22110,34,36,15,20,14,35
AT4G22115,0,0,0,0,0,0
AT4G22120,142,136,89,110,111,134
AT4G22130,282,315,153,315,274,271
AT4G22140,377,573,350,371,303,410
AT4G22150,453,574,405,495,331,380
AT4G22160,26,69,50,22,26,73
AT4G22165,0,0,0,0,0,0
AT4G22170,0,0,0,0,0,0
AT4G22180,0,0,0,0,0,0
AT4G22190,169,153,90,155,89,73
AT4G22200,1,4,0,0,2,0
AT4G22210,0,0,0,0,0,0
AT4G22212,1459,1571,1731,588,1055,706
AT4G22214,1,240,68,15,0,14
AT4G22217,23,144,88,14,7,9
AT4G22220,1597,2782,1552,1589,1044,1957
AT4G22230,38,442,146,91,49,170
AT4G22233,212,667,276,256,172,286
AT4G22235,300,944,444,435,243,436
AT4G22240,140,278,119,191,131,258
AT4G22250,145,152,72,166,119,122
AT4G22260,362,458,225,312,224,308
AT4G22265,0,0,0,0,0,0
AT4G22270,47,91,62,56,62,56
AT4G22280,24,29,12,17,18,23
AT4G22285,238,230,192,305,148,254
AT4G22290,98,153,93,84,74,121
AT4G22300,440,893,517,479,326,492
AT4G22305,119,168,93,182,138,264
AT4G22310,1157,2923,1836,1137,921,1460
AT4G22320,166,346,171,187,191,167
AT4G22330,1783,2427,1232,1740,1116,1586
AT4G22340,167,122,133,180,106,123
AT4G22350,91,83,55,85,60,46
AT4G22360,392,465,327,513,315,407
AT4G22370,10,11,3,5,5,1
AT4G22380,448,933,568,403,340,354
AT4G22390,13,0,9,0,0,0
AT4G22400,0,0,0,0,0,0
AT4G22410,0,0,0,0,0,0
AT4G22430,0,0,0,0,0,0
AT4G22440,0,0,0,0,0,0
AT4G22460,176,261,408,49,102,103
AT4G22463,77,129,233,30,44,58
AT4G22467,1,0,0,4,3,5
AT4G22470,0,0,0,5,6,6
AT4G22475,0,0,0,0,0,0
AT4G22485,0,1,0,2,0,0
AT4G22490,0,4,0,0,0,0
AT4G22495,0,0,0,0,0,0
AT4G22505,0,0,0,0,0,0
AT4G22510,0,0,0,0,0,0
AT4G22513,0,0,0,0,0,0
AT4G22517,0,0,0,0,0,0
AT4G22520,2,1,1,3,4,9
AT4G22530,237,204,198,300,258,339
AT4G22540,130,163,95,183,132,143
AT4G22550,181,145,201,170,166,145
AT4G22560,0,0,0,0,0,0
AT4G22570,69,172,83,57,59,84
AT4G22580,76,55,62,84,76,103
AT4G22590,18,93,68,45,72,86
AT4G22600,0,0,0,0,0,0
AT4G22610,3,39,13,0,0,63
AT4G22620,0,2,0,0,0,6
AT4G22630,0,0,0,0,0,0
AT4G22635,0,0,0,0,0,0
AT4G22640,0,58,29,13,5,24
AT4G22650,0,0,0,0,0,0
AT4G22660,0,0,0,0,0,0
AT4G22666,91,338,436,169,213,377
AT4G22670,1131,772,587,1512,768,1096
AT4G22680,8,11,2,11,25,5
AT4G22690,0,7,4,6,37,25
AT4G22700,0,0,1,0,0,0
AT4G22710,0,0,0,0,51,8
AT4G22720,265,360,201,247,162,284
AT4G22730,0,7,0,0,1,0
AT4G22740,173,212,114,175,127,233
AT4G22745,92,143,63,104,53,105
AT4G22750,507,793,492,452,349,523
AT4G22754,0,0,0,0,0,0
AT4G22755,0,0,0,0,0,0
AT4G22756,95,300,173,198,102,187
AT4G22758,53,69,34,26,44,44
AT4G22760,31,31,17,20,21,47
AT4G22770,55,26,31,50,25,23
AT4G22780,104,99,61,101,74,104
AT4G22790,1,10,25,10,6,1
AT4G22810,364,727,405,602,395,545
AT4G22820,662,1144,748,807,650,1001
AT4G22830,12,28,30,8,12,13
AT4G22840,66,162,98,58,51,89
AT4G22850,75,142,65,90,66,94
AT4G22860,108,145,72,77,44,105
AT4G22870,0,0,1,0,0,0
AT4G22880,0,0,0,0,0,0
AT4G22890,142,185,101,116,79,166
AT4G22900,57,76,26,25,34,39
AT4G22910,86,94,45,75,64,79
AT4G22920,50,48,37,44,37,63
AT4G22930,936,1122,581,1217,725,875
AT4G22940,16,4,1,9,1,3
AT4G22950,0,0,2,1,0,0
AT4G22960,0,2,9,3,1,6
AT4G22970,12,38,7,27,32,33
AT4G22980,4,7,7,6,8,11
AT4G22990,17,28,7,20,5,15
AT4G23000,6,16,4,6,4,16
AT4G23010,223,423,424,459,207,418
AT4G23015,44,50,40,52,23,46
AT4G23020,0,0,4,0,0,2
AT4G23030,4,6,4,6,10,11
AT4G23040,71,43,21,85,56,83
AT4G23050,168,105,89,225,117,288
AT4G23060,107,43,63,107,76,122
AT4G23070,9,30,12,17,18,22
AT4G23080,0,0,0,0,0,0
AT4G23090,0,0,0,0,0,0
AT4G23100,1315,1351,792,1479,1023,1536
AT4G23110,0,0,0,0,0,0
AT4G23120,0,0,0,0,0,0
AT4G23130,0,0,0,0,3,0
AT4G23140,0,0,0,0,0,0
AT4G23150,0,0,0,0,0,0
AT4G23160,0,0,0,0,0,0
AT4G23170,0,0,0,0,0,0
AT4G23180,16,5,0,13,12,12
AT4G23190,14,11,14,41,32,37
AT4G23200,0,0,0,0,0,0
AT4G23205,2,1,1,0,1,2
AT4G23210,0,0,0,0,0,0
AT4G23220,0,0,0,0,0,0
AT4G23230,0,0,0,0,0,0
AT4G23240,0,0,0,0,0,0
AT4G23250,0,5,0,4,0,0
AT4G23260,0,0,0,0,0,2
AT4G23270,126,150,103,215,159,339
AT4G23271,0,0,0,1,0,0
AT4G23280,0,0,0,0,0,0
AT4G23290,0,0,0,0,0,0
AT4G23300,0,0,0,0,0,0
AT4G23310,0,0,0,0,0,0
AT4G23320,0,0,0,0,0,0
AT4G23330,90,120,83,108,75,117
AT4G23340,0,3,17,0,4,0
AT4G23350,0,0,0,0,0,0
AT4G23355,0,0,0,0,0,0
AT4G23360,0,0,0,0,0,0
AT4G23365,0,0,0,0,0,0
AT4G23370,0,0,0,0,0,0
AT4G23373,0,0,0,0,0,0
AT4G23375,0,0,0,0,0,0
AT4G23380,0,0,0,0,0,0
AT4G23387,0,0,0,0,0,0
AT4G23390,0,1,0,0,0,0
AT4G23400,1054,1892,1411,738,653,2617
AT4G23410,162,73,110,154,219,198
AT4G23420,43,64,50,36,98,92
AT4G23430,144,296,224,172,97,239
AT4G23440,101,99,43,135,86,118
AT4G23450,29,67,76,42,31,75
AT4G23460,318,179,153,331,198,256
AT4G23470,2952,1904,2186,3219,2588,3783
AT4G23490,97,76,41,53,51,93
AT4G23493,16,59,38,9,12,23
AT4G23496,0,1,2,0,0,0
AT4G23500,93,76,41,38,67,69
AT4G23510,90,86,59,138,99,157
AT4G23515,33,18,8,89,46,109
AT4G23520,0,0,0,0,0,0
AT4G23530,82,73,86,57,41,79
AT4G23540,131,48,66,79,42,110
AT4G23550,16,87,35,7,2,93
AT4G23560,1,16,3,0,4,5
AT4G23570,206,152,94,178,121,198
AT4G23580,0,0,0,0,0,0
AT4G23590,535,180,221,1006,353,770
AT4G23600,0,1,0,1,0,0
AT4G23610,3,9,3,8,3,1
AT4G23620,368,828,464,457,258,293
AT4G23630,1198,1953,1289,1076,803,1292
AT4G23635,0,0,0,0,0,0
AT4G23640,122,215,124,237,196,306
AT4G23650,1756,1197,909,1688,973,1508
AT4G23660,127,129,90,117,60,110
AT4G23670,7,54,41,0,3,8
AT4G23680,0,4,0,0,5,0
AT4G23690,2678,2886,2811,2514,2807,3881
AT4G23700,15,56,22,16,20,222
AT4G23710,632,1597,865,779,617,801
AT4G23713,0,1,0,0,0,0
AT4G23720,0,0,27,0,0,0
AT4G23730,71,168,97,79,66,148
AT4G23740,198,154,94,208,129,190
AT4G23750,693,417,274,654,445,437
AT4G23760,371,1026,568,339,329,447
AT4G23770,13,8,11,2,4,7
AT4G23780,0,0,0,0,0,0
AT4G23790,220,209,109,183,118,204
AT4G23800,473,890,521,520,329,665
AT4G23810,102,150,104,81,78,101
AT4G23820,137,147,56,166,104,117
AT4G23840,253,169,105,175,158,186
AT4G23850,1168,1321,654,1260,833,1290
AT4G23860,212,215,156,202,144,215
AT4G23870,75,229,203,109,92,339
AT4G23880,11,19,7,4,5,58
AT4G23882,0,0,0,0,0,0
AT4G23885,480,1284,668,529,410,594
AT4G23890,25,39,23,15,13,22
AT4G23895,222,263,141,177,124,201
AT4G23900,94,95,64,45,63,78
AT4G23910,247,499,293,265,146,298
AT4G23915,0,0,0,0,0,0
AT4G23920,17,32,48,46,34,51
AT4G23930,27,154,94,26,29,32
AT4G23940,79,97,47,60,30,79
AT4G23950,9,37,26,55,47,26
AT4G23960,2,0,0,0,0,0
AT4G23970,0,0,0,1,0,0
AT4G23980,78,215,87,147,182,129
AT4G23990,0,0,0,0,0,2
AT4G24000,0,0,0,0,2,2
AT4G24010,4,12,15,2,6,4
AT4G24015,102,216,182,36,43,43
AT4G24020,103,67,58,76,86,156
AT4G24025,0,0,0,0,0,0
AT4G24026,75,206,185,107,102,146
AT4G24030,12,59,45,29,25,33
AT4G24040,19,15,7,58,47,24
AT4G24050,220,180,99,227,211,237
AT4G24060,397,653,323,402,335,402
AT4G24070,0,1,0,0,0,0
AT4G24080,23,48,28,27,39,54
AT4G24090,31,15,17,19,21,25
AT4G24100,125,127,114,189,128,241
AT4G24110,51,35,20,49,43,66
AT4G24120,0,2,0,0,0,1
AT4G24130,13,125,100,23,36,38
AT4G24140,0,1,0,0,0,1
AT4G24150,0,0,0,2,2,2
AT4G24160,446,358,358,556,472,568
AT4G24170,1,0,1,14,0,0
AT4G24175,41,48,49,41,44,53
AT4G24180,98,154,186,96,92,138
AT4G24190,2297,3273,1536,3091,1555,2293
AT4G24200,112,70,41,143,62,125
AT4G24204,0,0,0,0,0,0
AT4G24210,389,497,356,391,277,476
AT4G24220,1648,1245,886,1839,1392,2108
AT4G24230,95,204,198,138,95,225
AT4G24231,0,0,0,0,0,0
AT4G24240,186,227,142,117,108,243
AT4G24250,50,56,24,43,28,30
AT4G24260,0,8,0,1,1,0
AT4G24265,4,1,7,1,0,0
AT4G24270,118,60,61,212,87,103
AT4G24275,628,705,455,885,564,560
AT4G24280,701,437,381,671,500,547
AT4G24290,384,603,325,571,371,523
AT4G24300,0,0,0,2,0,0
AT4G24310,250,501,408,463,286,407
AT4G24320,16,50,17,39,28,29
AT4G24330,729,877,599,982,601,867
AT4G24340,171,110,71,613,249,423
AT4G24350,0,1,5,2,0,1
AT4G24370,176,310,187,164,119,229
AT4G24380,44,46,20,32,20,70
AT4G24390,134,153,77,133,137,190
AT4G24400,342,510,250,383,360,402
AT4G24410,8,8,1,3,1,4
AT4G24413,2,0,1,1,0,1
AT4G24415,16,2,10,23,14,3
AT4G24420,1,12,1,2,0,5
AT4G24430,7,7,0,5,5,10
AT4G24440,378,480,317,285,186,309
AT4G24450,1,13,0,0,0,3
AT4G24460,55,81,53,41,48,42
AT4G24470,390,416,301,382,283,343
AT4G24480,97,37,34,93,54,101
AT4G24490,269,295,169,289,197,239
AT4G24500,205,253,140,172,115,219
AT4G24510,0,0,0,2,0,0
AT4G24520,1453,898,636,1344,1139,1439
AT4G24530,158,188,114,108,74,102
AT4G24540,12,4,5,2,1,0
AT4G24550,420,533,369,582,391,586
AT4G24560,161,139,119,146,196,156
AT4G24565,0,0,0,0,0,0
AT4G24570,723,23,34,58,37,876
AT4G24580,41,20,18,33,18,61
AT4G24590,357,421,290,302,232,370
AT4G24600,3,0,0,0,0,0
AT4G24610,105,85,49,73,78,63
AT4G24615,5,11,10,3,5,5
AT4G24620,508,985,481,797,544,683
AT4G24630,190,171,119,123,108,163
AT4G24640,0,0,0,0,0,0
AT4G24644,0,0,0,0,0,0
AT4G24650,0,0,0,0,0,0
AT4G24660,2,0,0,0,8,0
AT4G24670,26,27,23,24,21,9
AT4G24680,300,202,236,307,236,338
AT4G24690,1117,722,509,1065,879,1374
AT4G24700,1,12,0,0,1,1
AT4G24710,75,169,60,91,53,49
AT4G24715,1,0,0,0,0,0
AT4G24730,80,149,77,99,37,100
AT4G24740,361,365,217,316,172,340
AT4G24750,193,345,216,188,103,155
AT4G24760,372,325,229,389,224,369
AT4G24770,404,329,234,299,295,282
AT4G24780,1461,1132,1226,1159,818,823
AT4G24790,118,121,48,91,42,91
AT4G24800,392,433,182,560,334,579
AT4G24805,356,346,423,277,245,401
AT4G24810,22,38,18,33,5,17
AT4G24820,1329,2527,1515,1464,917,1589
AT4G24830,548,725,407,795,391,590
AT4G24840,418,454,186,461,381,459
AT4G24860,43,8,4,12,2,14
AT4G24880,149,129,95,102,89,143
AT4G24890,1,2,0,0,0,0
AT4G24900,99,98,59,67,105,93
AT4G24910,22,44,24,44,18,28
AT4G24920,892,3234,1734,1216,927,1355
AT4G24930,8,6,4,4,8,1
AT4G24940,234,347,233,298,195,223
AT4G24950,0,1,0,0,0,0
AT4G24960,71,177,107,58,34,154
AT4G24970,2,11,13,30,6,15
AT4G24972,0,6,2,0,0,0
AT4G24973,0,0,0,0,0,0
AT4G24974,0,0,0,0,0,0
AT4G24975,0,0,0,0,0,0
AT4G24980,0,0,0,0,0,0
AT4G24990,463,836,574,466,288,683
AT4G25000,6,1,2,1,0,0
AT4G25010,0,0,1,0,0,0
AT4G25020,1,6,2,5,4,4
AT4G25030,309,652,437,412,281,466
AT4G25040,0,0,0,0,0,0
AT4G25050,309,289,145,133,94,122
AT4G25070,25,50,61,23,16,87
AT4G25080,318,318,225,197,153,185
AT4G25090,30,71,60,47,39,163
AT4G25100,3357,10073,6260,5423,3967,4931
AT4G25110,16,38,35,51,43,62
AT4G25120,92,64,35,76,42,48
AT4G25130,355,398,397,381,230,381
AT4G25140,0,1,0,1,0,0
AT4G25150,25,83,30,11,12,26
AT4G25160,19,13,6,6,12,15
AT4G25170,867,441,410,659,397,650
AT4G25180,108,107,52,71,53,109
AT4G25190,2,11,6,1,9,10
AT4G25200,0,0,0,0,0,0
AT4G25210,618,924,445,689,479,612
AT4G25220,0,22,8,0,3,32
AT4G25225,38,125,65,30,22,62
AT4G25230,266,296,235,367,318,397
AT4G25240,95,86,111,124,87,89
AT4G25250,84,183,145,93,119,82
AT4G25260,242,386,262,440,287,310
AT4G25270,29,26,10,22,12,23
AT4G25280,65,185,88,149,93,110
AT4G25290,36,12,13,18,13,4
AT4G25300,11,29,47,39,8,30
AT4G25310,114,217,120,183,95,143
AT4G25315,143,374,176,151,108,178
AT4G25320,248,191,215,295,234,234
AT4G25330,0,0,0,0,0,0
AT4G25340,652,1116,772,812,574,768
AT4G25350,20,19,16,7,19,36
AT4G25360,230,256,165,310,196,267
AT4G25370,391,622,364,407,352,464
AT4G25380,9,9,13,13,12,22
AT4G25390,89,62,38,84,98,171
AT4G25400,72,216,193,92,87,177
AT4G25410,28,30,35,13,12,21
AT4G25420,0,2,0,0,0,0
AT4G25430,0,0,4,1,0,0
AT4G25433,0,7,2,0,0,1
AT4G25434,109,112,108,59,93,159
AT4G25435,0,0,0,0,0,0
AT4G25440,80,60,50,69,52,66
AT4G25450,95,60,27,106,78,121
AT4G25470,14,3,4,2,2,12
AT4G25480,0,2,0,0,0,0
AT4G25490,9,0,0,0,0,13
AT4G25500,681,525,367,530,394,554
AT4G25510,5,2,1,2,1,3
AT4G25515,80,74,50,69,49,52
AT4G25520,157,107,85,116,83,120
AT4G25530,0,3,0,1,0,1
AT4G25540,10,21,7,29,10,13
AT4G25550,652,711,627,645,491,705
AT4G25560,21,88,78,25,8,107
AT4G25570,2238,3219,2381,2434,1566,2531
AT4G25580,0,0,0,0,1,0
AT4G25585,0,0,0,0,0,0
AT4G25590,0,0,0,0,0,0
AT4G25600,93,92,50,44,45,58
AT4G25610,61,57,46,39,48,65
AT4G25620,52,57,79,68,44,122
AT4G25630,1465,1590,1265,1694,1094,1382
AT4G25631,0,0,0,0,0,0
AT4G25635,0,0,0,0,0,0
AT4G25640,83,108,86,9,8,67
AT4G25650,47,61,77,74,72,89
AT4G25660,327,559,348,266,195,446
AT4G25670,309,899,478,356,360,846
AT4G25680,486,795,412,453,360,557
AT4G25690,284,517,223,406,276,576
AT4G25700,15,24,11,4,4,192
AT4G25707,44,35,16,73,25,40
AT4G25710,333,358,205,295,293,262
AT4G25719,6,10,4,6,5,7
AT4G25720,278,390,293,308,198,266
AT4G25730,597,352,280,628,393,546
AT4G25740,1756,2803,1962,1754,1362,1624
AT4G25750,0,0,0,0,0,0
AT4G25760,52,72,71,60,46,18
AT4G25770,67,75,54,103,68,122
AT4G25780,8,8,0,6,7,5
AT4G25790,3,88,29,1,27,47
AT4G25800,55,56,18,44,28,68
AT4G25810,407,20,29,210,331,375
AT4G25820,1,419,148,3,147,211
AT4G25830,22,50,44,2,2,3
AT4G25835,78,132,80,102,20,57
AT4G25840,310,342,261,285,224,237
AT4G25845,0,2,11,8,7,31
AT4G25850,0,0,0,0,0,0
AT4G25860,0,0,0,0,0,0
AT4G25870,458,614,338,394,406,333
AT4G25880,394,546,372,478,282,510
AT4G25885,6,9,3,18,11,4
AT4G25890,915,1825,1221,793,686,710
AT4G25900,525,832,398,816,306,760
AT4G25910,23,54,32,27,8,13
AT4G25920,1,0,0,0,0,0
AT4G25930,0,0,0,0,0,3
AT4G25940,3,24,16,10,10,50
AT4G25950,0,0,0,0,0,0
AT4G25960,0,4,1,0,0,0
AT4G25970,542,485,264,520,374,634
AT4G25980,8,1,2,7,1,0
AT4G25990,1,4,0,3,0,1
AT4G26000,417,283,169,384,248,251
AT4G26010,17,499,154,21,173,207
AT4G26020,6,10,1,3,14,4
AT4G26030,0,0,0,0,0,0
AT4G26040,0,5,0,0,0,0
AT4G26050,2,1,2,7,9,12
AT4G26055,48,77,72,47,28,50
AT4G26060,106,256,173,104,100,211
AT4G26070,41,72,50,94,70,108
AT4G26080,150,374,215,324,213,929
AT4G26090,69,112,61,52,69,112
AT4G26095,92,78,38,50,68,101
AT4G26100,258,360,158,255,245,318
AT4G26110,2599,3452,1411,2306,1803,2194
AT4G26120,0,0,0,0,0,9
AT4G26130,170,265,212,393,295,446
AT4G26140,80,66,47,60,65,78
AT4G26145,1,1,1,2,1,2
AT4G26150,0,0,0,0,0,0
AT4G26160,121,213,129,93,83,106
AT4G26170,2,2,1,0,3,0
AT4G26180,42,106,68,42,38,51
AT4G26190,1007,1230,695,1047,764,1013
AT4G26200,5,1,1,13,8,20
AT4G26210,321,395,307,403,277,369
AT4G26220,21,92,76,33,42,111
AT4G26225,0,0,0,0,0,0
AT4G26230,2250,4625,2119,2096,1700,2141
AT4G26240,427,1055,538,479,375,552
AT4G26250,0,0,0,0,0,0
AT4G26255,0,0,0,0,0,0
AT4G26260,1,1,2,1,1,0
AT4G26270,45,40,17,68,46,27
AT4G26280,0,0,0,0,0,0
AT4G26288,10,34,57,16,11,26
AT4G26290,1,2,3,0,1,2
AT4G26300,302,442,288,466,289,347
AT4G26310,291,367,273,355,214,287
AT4G26320,1093,1476,1710,587,805,672
AT4G26330,0,1,0,0,0,3
AT4G26340,0,0,0,0,0,0
AT4G26350,0,0,0,0,0,0
AT4G26365,0,0,0,0,0,1
AT4G26370,30,15,20,41,50,40
AT4G26375,0,0,0,0,0,0
AT4G26380,7,1,1,5,7,6
AT4G26385,0,0,0,0,0,0
AT4G26390,0,3,0,1,1,6
AT4G26400,258,391,226,243,197,316
AT4G26410,884,1352,789,795,633,846
AT4G26415,0,1,0,5,1,1
AT4G26420,0,0,0,0,0,0
AT4G26430,163,220,109,164,136,103
AT4G26440,0,0,0,0,0,1
AT4G26450,150,245,123,215,148,208
AT4G26455,112,156,71,186,146,119
AT4G26460,0,0,0,0,0,0
AT4G26466,0,3,0,3,1,0
AT4G26470,63,139,113,129,107,169
AT4G26480,637,448,430,647,563,598
AT4G26483,0,0,0,0,0,0
AT4G26485,0,0,0,0,0,0
AT4G26488,8,26,24,22,2,16
AT4G26490,15,11,17,15,0,14
AT4G26500,69,112,68,75,66,86
AT4G26510,242,392,242,303,257,276
AT4G26520,0,2,1,0,0,5
AT4G26530,0,3,0,0,0,0
AT4G26540,551,622,364,620,620,518
AT4G26542,443,477,363,593,564,416
AT4G26550,226,397,266,265,187,293
AT4G26555,64,75,71,52,53,66
AT4G26560,0,4,1,0,0,1
AT4G26570,846,1333,764,850,753,887
AT4G26580,22,220,87,30,76,62
AT4G26582,71,88,92,79,66,83
AT4G26590,66,80,78,67,62,51
AT4G26600,71,146,69,127,69,100
AT4G26610,431,427,260,403,247,355
AT4G26620,418,506,313,358,201,338
AT4G26630,917,1212,877,1062,759,1279
AT4G26640,102,155,113,177,112,149
AT4G26650,834,887,536,763,761,894
AT4G26660,152,285,118,104,71,140
AT4G26670,469,739,393,579,453,593
AT4G26675,0,0,0,0,0,0
AT4G26680,25,40,29,28,17,48
AT4G26690,297,268,228,309,236,541
AT4G26700,36,64,33,82,72,76
AT4G26701,0,5,1,1,0,0
AT4G26710,2208,3449,2359,1493,1243,1992
AT4G26720,323,295,223,323,260,350
AT4G26730,0,0,0,0,0,0
AT4G26740,0,0,0,0,0,0
AT4G26750,210,211,184,276,187,265
AT4G26760,559,428,276,562,295,555
AT4G26770,12,18,22,19,7,23
AT4G26780,89,269,169,217,109,142
AT4G26790,14,40,8,10,2,8
AT4G26795,16,20,10,18,4,17
AT4G26800,6,12,19,18,12,2
AT4G26810,85,215,134,86,61,99
AT4G26820,0,0,0,0,0,0
AT4G26830,0,1,5,0,0,0
AT4G26840,1676,3813,2027,1340,982,1418
AT4G26850,267,180,116,111,108,123
AT4G26860,114,193,115,96,66,57
AT4G26870,787,592,352,681,488,441
AT4G26880,0,3,13,5,4,74
AT4G26890,55,36,14,52,29,80
AT4G26900,273,274,156,337,227,281
AT4G26910,362,580,326,466,309,545
AT4G26920,0,0,0,2,0,0
AT4G26930,1,2,8,2,1,5
AT4G26940,434,584,294,518,500,513
AT4G26950,0,9,4,0,3,1
AT4G26960,74,102,108,79,55,54
AT4G26965,56,74,69,60,32,46
AT4G26970,549,593,388,488,568,757
AT4G26980,54,118,41,52,24,67
AT4G26990,122,91,56,143,86,85
AT4G27000,1302,984,852,1285,888,1174
AT4G27010,113,100,93,74,57,120
AT4G27020,236,232,135,178,146,270
AT4G27030,31,17,21,18,14,24
AT4G27040,282,404,217,206,208,275
AT4G27050,120,204,100,135,145,130
AT4G27060,158,240,115,148,158,123
AT4G27070,133,76,80,135,55,105
AT4G27080,472,457,361,559,375,478
AT4G27090,12700,27104,13258,10914,8417,10678
AT4G27100,31,117,50,61,43,80
AT4G27110,0,0,1,0,0,0
AT4G27120,334,534,311,327,181,294
AT4G27130,2509,3151,1976,2080,1801,2461
AT4G27140,0,0,0,0,0,0
AT4G27150,0,0,0,0,0,0
AT4G27160,0,0,0,0,0,0
AT4G27170,0,1,0,0,0,3
AT4G27180,187,371,110,250,161,246
AT4G27190,0,0,0,0,0,0
AT4G27220,11,3,0,1,2,0
AT4G27230,522,1392,1125,775,593,1008
AT4G27240,25,37,19,21,16,26
AT4G27250,43,55,8,73,22,55
AT4G27260,165,243,135,149,53,68
AT4G27270,348,847,438,404,338,439
AT4G27280,906,168,107,155,193,1541
AT4G27290,10,18,17,3,15,33
AT4G27300,3,11,1,0,5,11
AT4G27310,98,116,57,52,26,45
AT4G27320,1211,974,989,1304,826,1224
AT4G27330,0,0,0,0,0,0
AT4G27340,41,30,22,39,26,17
AT4G27350,175,205,132,103,107,135
AT4G27360,0,0,0,1,0,0
AT4G27370,30,44,11,9,6,14
AT4G27380,344,466,255,264,224,283
AT4G27390,55,63,49,39,17,19
AT4G27395,0,0,0,0,0,0
AT4G27400,14,19,157,110,25,180
AT4G27410,32,101,73,39,21,330
AT4G27415,0,0,0,0,0,0
AT4G27420,0,0,0,0,0,0
AT4G27430,434,584,274,359,283,326
AT4G27435,301,960,491,182,221,277
AT4G27440,38,8,7,17,4,3
AT4G27450,1955,1858,1132,1615,1036,1864
AT4G27460,47,6,15,50,43,45
AT4G27470,164,181,227,168,171,252
AT4G27480,52,44,42,33,42,70
AT4G27490,349,390,296,282,183,275
AT4G27500,2763,2722,1531,2960,1869,2892
AT4G27510,9,14,9,13,5,5
AT4G27520,17,55,38,38,33,62
AT4G27530,0,2,3,5,0,5
AT4G27540,143,189,152,135,115,197
AT4G27550,0,0,0,0,0,0
AT4G27560,6,3,3,3,4,25
AT4G27565,0,0,0,0,0,0
AT4G27570,0,0,0,0,0,0
AT4G27580,2,0,3,0,0,1
AT4G27585,219,273,301,379,171,288
AT4G27590,19,39,49,10,31,34
AT4G27595,120,184,99,82,93,90
AT4G27600,139,157,134,109,82,172
AT4G27610,165,179,118,151,172,217
AT4G27620,93,101,90,77,63,101
AT4G27630,39,75,53,62,41,39
AT4G27640,497,369,268,465,441,488
AT4G27650,114,175,127,174,126,165
AT4G27652,1587,352,226,306,126,3941
AT4G27654,14,1,0,0,0,206
AT4G27657,10,10,3,0,3,122
AT4G27660,29,63,39,33,12,44
AT4G27670,0,0,0,0,0,0
AT4G27680,275,386,216,248,189,217
AT4G27690,206,321,203,244,122,162
AT4G27700,33,35,20,34,21,34
AT4G27710,28,54,28,25,30,56
AT4G27720,363,432,233,435,247,334
AT4G27730,178,48,50,166,126,134
AT4G27740,66,214,130,49,38,178
AT4G27745,185,495,330,161,137,361
AT4G27750,351,666,361,390,345,455
AT4G27760,688,461,441,592,446,480
AT4G27765,0,0,0,1,1,0
AT4G27780,153,120,94,110,94,133
AT4G27790,13,5,11,6,2,12
AT4G27800,138,164,123,127,105,177
AT4G27810,1,10,0,0,1,0
AT4G27820,0,0,0,0,1,0
AT4G27830,237,135,94,245,208,193
AT4G27840,137,211,106,102,122,137
AT4G27845,4,5,6,57,55,53
AT4G27850,8,10,6,38,31,26
AT4G27852,19,21,12,59,40,48
AT4G27860,203,351,224,401,165,458
AT4G27870,326,288,172,420,314,480
AT4G27875,0,0,0,0,0,0
AT4G27880,381,484,257,327,223,287
AT4G27885,0,0,0,0,0,0
AT4G27890,0,0,0,0,0,0
AT4G27900,164,150,80,124,83,118
AT4G27910,70,82,28,87,68,65
AT4G27920,0,0,0,0,0,0
AT4G27940,130,122,85,88,85,111
AT4G27950,338,349,179,271,194,173
AT4G27960,1254,3240,1916,1225,758,1549
AT4G27970,60,29,7,55,53,62
AT4G27980,1,0,0,0,1,3
AT4G27990,59,63,66,50,47,51
AT4G28000,0,0,0,0,0,0
AT4G28005,0,0,1,0,0,0
AT4G28010,25,31,20,34,27,21
AT4G28020,90,86,74,123,82,87
AT4G28025,189,398,251,210,145,212
AT4G28030,107,116,121,81,47,151
AT4G28040,377,556,478,669,446,1085
AT4G28050,222,372,323,325,193,255
AT4G28060,1127,2930,1673,1070,872,1175
AT4G28068,0,0,0,0,0,0
AT4G28070,93,235,102,133,99,137
AT4G28080,26,48,17,28,28,38
AT4G28085,68,164,139,73,65,167
AT4G28088,0,26,7,0,0,2
AT4G28090,0,0,0,0,0,0
AT4G28100,372,182,244,263,204,213
AT4G28110,0,12,9,0,1,0
AT4G28130,0,0,0,2,0,0
AT4G28140,14,0,0,3,4,16
AT4G28150,91,73,34,35,43,54
AT4G28160,12,4,2,3,1,5
AT4G28162,49,120,41,32,28,34
AT4G28170,41,51,29,77,48,44
AT4G28180,315,137,138,194,169,233
AT4G28190,312,534,193,257,211,191
AT4G28200,328,437,297,526,353,405
AT4G28210,141,156,99,78,69,103
AT4G28220,194,184,119,226,100,259
AT4G28230,65,159,75,51,31,116
AT4G28240,562,1639,900,398,329,624
AT4G28250,148,213,280,97,62,99
AT4G28260,476,513,298,485,388,517
AT4G28270,540,608,560,471,318,578
AT4G28280,78,70,55,22,20,65
AT4G28290,90,98,85,38,35,92
AT4G28300,815,707,669,923,581,838
AT4G28310,122,324,129,186,109,166
AT4G28320,61,42,34,40,47,18
AT4G28330,33,39,17,23,25,20
AT4G28340,0,0,1,0,0,2
AT4G28350,0,2,1,3,1,7
AT4G28360,718,1400,654,770,559,652
AT4G28362,0,0,0,0,0,0
AT4G28365,0,1,0,0,0,0
AT4G28370,146,162,101,116,134,143
AT4G28380,5,13,1,5,4,5
AT4G28390,73,44,29,55,32,81
AT4G28395,0,0,0,0,0,0
AT4G28397,0,0,0,0,0,0
AT4G28400,111,169,89,118,91,148
AT4G28405,1,3,0,3,2,3
AT4G28410,1145,610,549,1303,1190,987
AT4G28420,0,1,0,2,1,1
AT4G28430,25,32,7,28,25,70
AT4G28440,243,580,308,188,152,263
AT4G28450,477,591,317,517,313,373
AT4G28460,0,5,4,0,1,5
AT4G28470,311,294,124,222,171,313
AT4G28480,433,357,260,372,310,344
AT4G28485,0,9,3,0,0,3
AT4G28490,6,12,9,12,14,23
AT4G28500,10,80,47,14,54,21
AT4G28510,280,622,401,398,197,338
AT4G28520,0,0,0,0,0,0
AT4G28530,0,0,1,0,0,0
AT4G28540,425,606,378,494,438,611
AT4G28550,53,91,59,83,53,71
AT4G28556,0,2,0,0,0,0
AT4G28560,3,0,0,0,0,2
AT4G28570,93,95,63,151,108,160
AT4G28580,0,0,0,0,1,1
AT4G28590,32,55,30,38,15,26
AT4G28600,78,134,72,155,120,145
AT4G28610,360,739,400,444,344,381
AT4G28620,0,0,0,6,8,0
AT4G28630,36,112,55,56,50,62
AT4G28640,101,155,92,70,57,77
AT4G28650,114,258,130,242,236,230
AT4G28652,54,116,106,141,132,119
AT4G28660,18,14,14,0,1,8
AT4G28670,0,0,0,0,0,0
AT4G28680,0,0,0,0,0,0
AT4G28690,27,5,4,13,8,25
AT4G28700,0,0,0,0,0,0
AT4G28703,225,429,162,155,121,201
AT4G28706,191,178,129,257,137,192
AT4G28710,59,206,90,156,94,169
AT4G28720,179,180,102,249,140,217
AT4G28730,100,279,115,120,98,133
AT4G28740,26,2,9,0,1,0
AT4G28750,27,42,11,0,0,4
AT4G28755,0,8,2,0,0,0
AT4G28760,128,197,93,191,168,184
AT4G28770,588,1167,905,670,534,691
AT4G28775,0,0,0,0,0,0
AT4G28780,0,0,0,0,0,0
AT4G28790,43,41,33,25,15,57
AT4G28800,0,0,0,0,0,0
AT4G28811,0,0,0,0,0,0
AT4G28815,3,1,0,1,0,0
AT4G28820,233,501,201,217,133,194
AT4G28830,499,575,389,428,267,328
AT4G28840,73,149,84,51,30,64
AT4G28850,0,1,3,0,3,3
AT4G28860,396,426,284,227,275,398
AT4G28870,0,0,0,0,0,0
AT4G28880,764,1137,794,874,646,1235
AT4G28890,34,50,42,46,39,50
AT4G28910,838,744,536,728,616,736
AT4G28915,0,0,0,0,0,0
AT4G28920,0,0,0,0,0,0
AT4G28930,0,5,1,0,4,12
AT4G28940,3,8,8,0,0,0
AT4G28950,21,137,53,18,16,44
AT4G28980,326,217,184,239,261,288
AT4G28990,160,120,120,164,115,126
AT4G29000,50,62,82,87,76,105
AT4G29010,291,418,175,328,220,401
AT4G29020,0,2,0,1,0,0
AT4G29030,0,1,0,0,0,0
AT4G29033,0,0,0,0,0,0
AT4G29035,0,0,0,0,0,0
AT4G29037,0,0,1,0,0,0
AT4G29040,1378,1812,999,1738,902,1462
AT4G29050,0,0,8,1,0,0
AT4G29060,82,80,72,104,71,113
AT4G29070,102,185,70,97,65,80
AT4G29080,8,24,30,10,5,7
AT4G29090,0,0,0,0,0,0
AT4G29100,367,347,299,307,254,283
AT4G29103,0,1,0,0,0,0
AT4G29110,6,17,15,0,5,11
AT4G29120,286,421,295,293,193,274
AT4G29130,569,1069,521,853,522,672
AT4G29140,108,205,163,112,147,111
AT4G29150,5,6,2,2,8,0
AT4G29160,595,1044,587,641,405,638
AT4G29170,101,83,52,74,63,75
AT4G29180,1,13,29,16,9,21
AT4G29190,28,104,50,39,38,110
AT4G29200,0,0,0,0,0,0
AT4G29210,336,491,188,431,236,410
AT4G29220,108,213,113,98,44,139
AT4G29230,60,55,15,54,45,47
AT4G29240,0,10,12,8,5,2
AT4G29250,13,21,7,7,8,7
AT4G29260,508,989,548,460,331,432
AT4G29270,604,923,464,854,531,792
AT4G29273,0,0,0,0,0,0
AT4G29280,0,0,0,0,0,0
AT4G29283,0,0,0,0,0,0
AT4G29285,0,0,0,0,0,0
AT4G29290,0,0,0,0,0,0
AT4G29300,0,0,0,0,0,0
AT4G29305,0,0,0,0,0,0
AT4G29310,146,98,43,130,109,154
AT4G29330,362,492,456,555,334,592
AT4G29340,30,25,30,8,9,44
AT4G29350,3952,7034,4861,3716,2869,4768
AT4G29360,225,187,79,197,62,101
AT4G29370,0,2,0,0,5,8
AT4G29380,1486,4139,2136,1363,1170,1454
AT4G29390,5216,13222,7139,4251,3654,4703
AT4G29400,3,13,5,33,7,14
AT4G29410,4131,5618,4284,3507,2646,3384
AT4G29415,0,0,0,0,0,0
AT4G29420,38,31,9,27,24,33
AT4G29430,452,1252,531,439,313,434
AT4G29440,29,33,19,38,57,92
AT4G29450,3,0,0,5,0,18
AT4G29460,0,0,0,0,0,3
AT4G29470,0,0,1,4,0,2
AT4G29480,1900,4195,2435,1907,1461,2010
AT4G29490,362,278,177,311,176,338
AT4G29510,604,713,438,761,416,534
AT4G29520,176,497,255,325,193,286
AT4G29530,139,195,115,110,89,111
AT4G29540,62,61,44,60,37,71
AT4G29548,0,1,0,0,0,0
AT4G29550,4,19,16,4,5,3
AT4G29560,73,86,29,34,39,38
AT4G29570,0,0,0,0,0,0
AT4G29580,0,3,3,3,0,2
AT4G29590,41,77,72,72,63,48
AT4G29600,0,0,0,0,0,0
AT4G29610,16,16,19,53,40,22
AT4G29620,0,0,0,0,0,0
AT4G29630,0,0,0,0,0,0
AT4G29640,0,0,0,0,0,3
AT4G29650,0,0,0,0,0,0
AT4G29654,0,0,0,0,0,0
AT4G29658,0,4,0,3,0,3
AT4G29660,235,328,225,259,207,271
AT4G29670,113,170,93,138,123,178
AT4G29680,339,450,222,421,274,296
AT4G29690,146,527,412,190,76,249
AT4G29700,78,107,74,20,21,63
AT4G29710,0,4,0,0,0,0
AT4G29720,178,102,80,169,195,166
AT4G29730,37,93,52,62,41,60
AT4G29735,1617,4278,2098,1331,1186,1603
AT4G29740,0,17,4,3,3,7
AT4G29750,37,61,42,55,68,48
AT4G29760,0,0,0,0,0,0
AT4G29770,0,4,2,0,0,0
AT4G29780,85,57,42,37,29,400
AT4G29790,171,176,98,173,98,178
AT4G29800,0,49,17,6,3,6
AT4G29810,402,496,445,606,426,533
AT4G29820,92,244,128,111,91,137
AT4G29830,429,511,294,435,279,373
AT4G29840,906,491,395,1042,632,743
AT4G29850,25,105,61,40,25,44
AT4G29860,92,108,99,70,68,72
AT4G29870,911,1180,885,903,692,815
AT4G29880,24,17,1,21,13,16
AT4G29890,105,114,44,94,78,108
AT4G29900,261,206,153,277,196,375
AT4G29905,1160,2654,2512,541,451,1441
AT4G29910,86,153,58,136,70,114
AT4G29920,23,39,5,29,30,12
AT4G29930,6,13,0,2,3,20
AT4G29940,193,134,96,162,115,186
AT4G29950,201,226,145,176,94,435
AT4G29960,434,652,336,383,290,498
AT4G29970,0,0,0,0,0,0
AT4G29980,1,3,0,3,0,0
AT4G29990,16,22,10,18,11,24
AT4G30000,23,80,44,61,69,40
AT4G30010,2656,7118,3420,2511,2036,2799
AT4G30020,114,118,78,170,175,107
AT4G30030,0,0,0,0,0,0
AT4G30040,0,0,0,0,0,0
AT4G30050,0,0,0,0,0,0
AT4G30060,69,172,85,108,71,108
AT4G30064,3,5,3,2,3,1
AT4G30067,0,0,2,0,0,0
AT4G30070,0,0,0,0,0,0
AT4G30074,0,0,0,0,0,0
AT4G30080,88,105,52,180,139,78
AT4G30090,28,50,39,69,19,42
AT4G30097,0,0,1,1,0,0
AT4G30100,138,114,120,110,104,128
AT4G30110,40,6,9,44,95,48
AT4G30120,0,11,7,1,0,13
AT4G30130,66,185,67,38,59,79
AT4G30140,22,71,44,102,46,204
AT4G30150,105,69,61,100,67,107
AT4G30160,232,325,220,303,292,369
AT4G30170,4990,5691,4308,9760,5507,8422
AT4G30180,8,64,17,5,0,4
AT4G30190,2287,6763,3526,2310,1728,3755
AT4G30200,328,582,269,331,291,390
AT4G30210,337,285,194,265,184,259
AT4G30220,940,3329,1849,1078,893,1156
AT4G30230,0,0,2,0,0,0
AT4G30240,107,206,113,148,98,216
AT4G30250,0,0,0,0,0,0
AT4G30260,617,576,485,629,406,592
AT4G30270,86,41,33,189,55,209
AT4G30280,117,161,195,206,225,556
AT4G30290,86,290,173,95,113,287
AT4G30300,0,0,0,0,0,0
AT4G30310,309,197,198,280,192,215
AT4G30320,5,125,33,6,51,67
AT4G30330,253,594,394,270,204,263
AT4G30340,90,178,87,84,63,89
AT4G30350,159,132,101,101,152,135
AT4G30360,125,156,105,107,96,144
AT4G30370,81,57,49,76,69,150
AT4G30380,0,0,0,0,0,2
AT4G30390,136,167,163,75,88,128
AT4G30400,167,143,63,146,100,93
AT4G30410,242,317,246,249,189,291
AT4G30420,211,257,160,440,246,249
AT4G30430,25,46,23,37,28,38
AT4G30440,1081,815,485,995,754,1638
AT4G30450,1923,2799,1878,1132,2144,2988
AT4G30460,719,801,507,182,447,884
AT4G30470,44,69,25,38,30,34
AT4G30480,442,813,416,410,322,401
AT4G30490,19,124,58,91,84,128
AT4G30500,224,512,247,282,131,217
AT4G30510,80,202,121,121,55,95
AT4G30520,101,196,91,100,50,130
AT4G30530,674,1332,797,762,549,845
AT4G30540,0,1,0,0,0,0
AT4G30550,786,834,510,736,478,630
AT4G30560,105,87,51,76,38,81
AT4G30570,1,13,23,10,6,11
AT4G30580,322,400,194,211,218,292
AT4G30590,0,0,0,0,0,0
AT4G30600,746,1190,593,854,663,945
AT4G30610,45,89,79,109,58,63
AT4G30620,177,307,158,203,132,194
AT4G30630,156,142,100,61,50,103
AT4G30640,14,38,35,20,51,105
AT4G30650,280,1052,360,325,294,310
AT4G30660,749,2036,807,749,557,861
AT4G30662,109,335,114,121,101,145
AT4G30670,458,1152,777,521,564,1241
AT4G30680,54,49,39,44,59,39
AT4G30690,168,255,118,142,145,205
AT4G30700,30,19,33,31,31,11
AT4G30710,150,61,46,138,128,103
AT4G30720,96,117,62,90,99,78
AT4G30730,0,0,0,0,0,0
AT4G30740,0,1,0,2,0,0
AT4G30750,424,468,409,468,323,524
AT4G30760,830,1243,704,628,466,685
AT4G30770,0,0,0,0,0,0
AT4G30780,108,148,118,159,144,189
AT4G30790,135,157,130,140,130,234
AT4G30800,312,688,465,407,298,374
AT4G30810,335,381,196,356,220,273
AT4G30820,156,280,136,160,109,214
AT4G30825,37,33,15,12,18,35
AT4G30830,0,1,1,1,0,4
AT4G30840,155,236,118,168,122,180
AT4G30845,23,51,18,13,11,11
AT4G30850,368,451,280,352,301,491
AT4G30860,141,123,69,191,102,92
AT4G30870,46,31,29,43,20,53
AT4G30872,0,0,0,0,0,0
AT4G30880,0,0,0,2,0,0
AT4G30890,531,654,336,631,488,399
AT4G30900,196,113,82,181,163,235
AT4G30910,99,111,27,100,85,97
AT4G30920,831,431,317,712,464,468
AT4G30930,494,853,457,546,453,460
AT4G30935,162,136,58,96,94,124
AT4G30940,122,73,40,113,60,29
AT4G30950,866,578,377,673,653,566
AT4G30960,1922,2038,1065,2045,2419,2824
AT4G30970,0,0,1,0,0,0
AT4G30972,0,1,0,0,0,1
AT4G30975,60,139,71,49,53,55
AT4G30980,196,108,125,196,140,122
AT4G30990,267,239,124,231,182,302
AT4G30993,407,442,333,237,212,299
AT4G30996,331,649,357,268,177,290
AT4G31000,129,63,35,134,217,129
AT4G31010,121,123,103,131,77,81
AT4G31020,175,104,78,109,111,70
AT4G31030,2,8,0,5,2,4
AT4G31040,308,334,150,303,261,254
AT4G31050,46,63,35,32,22,30
AT4G31060,30,17,16,20,26,19
AT4G31070,14,10,18,12,2,9
AT4G31073,0,5,1,2,5,0
AT4G31075,0,0,0,0,0,0
AT4G31080,351,442,308,474,341,342
AT4G31100,276,210,104,237,270,251
AT4G31110,204,207,136,295,237,338
AT4G31115,90,140,109,77,44,80
AT4G31120,615,597,321,560,384,421
AT4G31130,440,995,543,503,390,562
AT4G31140,62,143,108,77,54,65
AT4G31150,217,201,141,151,119,121
AT4G31160,156,129,50,138,125,114
AT4G31170,356,450,277,511,337,598
AT4G31180,1522,1350,777,1424,1260,1201
AT4G31196,0,0,0,0,0,0
AT4G31200,146,83,102,164,126,138
AT4G31210,59,78,61,86,56,71
AT4G31230,2,29,8,9,5,20
AT4G31240,28,38,23,30,21,34
AT4G31248,70,50,26,63,49,51
AT4G31250,89,91,31,61,39,74
AT4G31260,0,1,0,1,0,0
AT4G31265,0,0,0,0,0,0
AT4G31270,81,39,51,22,36,45
AT4G31280,0,0,0,0,0,0
AT4G31290,3150,2207,780,2585,2082,2254
AT4G31300,987,2284,1475,1288,876,1086
AT4G31310,523,774,355,359,257,366
AT4G31320,98,397,210,172,99,128
AT4G31330,64,0,2,25,102,65
AT4G31340,2401,3931,2199,2491,1757,2612
AT4G31350,163,242,167,127,169,204
AT4G31351,5,2,0,2,2,3
AT4G31354,3,0,1,2,2,11
AT4G31355,3,0,2,0,1,4
AT4G31360,188,313,255,192,137,152
AT4G31370,46,0,5,39,79,29
AT4G31380,4,0,1,29,12,42
AT4G31390,26,47,44,35,41,34
AT4G31398,28,53,24,26,12,18
AT4G31400,51,142,52,64,54,22
AT4G31405,0,6,0,2,2,6
AT4G31408,3,17,5,4,9,8
AT4G31410,237,258,155,196,197,253
AT4G31420,333,373,240,321,225,333
AT4G31430,421,335,193,420,264,454
AT4G31440,36,28,14,35,16,25
AT4G31441,1,1,0,0,0,0
AT4G31450,259,295,159,244,211,313
AT4G31460,659,711,428,599,414,477
AT4G31470,238,608,471,243,148,254
AT4G31480,1049,1083,600,923,733,1008
AT4G31490,466,598,250,616,439,459
AT4G31500,756,708,674,1664,834,1879
AT4G31510,160,293,243,136,83,205
AT4G31520,1,3,0,2,2,0
AT4G31530,264,180,109,151,139,238
AT4G31540,144,89,47,76,65,86
AT4G31550,321,371,250,309,248,445
AT4G31560,95,142,97,55,66,102
AT4G31570,225,298,134,163,131,235
AT4G31580,724,579,529,632,412,575
AT4G31590,351,386,218,342,347,317
AT4G31600,201,389,311,357,219,211
AT4G31610,0,0,0,0,0,0
AT4G31615,9,1,0,2,1,8
AT4G31620,0,0,0,0,0,0
AT4G31630,0,0,0,0,0,0
AT4G31640,0,0,0,0,0,0
AT4G31650,3,13,3,4,5,0
AT4G31660,0,0,0,0,0,0
AT4G31670,104,124,111,118,77,123
AT4G31680,0,0,1,0,0,0
AT4G31685,0,0,0,0,0,0
AT4G31690,0,0,0,0,0,0
AT4G31695,0,0,0,0,0,0
AT4G31700,5010,9912,5296,6808,4459,5657
AT4G31710,0,0,1,5,0,2
AT4G31715,0,1,0,0,0,0
AT4G31720,1176,1509,986,906,768,994
AT4G31730,156,555,398,61,47,85
AT4G31740,1,0,0,0,0,0
AT4G31750,145,255,107,136,62,198
AT4G31760,0,0,1,0,0,0
AT4G31770,82,93,86,93,56,104
AT4G31780,98,90,85,125,63,90
AT4G31790,399,454,273,403,275,375
AT4G31800,57,35,32,48,57,134
AT4G31805,0,0,0,5,0,1
AT4G31810,522,825,404,633,373,556
AT4G31820,152,191,104,107,115,105
AT4G31830,7,6,6,1,0,3
AT4G31840,991,2612,1479,1039,761,1302
AT4G31850,6,14,16,6,4,19
AT4G31860,365,442,264,399,385,438
AT4G31870,33,187,216,28,35,347
AT4G31875,32,225,193,33,51,359
AT4G31877,0,0,0,0,1,0
AT4G31880,665,745,406,641,437,617
AT4G31890,281,310,163,267,227,213
AT4G31895,0,0,0,0,0,0
AT4G31900,0,0,0,0,0,0
AT4G31910,514,1438,991,460,385,175
AT4G31920,213,462,265,202,197,178
AT4G31930,125,256,120,123,86,102
AT4G31940,0,0,7,0,0,7
AT4G31950,0,0,0,0,0,0
AT4G31960,0,8,1,0,0,0
AT4G31970,0,0,0,0,0,0
AT4G31980,112,56,69,58,54,126
AT4G31985,5776,15611,7968,4528,4210,5132
AT4G31990,723,991,563,772,528,733
AT4G32000,24,25,29,10,16,6
AT4G32010,142,110,77,146,84,119
AT4G32020,984,970,681,749,893,1941
AT4G32030,98,136,104,67,42,59
AT4G32040,141,152,120,149,120,215
AT4G32050,104,110,48,109,53,68
AT4G32060,804,837,548,793,599,1004
AT4G32070,324,374,262,404,389,479
AT4G32080,0,0,3,0,0,0
AT4G32090,0,0,0,0,0,0
AT4G32100,0,0,0,0,0,0
AT4G32105,0,0,0,0,0,0
AT4G32110,0,1,0,1,0,0
AT4G32120,101,228,95,113,71,76
AT4G32130,1031,1770,940,1038,695,1102
AT4G32140,223,285,266,327,232,320
AT4G32150,1514,1921,1477,1402,1075,2201
AT4G32160,229,233,78,141,117,296
AT4G32170,0,0,0,0,0,0
AT4G32175,109,199,83,80,63,84
AT4G32180,175,172,104,180,116,218
AT4G32190,57,46,35,50,26,42
AT4G32200,80,46,49,96,44,86
AT4G32208,20,84,63,27,27,39
AT4G32210,1664,2201,1713,1927,1414,1922
AT4G32230,0,0,0,0,0,0
AT4G32240,660,1134,651,481,467,666
AT4G32250,187,128,50,139,96,112
AT4G32260,311,540,343,193,171,217
AT4G32265,0,0,0,0,0,0
AT4G32270,158,231,201,82,101,152
AT4G32272,81,149,95,91,72,116
AT4G32280,3,19,21,21,24,1
AT4G32285,453,260,217,515,350,523
AT4G32290,141,119,152,41,68,54
AT4G32295,34,40,38,28,37,38
AT4G32300,8,23,31,14,45,43
AT4G32320,54,73,48,51,40,68
AT4G32330,820,957,599,948,647,785
AT4G32340,0,12,5,1,2,4
AT4G32342,0,1,0,0,0,0
AT4G32350,118,135,57,69,44,71
AT4G32360,40,101,31,45,76,72
AT4G32370,0,0,0,0,0,0
AT4G32375,0,0,0,0,0,0
AT4G32380,0,0,0,0,0,0
AT4G32390,649,635,527,927,642,759
AT4G32400,465,410,297,355,297,366
AT4G32410,671,581,489,761,715,723
AT4G32420,335,261,190,250,210,264
AT4G32430,21,7,4,13,7,6
AT4G32440,79,59,72,95,70,100
AT4G32445,0,2,0,0,0,1
AT4G32450,33,43,39,48,35,62
AT4G32460,803,986,612,932,662,807
AT4G32470,3647,7294,4752,3227,2401,3457
AT4G32475,0,0,0,0,0,0
AT4G32480,150,187,219,207,128,474
AT4G32490,0,0,0,0,0,0
AT4G32500,0,0,1,0,11,0
AT4G32510,0,0,0,0,0,0
AT4G32520,428,490,331,560,278,344
AT4G32530,1068,1650,1039,1511,967,1447
AT4G32535,2,1,0,1,0,1
AT4G32540,0,0,0,0,0,0
AT4G32551,229,318,224,436,274,370
AT4G32560,112,226,102,188,120,225
AT4G32570,259,184,104,267,170,186
AT4G32580,0,0,3,0,3,1
AT4G32590,125,271,132,99,73,128
AT4G32600,137,150,97,126,110,211
AT4G32605,355,461,453,418,286,395
AT4G32610,620,992,527,709,583,632
AT4G32620,168,210,99,205,170,248
AT4G32630,0,0,1,0,0,0
AT4G32640,194,221,127,223,235,345
AT4G32650,38,118,117,115,97,304
AT4G32660,319,207,170,374,203,343
AT4G32670,66,34,21,55,27,24
AT4G32680,348,519,302,275,198,265
AT4G32690,86,173,116,135,69,90
AT4G32700,33,71,47,52,44,60
AT4G32710,68,71,48,63,59,58
AT4G32714,0,0,0,0,0,0
AT4G32717,0,0,0,0,0,0
AT4G32720,669,1041,493,726,567,646
AT4G32730,75,59,57,120,76,110
AT4G32750,79,125,64,73,42,93
AT4G32760,500,419,402,541,336,501
AT4G32765,0,0,0,0,0,0
AT4G32770,31,10,6,1,5,9
AT4G32780,40,44,37,43,39,27
AT4G32790,63,95,35,58,42,55
AT4G32800,11,22,4,3,2,2
AT4G32810,0,1,12,1,0,0
AT4G32820,76,113,41,45,41,104
AT4G32830,222,647,338,241,155,358
AT4G32840,202,161,96,149,95,148
AT4G32850,318,383,290,308,279,469
AT4G32860,190,259,245,176,153,158
AT4G32870,181,514,262,163,173,406
AT4G32880,195,214,131,227,194,160
AT4G32890,309,258,239,509,324,384
AT4G32900,88,135,104,78,51,85
AT4G32910,625,282,223,503,416,476
AT4G32915,221,457,259,217,157,237
AT4G32920,84,97,49,74,83,89
AT4G32930,450,1262,581,377,224,411
AT4G32940,390,455,319,319,285,474
AT4G32950,2,0,2,0,0,0
AT4G32960,295,350,218,295,199,228
AT4G32970,111,58,45,80,80,73
AT4G32980,0,0,0,0,0,0
AT4G32990,0,0,0,0,0,0
AT4G33000,31,62,45,27,24,28
AT4G33010,82,239,134,67,100,112
AT4G33020,3,7,1,0,10,17
AT4G33030,209,209,85,184,168,135
AT4G33040,5,47,25,10,6,22
AT4G33050,6,37,23,15,14,79
AT4G33060,305,428,221,357,209,282
AT4G33070,98,60,29,182,105,167
AT4G33080,458,443,349,531,534,459
AT4G33090,424,401,232,458,308,543
AT4G33100,221,474,228,211,155,256
AT4G33110,344,316,179,447,257,416
AT4G33120,1297,1554,758,2274,1342,2229
AT4G33130,285,431,230,229,250,262
AT4G33140,195,197,187,220,167,176
AT4G33145,49,189,101,68,34,58
AT4G33150,239,343,249,340,280,765
AT4G33160,89,34,54,95,93,156
AT4G33170,29,26,26,17,25,5
AT4G33180,22,21,41,21,13,29
AT4G33200,118,167,111,126,96,197
AT4G33210,153,177,99,188,121,152
AT4G33220,0,8,8,14,5,4
AT4G33230,0,0,1,0,0,0
AT4G33240,228,207,122,115,113,236
AT4G33250,2329,3219,1782,2199,1557,1937
AT4G33260,185,344,333,242,209,354
AT4G33270,360,477,414,280,343,568
AT4G33280,0,0,0,0,0,0
AT4G33290,0,3,0,2,1,1
AT4G33300,380,364,265,440,364,533
AT4G33310,0,6,4,4,6,19
AT4G33320,0,0,0,0,0,1
AT4G33330,16,53,25,43,29,34
AT4G33350,114,133,132,117,83,154
AT4G33355,12,21,13,3,13,9
AT4G33360,744,1037,628,1048,646,794
AT4G33370,0,0,0,0,0,0
AT4G33380,507,742,420,617,593,530
AT4G33390,2,3,1,5,0,0
AT4G33400,241,291,114,272,165,304
AT4G33410,387,503,318,483,303,363
AT4G33420,387,691,512,363,329,1167
AT4G33430,245,230,162,372,332,534
AT4G33440,141,112,69,101,103,85
AT4G33450,0,1,0,0,0,7
AT4G33460,78,173,41,63,54,91
AT4G33465,1,3,0,3,5,51
AT4G33467,1,11,5,13,2,208
AT4G33470,17,44,10,15,21,26
AT4G33480,154,117,114,169,120,141
AT4G33490,48,57,31,31,57,39
AT4G33495,71,80,52,80,70,107
AT4G33500,48,43,25,56,22,50
AT4G33510,164,157,93,309,149,264
AT4G33520,209,261,158,197,123,265
AT4G33530,184,228,101,170,258,159
AT4G33540,587,471,293,432,341,469
AT4G33550,226,519,162,47,70,511
AT4G33560,12,8,12,1,12,28
AT4G33565,115,319,184,99,84,263
AT4G33580,1015,1776,932,1110,809,866
AT4G33585,5,5,1,3,1,2
AT4G33590,3,10,15,21,21,13
AT4G33600,0,0,0,2,0,0
AT4G33610,0,20,67,0,0,6
AT4G33620,86,108,31,110,56,92
AT4G33625,285,361,289,274,186,345
AT4G33630,129,113,49,99,57,145
AT4G33640,949,1829,1292,691,604,981
AT4G33650,123,83,49,182,130,156
AT4G33660,11,23,8,3,5,9
AT4G33666,21,252,110,5,6,92
AT4G33670,260,229,149,265,162,244
AT4G33680,518,886,457,599,391,504
AT4G33690,152,236,111,146,105,197
AT4G33700,135,286,120,242,143,231
AT4G33710,0,0,0,0,0,0
AT4G33720,0,0,1,0,0,0
AT4G33730,10,79,23,5,29,41
AT4G33735,0,0,0,0,0,0
AT4G33740,350,921,421,368,254,538
AT4G33760,54,68,70,98,72,84
AT4G33770,121,169,118,40,48,40
AT4G33780,636,1492,762,615,451,577
AT4G33790,17,27,21,10,14,22
AT4G33800,130,225,86,125,88,109
AT4G33810,0,10,21,3,9,16
AT4G33820,0,0,0,0,0,0
AT4G33830,0,0,0,0,0,0
AT4G33840,0,0,0,0,0,0
AT4G33860,0,0,0,0,0,0
AT4G33865,3552,10832,5230,2835,2484,3402
AT4G33870,0,0,1,0,0,0
AT4G33880,24,148,103,17,35,25
AT4G33885,0,4,0,0,0,0
AT4G33890,260,457,184,331,276,359
AT4G33900,0,0,2,0,1,0
AT4G33905,23,17,28,17,9,11
AT4G33910,579,604,349,541,325,474
AT4G33920,143,88,81,107,85,211
AT4G33925,27,24,14,11,11,12
AT4G33930,7,0,3,3,1,0
AT4G33940,158,198,137,177,131,285
AT4G33945,423,661,254,443,350,413
AT4G33950,24,53,30,50,45,51
AT4G33960,167,510,290,154,155,194
AT4G33970,1,6,1,3,6,2
AT4G33980,29,70,32,71,60,259
AT4G33985,49,76,45,61,49,162
AT4G33990,3,42,28,21,21,31
AT4G34000,364,293,150,315,222,421
AT4G34020,82,84,65,58,84,68
AT4G34030,346,224,200,358,219,472
AT4G34035,0,0,0,0,0,0
AT4G34040,137,176,89,107,88,141
AT4G34050,4956,6165,3882,5251,4389,6434
AT4G34060,0,0,0,2,2,0
AT4G34070,440,598,377,381,399,464
AT4G34071,3,3,0,2,0,1
AT4G34080,0,0,0,5,1,0
AT4G34090,39,69,44,22,32,39
AT4G34100,236,192,138,243,262,361
AT4G34110,3371,2874,2182,2731,2436,3170
AT4G34120,105,214,134,118,75,127
AT4G34131,365,288,190,326,367,453
AT4G34135,667,434,368,771,610,734
AT4G34138,256,140,126,242,164,314
AT4G34139,38,19,9,36,22,40
AT4G34140,88,153,66,127,86,130
AT4G34150,292,271,327,309,234,443
AT4G34160,86,132,69,137,43,92
AT4G34170,0,0,0,0,0,0
AT4G34180,880,1063,860,726,610,1619
AT4G34190,116,149,58,54,23,80
AT4G34200,2025,1168,999,1990,1371,1683
AT4G34210,0,0,0,2,0,5
AT4G34215,364,517,283,323,206,295
AT4G34220,43,56,44,61,47,74
AT4G34230,163,528,264,181,193,324
AT4G34240,80,148,58,147,93,104
AT4G34250,0,0,0,0,0,0
AT4G34260,457,371,291,492,363,379
AT4G34265,1107,1126,1165,894,685,859
AT4G34270,447,657,450,529,347,573
AT4G34280,85,86,61,72,37,113
AT4G34290,85,188,166,118,81,80
AT4G34300,0,0,0,0,0,0
AT4G34310,102,81,61,86,60,94
AT4G34320,0,1,10,16,9,8
AT4G34330,6,2,2,9,1,5
AT4G34332,13,8,4,6,1,5
AT4G34340,99,189,118,129,103,97
AT4G34345,30,41,19,35,20,21
AT4G34350,786,967,714,543,423,695
AT4G34360,195,254,113,192,99,156
AT4G34370,208,229,115,167,170,156
AT4G34380,0,0,0,0,0,1
AT4G34390,65,65,48,89,60,105
AT4G34400,0,2,0,0,0,2
AT4G34410,110,105,60,61,35,417
AT4G34412,368,646,448,344,260,383
AT4G34415,0,0,0,0,0,0
AT4G34419,14,143,45,76,67,117
AT4G34420,55,34,25,34,25,26
AT4G34430,260,171,147,226,158,198
AT4G34440,0,0,0,0,0,0
AT4G34450,1662,1268,682,1535,1067,1308
AT4G34460,501,602,393,539,361,628
AT4G34470,1,1,0,1,0,1
AT4G34480,31,50,29,49,49,99
AT4G34490,1100,1009,861,1316,930,1097
AT4G34500,101,111,59,111,57,110
AT4G34510,0,9,3,5,10,9
AT4G34520,0,0,0,0,0,0
AT4G34530,0,0,0,0,0,0
AT4G34540,205,334,158,225,181,230
AT4G34550,8,0,0,8,0,1
AT4G34555,820,1303,1080,798,656,786
AT4G34560,99,181,233,126,136,91
AT4G34570,235,228,190,233,244,214
AT4G34580,17,45,2,17,30,41
AT4G34590,82,119,85,29,41,19
AT4G34600,2826,4882,3222,1988,1956,2604
AT4G34610,24,98,54,19,28,33
AT4G34620,480,829,473,455,370,519
AT4G34630,100,233,167,147,99,139
AT4G34640,1503,2096,1003,1622,1104,1490
AT4G34650,0,4,0,1,2,0
AT4G34660,310,452,270,302,237,282
AT4G34670,6607,10893,4966,6180,4457,5914
AT4G34680,45,212,172,40,35,60
AT4G34690,0,1,4,0,2,0
AT4G34695,0,0,0,0,0,0
AT4G34700,3699,4458,3610,3099,2390,3132
AT4G34710,230,338,153,397,319,674
AT4G34720,1343,3651,2011,1506,1086,1505
AT4G34730,99,107,93,47,39,64
AT4G34740,56,88,50,51,55,64
AT4G34750,69,372,232,82,66,75
AT4G34760,69,462,182,51,65,41
AT4G34770,0,1,0,0,0,0
AT4G34780,0,0,0,1,0,0
AT4G34790,0,3,0,1,0,0
AT4G34800,57,216,77,59,44,76
AT4G34810,94,157,90,66,76,72
AT4G34830,19,4,0,2,1,15
AT4G34840,193,284,205,160,96,192
AT4G34850,5,8,3,4,2,3
AT4G34860,373,388,182,268,204,232
AT4G34870,3926,15053,7706,4435,3030,4375
AT4G34880,18,52,15,56,29,43
AT4G34881,2246,4659,3481,1333,1592,3437
AT4G34890,200,225,112,205,207,321
AT4G34900,0,0,0,0,0,0
AT4G34910,219,268,147,256,157,198
AT4G34920,183,367,281,140,151,195
AT4G34930,13,22,15,1,12,17
AT4G34940,0,0,0,0,0,0
AT4G34950,24,20,16,43,85,28
AT4G34960,325,459,311,293,211,316
AT4G34970,816,575,442,1155,722,1083
AT4G34975,0,0,0,0,0,0
AT4G34980,168,147,141,183,112,132
AT4G34990,63,82,64,50,19,88
AT4G35000,553,458,380,606,326,608
AT4G35010,0,0,0,0,0,0
AT4G35020,449,653,380,344,215,346
AT4G35025,0,0,0,0,0,0
AT4G35030,81,122,109,129,29,103
AT4G35040,220,408,235,269,198,326
AT4G35050,186,193,169,306,182,273
AT4G35060,190,465,373,104,49,295
AT4G35070,5,18,8,4,4,7
AT4G35080,672,848,691,799,632,757
AT4G35090,1722,1394,1129,2272,1362,1588
AT4G35100,12350,13262,10884,11609,7780,12891
AT4G35110,62,43,34,111,75,102
AT4G35120,0,0,0,0,0,0
AT4G35130,25,19,15,29,27,15
AT4G35140,140,113,67,96,77,108
AT4G35150,0,0,0,0,0,0
AT4G35160,0,1,6,1,0,0
AT4G35165,0,0,0,0,0,0
AT4G35170,0,0,0,0,0,0
AT4G35180,0,0,0,5,7,0
AT4G35190,10,32,15,11,7,51
AT4G35200,46,148,45,92,99,27
AT4G35210,0,4,3,9,5,0
AT4G35220,450,713,392,405,242,436
AT4G35230,340,267,184,328,262,320
AT4G35240,133,127,65,87,90,79
AT4G35250,67,59,91,29,12,43
AT4G35260,481,684,498,651,337,541
AT4G35270,105,115,46,86,57,100
AT4G35280,0,0,0,0,0,0
AT4G35290,13,9,1,0,3,5
AT4G35295,0,0,0,0,0,0
AT4G35300,334,223,130,232,319,204
AT4G35310,512,497,329,617,421,672
AT4G35320,89,79,109,116,72,105
AT4G35335,249,302,179,351,194,257
AT4G35350,320,614,402,642,786,566
AT4G35360,196,486,213,246,166,273
AT4G35370,0,0,0,0,0,0
AT4G35375,0,0,0,0,0,0
AT4G35380,15,48,32,18,18,68
AT4G35390,407,182,162,183,140,166
AT4G35410,316,614,352,276,242,305
AT4G35420,1,9,3,3,5,3
AT4G35430,0,7,2,1,0,0
AT4G35440,14,8,10,12,9,5
AT4G35450,857,1270,595,1005,485,837
AT4G35460,184,362,215,180,151,205
AT4G35470,220,211,199,280,247,307
AT4G35480,10,34,56,68,40,90
AT4G35485,1,2,0,0,1,0
AT4G35490,881,1518,1037,901,684,988
AT4G35500,93,127,57,122,79,122
AT4G35510,58,115,84,51,78,111
AT4G35519,0,0,0,0,0,0
AT4G35520,6,7,1,4,2,8
AT4G35530,134,198,131,141,81,153
AT4G35540,63,37,16,32,16,44
AT4G35550,135,162,127,96,86,173
AT4G35560,62,110,74,68,59,75
AT4G35570,973,2471,1282,1131,775,1003
AT4G35580,381,192,156,286,248,342
AT4G35590,17,19,8,28,17,21
AT4G35600,111,199,87,152,89,185
AT4G35610,0,0,0,0,0,0
AT4G35620,110,294,170,156,102,172
AT4G35630,1018,1681,930,1741,1022,1362
AT4G35640,9,28,15,10,4,5
AT4G35650,0,0,0,0,0,0
AT4G35655,0,0,0,0,0,0
AT4G35660,33,37,10,14,15,16
AT4G35670,0,0,0,0,0,0
AT4G35680,0,9,0,6,6,5
AT4G35685,2,12,8,1,0,11
AT4G35690,0,0,0,0,0,0
AT4G35700,0,0,0,0,0,0
AT4G35710,0,0,0,0,0,0
AT4G35720,50,151,68,87,40,77
AT4G35725,0,0,0,0,0,1
AT4G35730,58,102,65,69,57,89
AT4G35733,0,0,0,0,0,0
AT4G35740,50,39,37,59,30,60
AT4G35750,1214,2723,1927,1588,944,3289
AT4G35760,141,160,121,128,95,139
AT4G35770,104,103,223,92,30,291
AT4G35780,139,166,81,101,77,162
AT4G35783,5,3,2,2,5,7
AT4G35785,923,704,652,881,677,929
AT4G35790,344,432,197,315,327,455
AT4G35800,599,412,325,403,364,613
AT4G35810,0,0,0,0,0,0
AT4G35820,0,5,0,3,0,0
AT4G35830,1006,1009,538,1176,1016,1277
AT4G35840,43,85,51,39,31,41
AT4G35850,381,730,318,504,308,497
AT4G35860,261,467,294,364,273,339
AT4G35870,71,32,40,55,77,62
AT4G35880,165,166,106,144,93,157
AT4G35890,1129,768,643,1059,900,886
AT4G35900,34,34,37,75,79,37
AT4G35905,208,442,205,131,111,191
AT4G35910,203,133,99,240,164,154
AT4G35920,735,909,548,645,621,644
AT4G35930,183,142,118,230,150,181
AT4G35940,179,333,162,260,143,262
AT4G35950,247,474,251,252,156,202
AT4G35970,19,128,49,29,34,16
AT4G35980,704,1412,624,497,448,569
AT4G35985,25,24,16,28,15,47
AT4G35987,96,195,98,132,75,127
AT4G36000,43,48,14,33,27,28
AT4G36010,52,85,40,75,47,79
AT4G36020,240,225,186,247,188,243
AT4G36030,69,102,52,52,67,71
AT4G36032,70,87,39,46,74,47
AT4G36040,1451,2351,2227,1330,1065,2313
AT4G36050,66,168,96,95,72,90
AT4G36052,33,24,30,27,27,47
AT4G36060,170,203,121,99,123,94
AT4G36070,7,6,2,2,2,5
AT4G36080,111,175,88,109,80,147
AT4G36090,85,49,108,121,95,120
AT4G36100,0,0,0,0,0,1
AT4G36105,9,21,3,12,7,6
AT4G36110,14,1,6,9,7,20
AT4G36120,83,74,32,26,46,69
AT4G36130,6566,10832,5555,6129,4700,5646
AT4G36140,414,815,450,425,356,476
AT4G36150,13,57,18,53,19,28
AT4G36160,26,40,41,21,20,34
AT4G36170,2,3,2,4,0,2
AT4G36180,341,210,238,356,292,358
AT4G36190,67,98,87,88,56,91
AT4G36195,364,538,256,459,299,359
AT4G36197,0,0,0,0,0,0
AT4G36210,341,316,140,366,296,423
AT4G36220,5,36,3,5,0,3
AT4G36230,0,2,1,0,0,0
AT4G36240,9,51,49,22,13,24
AT4G36245,0,0,0,0,0,0
AT4G36250,0,14,3,28,3,0
AT4G36260,0,0,0,0,0,0
AT4G36270,11,19,17,16,8,11
AT4G36280,0,6,0,0,2,3
AT4G36290,113,103,87,72,69,114
AT4G36350,0,0,0,1,0,0
AT4G36360,267,437,424,276,177,328
AT4G36370,0,0,0,0,0,0
AT4G36380,378,336,228,264,344,321
AT4G36390,178,257,181,250,242,206
AT4G36400,167,205,113,207,190,180
AT4G36410,553,744,738,229,280,474
AT4G36420,759,1940,814,825,624,741
AT4G36430,16,124,21,253,163,446
AT4G36440,450,460,318,494,398,500
AT4G36450,0,13,18,6,8,4
AT4G36460,0,0,0,0,0,0
AT4G36470,61,109,84,24,46,42
AT4G36480,224,323,215,245,216,287
AT4G36490,0,0,0,0,0,0
AT4G36500,61,230,157,39,47,293
AT4G36510,1,0,0,0,0,0
AT4G36515,21,46,28,22,13,35
AT4G36520,530,584,290,478,474,559
AT4G36530,35,91,61,38,23,18
AT4G36540,65,75,66,32,49,32
AT4G36550,32,46,23,32,29,36
AT4G36560,0,0,0,0,0,0
AT4G36570,0,7,0,0,0,0
AT4G36580,32,91,39,77,49,61
AT4G36590,0,2,0,0,0,0
AT4G36600,0,5,0,0,0,1
AT4G36610,3,15,21,2,1,20
AT4G36620,336,150,221,367,270,321
AT4G36630,139,149,110,138,155,133
AT4G36635,0,0,0,0,0,0
AT4G36640,266,647,355,315,191,375
AT4G36648,1167,2476,1444,1012,912,2928
AT4G36650,244,167,134,168,144,146
AT4G36660,288,497,267,404,254,322
AT4G36670,119,96,95,209,94,225
AT4G36680,230,249,201,296,211,202
AT4G36690,816,709,410,611,580,827
AT4G36700,0,0,0,0,0,0
AT4G36710,27,39,33,10,16,30
AT4G36720,285,484,295,278,195,405
AT4G36730,515,380,277,437,375,492
AT4G36740,3,1,2,1,2,3
AT4G36750,368,613,360,425,282,481
AT4G36760,699,536,256,830,478,711
AT4G36770,18,13,3,21,4,13
AT4G36780,593,458,374,502,446,591
AT4G36790,284,249,161,323,215,293
AT4G36791,0,1,4,0,0,1
AT4G36795,0,1,0,1,1,0
AT4G36800,873,2142,1272,954,690,1099
AT4G36808,176,349,182,194,180,146
AT4G36810,195,343,170,210,160,145
AT4G36820,0,0,4,0,1,3
AT4G36830,18,40,38,34,9,39
AT4G36840,40,36,18,47,40,59
AT4G36850,37,11,7,78,40,38
AT4G36860,234,218,198,177,174,234
AT4G36870,0,5,6,0,2,10
AT4G36880,27,55,33,19,19,47
AT4G36890,414,417,245,408,221,425
AT4G36900,56,87,71,64,52,223
AT4G36910,174,213,169,140,122,147
AT4G36920,159,322,165,191,152,152
AT4G36925,0,0,0,2,0,8
AT4G36930,901,664,350,664,574,593
AT4G36940,164,305,177,212,133,221
AT4G36945,64,130,76,63,51,78
AT4G36950,0,1,0,3,0,2
AT4G36960,166,186,99,207,135,208
AT4G36970,124,161,86,97,84,161
AT4G36980,606,397,266,449,368,558
AT4G36990,204,269,209,219,234,559
AT4G37000,24,47,33,27,21,24
AT4G37010,140,428,421,161,120,737
AT4G37020,93,304,188,141,101,204
AT4G37022,0,0,0,0,0,0
AT4G37030,39,20,8,20,31,53
AT4G37040,169,277,136,121,88,125
AT4G37050,4,1,0,6,4,3
AT4G37060,0,3,0,0,0,5
AT4G37070,78,185,188,88,138,621
AT4G37080,204,206,155,224,157,121
AT4G37090,376,645,382,428,339,365
AT4G37095,0,2,1,2,2,1
AT4G37100,130,78,40,61,53,83
AT4G37110,150,159,80,74,62,132
AT4G37120,344,418,286,410,250,463
AT4G37130,206,151,156,206,154,143
AT4G37140,5,4,1,2,0,0
AT4G37150,0,23,6,7,0,3
AT4G37160,26,64,98,188,66,158
AT4G37170,29,21,22,19,15,17
AT4G37175,0,0,0,0,0,0
AT4G37180,207,160,94,205,157,284
AT4G37190,115,101,69,165,98,131
AT4G37200,54,160,73,46,37,72
AT4G37210,290,385,138,276,139,230
AT4G37220,8,10,5,21,5,25
AT4G37225,30,23,20,11,13,43
AT4G37230,4,5,0,2,4,10
AT4G37235,7,12,14,6,1,12
AT4G37240,24,9,4,13,30,61
AT4G37250,370,393,254,375,256,336
AT4G37260,234,297,162,291,363,398
AT4G37270,80,60,73,74,81,74
AT4G37280,315,584,215,293,252,324
AT4G37290,0,0,0,0,1,0
AT4G37295,1,3,1,0,0,0
AT4G37300,63,121,87,47,44,23
AT4G37310,1,5,5,0,7,2
AT4G37320,12,32,20,20,21,61
AT4G37330,186,105,83,191,117,345
AT4G37340,23,14,13,39,38,101
AT4G37360,0,0,0,0,2,0
AT4G37370,35,14,2,54,29,30
AT4G37380,20,6,22,24,15,26
AT4G37390,0,45,32,5,1,48
AT4G37400,28,54,79,154,84,139
AT4G37409,491,232,285,645,257,381
AT4G37410,601,283,313,757,264,476
AT4G37420,0,0,1,0,0,0
AT4G37430,79,82,72,99,98,149
AT4G37432,96,82,82,124,96,155
AT4G37435,0,0,0,0,0,0
AT4G37440,183,329,181,229,163,280
AT4G37445,19,50,26,17,23,22
AT4G37450,288,301,376,452,339,491
AT4G37460,293,370,216,300,190,313
AT4G37470,222,243,213,50,60,131
AT4G37480,137,91,48,67,76,101
AT4G37483,5,8,8,1,4,7
AT4G37490,131,222,102,117,64,111
AT4G37500,0,0,0,0,0,0
AT4G37510,128,119,67,94,29,75
AT4G37520,432,738,739,599,425,1368
AT4G37530,73,190,127,80,43,126
AT4G37540,582,1007,936,645,618,338
AT4G37550,59,99,88,36,53,31
AT4G37553,24,17,4,24,25,10
AT4G37560,3,11,5,2,7,5
AT4G37580,8,32,26,16,23,16
AT4G37590,837,943,470,830,667,716
AT4G37608,28,92,80,25,36,49
AT4G37610,206,255,205,81,114,238
AT4G37630,339,339,252,360,309,268
AT4G37640,158,303,129,254,170,280
AT4G37650,433,370,200,299,257,276
AT4G37660,184,339,240,195,151,189
AT4G37670,13,41,33,30,26,40
AT4G37680,326,433,302,330,207,319
AT4G37682,13,8,6,4,3,2
AT4G37685,0,1,0,1,0,0
AT4G37690,0,3,0,17,4,13
AT4G37700,0,34,30,0,0,10
AT4G37710,0,0,0,0,0,0
AT4G37720,0,0,0,0,0,0
AT4G37730,34,122,89,20,31,36
AT4G37740,265,360,205,298,155,188
AT4G37750,0,1,2,0,1,0
AT4G37760,9,6,12,2,0,3
AT4G37770,0,0,0,3,0,2
AT4G37780,0,1,0,0,1,1
AT4G37790,112,374,214,121,90,321
AT4G37800,0,0,0,0,0,0
AT4G37810,3,7,5,1,0,0
AT4G37820,306,464,316,399,229,320
AT4G37830,3393,6013,4444,2849,2433,3416
AT4G37840,0,0,0,0,0,0
AT4G37850,84,100,36,54,38,113
AT4G37860,0,0,0,3,0,4
AT4G37870,1304,938,586,2278,1148,2597
AT4G37880,217,313,241,262,196,257
AT4G37890,59,68,46,93,72,97
AT4G37895,34,28,29,33,24,32
AT4G37900,0,17,8,5,4,25
AT4G37910,860,886,713,1384,816,1102
AT4G37920,110,108,80,85,55,64
AT4G37925,0,5,0,0,0,0
AT4G37930,144,251,134,67,41,57
AT4G37940,417,856,408,340,203,468
AT4G37950,0,7,4,3,2,1
AT4G37970,0,30,3,0,0,33
AT4G37980,0,0,0,0,0,0
AT4G37990,0,0,0,0,0,0
AT4G38000,0,0,0,3,0,0
AT4G38005,0,0,0,0,0,0
AT4G38010,25,21,8,20,16,27
AT4G38020,67,67,34,37,39,28
AT4G38030,0,1,0,0,0,0
AT4G38040,424,510,302,486,264,352
AT4G38050,82,98,32,21,50,21
AT4G38060,200,403,298,138,131,1170
AT4G38062,92,162,85,102,61,166
AT4G38065,0,0,0,0,0,0
AT4G38070,3,1,5,2,0,3
AT4G38080,13,122,37,5,3,86
AT4G38090,274,321,187,173,144,188
AT4G38092,2,1,0,2,5,1
AT4G38100,449,779,341,328,277,318
AT4G38120,46,78,59,73,77,79
AT4G38130,1569,826,747,1646,1075,1455
AT4G38140,16,12,19,12,10,19
AT4G38150,84,71,82,85,42,70
AT4G38160,141,212,122,165,113,100
AT4G38170,45,81,35,73,34,48
AT4G38180,75,46,26,68,51,46
AT4G38190,0,0,0,0,0,0
AT4G38200,175,143,106,123,135,180
AT4G38210,146,91,85,129,91,96
AT4G38213,0,3,0,3,2,0
AT4G38215,89,65,57,85,51,71
AT4G38220,960,883,665,1091,582,964
AT4G38225,114,103,147,131,79,122
AT4G38230,184,118,114,188,196,249
AT4G38240,196,283,157,256,148,218
AT4G38250,292,300,255,374,300,337
AT4G38260,246,240,252,196,181,390
AT4G38270,137,175,104,211,125,277
AT4G38280,151,222,194,153,125,208
AT4G38290,30,6,11,17,10,4
AT4G38300,4,9,4,3,20,12
AT4G38310,0,3,2,1,1,0
AT4G38320,149,158,149,151,116,81
AT4G38330,31,38,39,23,23,18
AT4G38340,26,23,8,3,10,32
AT4G38350,219,253,190,179,190,262
AT4G38360,134,283,202,181,130,220
AT4G38370,179,94,126,177,103,164
AT4G38380,22,48,42,77,38,62
AT4G38390,0,10,3,10,8,22
AT4G38400,1,7,11,8,5,13
AT4G38401,0,0,0,0,0,0
AT4G38405,0,0,0,0,0,0
AT4G38410,16,54,14,28,21,33
AT4G38420,0,0,0,6,0,1
AT4G38430,534,398,353,509,333,475
AT4G38440,82,65,38,71,47,132
AT4G38460,526,352,364,330,227,458
AT4G38470,438,809,655,703,516,1464
AT4G38480,70,101,64,68,67,93
AT4G38490,328,396,259,226,184,260
AT4G38495,308,397,310,259,200,313
AT4G38500,353,292,296,438,357,409
AT4G38510,1547,756,884,1449,946,1327
AT4G38520,401,401,533,508,459,455
AT4G38530,26,41,9,8,0,0
AT4G38540,538,417,296,621,512,1217
AT4G38545,176,149,105,226,187,329
AT4G38550,106,129,114,152,98,202
AT4G38552,161,113,143,147,134,239
AT4G38560,0,0,0,2,0,0
AT4G38570,395,727,377,312,231,331
AT4G38580,138,206,122,193,161,131
AT4G38590,0,3,3,2,1,0
AT4G38600,460,378,242,346,287,567
AT4G38620,69,76,56,13,7,230
AT4G38630,684,1273,706,776,488,707
AT4G38640,262,237,191,266,181,292
AT4G38650,44,33,33,33,18,32
AT4G38660,667,564,529,673,403,505
AT4G38670,161,122,138,106,90,63
AT4G38680,1308,2101,1686,1611,1186,1515
AT4G38690,34,50,44,24,17,16
AT4G38700,0,1,1,0,0,0
AT4G38710,241,129,129,243,124,220
AT4G38730,17,48,39,25,24,63
AT4G38740,3363,7906,4234,2934,1927,2639
AT4G38760,126,139,73,102,89,195
AT4G38770,1,11,2,0,0,0
AT4G38775,0,0,0,0,0,0
AT4G38780,3,2,1,4,0,0
AT4G38781,0,0,0,0,0,0
AT4G38790,377,736,465,570,331,507
AT4G38800,1526,2417,1399,1429,1181,1502
AT4G38810,506,416,275,539,384,581
AT4G38820,0,0,0,0,0,0
AT4G38825,0,0,0,0,0,0
AT4G38830,7,10,14,10,8,14
AT4G38840,0,3,0,0,0,0
AT4G38850,2,0,1,0,0,0
AT4G38860,13,11,0,3,6,10
AT4G38870,0,0,0,0,0,0
AT4G38880,0,0,0,0,0,0
AT4G38890,294,374,166,291,204,277
AT4G38900,67,97,58,136,136,123
AT4G38905,0,1,0,0,0,0
AT4G38910,40,37,42,39,23,23
AT4G38920,4345,6820,4609,3987,3031,4011
AT4G38930,128,145,87,114,69,164
AT4G38932,867,1247,755,518,475,1001
AT4G38940,132,63,69,82,57,92
AT4G38950,69,40,49,91,105,115
AT4G38960,115,238,107,70,48,53
AT4G38970,15,20,5,2,0,2
AT4G38980,164,248,65,145,105,124
AT4G38990,0,0,0,0,0,0
AT4G39000,0,0,0,0,1,0
AT4G39010,1,9,5,9,7,5
AT4G39020,0,0,0,0,0,0
AT4G39030,33,34,37,45,32,97
AT4G39040,284,252,234,200,152,155
AT4G39050,473,431,277,526,421,434
AT4G39060,0,0,0,0,0,0
AT4G39070,174,136,128,13,20,59
AT4G39080,624,768,402,633,500,787
AT4G39090,4027,4226,3235,6774,4420,9760
AT4G39100,434,622,438,387,341,587
AT4G39110,3,8,1,7,5,0
AT4G39120,121,142,123,117,114,109
AT4G39130,0,3,1,4,0,0
AT4G39140,128,120,125,83,51,117
AT4G39150,211,484,260,313,174,183
AT4G39160,234,134,120,208,159,242
AT4G39170,303,284,205,328,184,232
AT4G39180,9,27,22,17,7,40
AT4G39190,33,108,51,22,23,47
AT4G39195,0,0,0,0,0,0
AT4G39200,5949,9994,7150,6052,5078,6105
AT4G39210,53,60,42,42,42,36
AT4G39220,662,1032,682,666,460,703
AT4G39230,39,87,63,54,51,76
AT4G39235,16,74,21,15,9,22
AT4G39240,158,203,179,244,168,201
AT4G39250,0,0,0,1,0,0
AT4G39260,3454,4047,2803,4680,3515,5076
AT4G39270,128,158,131,149,122,244
AT4G39280,327,325,217,360,243,277
AT4G39290,0,0,0,0,0,0
AT4G39300,638,1664,908,644,487,596
AT4G39320,3,76,85,0,2,21
AT4G39330,0,0,0,0,0,0
AT4G39340,0,0,0,0,0,0
AT4G39345,0,0,0,0,0,0
AT4G39350,183,304,122,213,290,260
AT4G39360,5,3,4,0,1,3
AT4G39361,3,1,3,3,3,1
AT4G39363,13,22,11,7,7,7
AT4G39364,13,35,16,6,14,6
AT4G39366,2,5,1,1,8,7
AT4G39370,116,131,135,94,123,102
AT4G39380,66,53,43,34,25,62
AT4G39390,380,530,294,610,409,468
AT4G39400,1308,914,835,1469,1146,1365
AT4G39403,3,5,0,11,2,1
AT4G39404,6,5,7,14,4,13
AT4G39410,11,19,12,59,30,40
AT4G39420,98,74,69,83,97,146
AT4G39460,334,364,248,255,181,310
AT4G39470,35,67,30,58,33,54
AT4G39480,0,0,0,0,0,0
AT4G39490,0,0,0,0,0,0
AT4G39500,0,0,0,0,0,0
AT4G39510,1,3,0,5,0,0
AT4G39520,1097,1219,751,1070,728,958
AT4G39530,2,27,10,15,11,3
AT4G39540,203,240,120,170,122,161
AT4G39550,114,130,79,69,69,111
AT4G39560,133,92,69,91,58,51
AT4G39570,63,127,64,86,42,77
AT4G39580,8,25,12,40,30,31
AT4G39590,38,9,12,17,8,7
AT4G39600,39,31,25,69,18,19
AT4G39610,0,6,0,0,0,4
AT4G39615,0,0,0,0,0,0
AT4G39620,31,47,45,50,34,46
AT4G39630,97,166,81,94,77,85
AT4G39640,186,265,208,177,138,272
AT4G39650,0,0,0,0,0,0
AT4G39660,677,832,599,874,506,1020
AT4G39670,127,138,110,171,157,526
AT4G39672,0,0,0,0,0,0
AT4G39675,2544,1594,1784,2160,1805,3746
AT4G39680,546,554,462,642,514,631
AT4G39690,382,470,255,435,272,403
AT4G39700,29,89,13,19,31,49
AT4G39710,0,19,2,6,3,12
AT4G39720,0,0,3,0,4,6
AT4G39730,328,798,641,358,233,413
AT4G39740,21,46,37,14,10,15
AT4G39745,0,0,0,0,0,0
AT4G39750,0,0,0,0,0,0
AT4G39753,0,5,0,1,0,4
AT4G39756,0,0,0,0,0,0
AT4G39760,0,0,0,0,0,0
AT4G39770,0,47,38,0,0,0
AT4G39780,225,320,341,205,265,715
AT4G39790,74,47,26,68,45,63
AT4G39795,78,444,247,94,27,100
AT4G39800,540,1175,617,682,272,404
AT4G39810,18,16,5,23,25,0
AT4G39820,364,339,341,400,260,358
AT4G39830,74,13,13,60,64,72
AT4G39838,696,1076,734,656,435,573
AT4G39840,742,1068,778,736,460,605
AT4G39850,112,136,70,135,116,148
AT4G39860,1300,1260,876,1216,814,891
AT4G39865,0,0,0,0,0,0
AT4G39870,133,189,113,124,128,160
AT4G39880,353,615,421,417,340,380
AT4G39890,12,87,42,33,60,77
AT4G39900,955,943,607,729,519,730
AT4G39910,612,687,456,681,498,666
AT4G39917,0,0,0,0,0,0
AT4G39920,90,130,72,101,95,89
AT4G39925,19,20,11,7,10,11
AT4G39930,7,7,7,2,7,5
AT4G39940,51,41,34,60,32,74
AT4G39950,574,286,265,1044,471,774
AT4G39952,39,10,11,28,15,5
AT4G39955,491,270,219,478,333,449
AT4G39960,74,99,62,141,70,109
AT4G39970,14,22,33,8,12,9
AT4G39980,769,389,324,1024,509,901
AT4G39985,0,0,0,0,0,0
AT4G39990,241,377,274,260,190,295
AT4G40000,56,92,35,77,42,39
AT4G40010,29,174,88,27,7,45
AT4G40011,0,1,0,0,0,2
AT4G40020,12,11,3,23,0,5
AT4G40030,3434,6656,3687,3379,2277,3471
AT4G40040,8594,10165,6693,8156,6322,9501
AT4G40042,164,683,315,222,144,309
AT4G40045,165,409,185,129,98,131
AT4G40050,200,200,155,116,109,191
AT4G40060,338,709,471,347,363,725
AT4G40063,1,10,9,10,3,14
AT4G40065,18,75,59,76,56,163
AT4G40070,14,65,57,28,14,67
AT4G40080,58,133,102,63,50,117
AT4G40085,57,131,91,59,64,145
AT4G40090,47,759,405,77,321,439
AT4G40100,0,0,0,0,0,0
AT5G00730,0,0,0,0,0,0
AT5G00735,0,0,0,0,0,0
AT5G00740,0,0,0,0,0,0
AT5G00745,0,0,0,0,0,0
AT5G00750,0,3,0,2,2,1
AT5G00755,2,2,2,2,1,0
AT5G00760,0,0,0,0,0,0
AT5G00765,0,0,2,0,0,1
AT5G00770,1,1,0,0,0,1
AT5G00775,0,0,0,0,0,2
AT5G00780,10,16,14,6,3,13
AT5G00785,6,17,5,2,0,7
AT5G00790,0,0,2,0,0,0
AT5G00795,0,0,0,0,0,0
AT5G00800,0,0,0,0,0,0
AT5G00805,0,0,0,0,0,0
AT5G00810,0,3,0,0,0,0
AT5G00815,7,4,4,1,4,6
AT5G00820,28,34,13,16,13,14
AT5G00825,0,0,1,0,1,1
AT5G00835,2,3,3,2,3,0
AT5G00840,0,0,0,0,0,0
AT5G00845,0,6,0,0,0,0
AT5G00850,0,2,0,2,0,0
AT5G00855,0,0,0,0,0,1
AT5G00860,0,2,2,4,1,1
AT5G00865,0,2,1,0,2,1
AT5G00870,16,20,19,14,12,15
AT5G00875,6,10,4,17,12,10
AT5G00880,1,7,1,2,0,0
AT5G00885,0,0,0,0,0,0
AT5G00895,0,3,2,0,1,0
AT5G00900,0,0,0,0,0,0
AT5G00905,0,1,1,1,0,1
AT5G00910,0,0,1,1,0,0
AT5G00920,1,1,2,5,6,0
AT5G00925,0,0,0,0,0,0
AT5G00930,0,0,0,0,0,0
AT5G00935,0,0,0,0,0,0
AT5G00940,0,0,0,0,0,0
AT5G00950,0,0,0,0,0,0
AT5G00955,0,0,0,0,0,0
AT5G00960,0,0,0,0,0,0
AT5G00965,0,0,0,0,0,0
AT5G00970,0,0,0,0,0,0
AT5G00975,0,0,0,1,0,1
AT5G00980,9,24,14,11,13,8
AT5G00985,0,0,2,0,0,0
AT5G00990,40,48,21,25,28,72
AT5G00995,0,0,0,0,0,0
AT5G01005,0,0,0,1,0,0
AT5G01010,973,965,674,853,691,1011
AT5G01015,6,3,5,7,1,3
AT5G01017,5,4,1,2,0,2
AT5G01020,1564,952,879,1238,998,962
AT5G01030,70,63,46,86,49,44
AT5G01040,335,188,310,669,331,345
AT5G01045,0,0,0,0,0,0
AT5G01050,5,19,18,3,19,15
AT5G01055,0,0,1,0,0,0
AT5G01060,1,8,1,0,2,11
AT5G01065,0,0,0,0,0,0
AT5G01070,11,19,16,15,10,15
AT5G01075,2,10,4,5,0,0
AT5G01080,0,0,0,0,0,0
AT5G01090,282,394,169,272,221,228
AT5G01095,49,82,53,41,33,55
AT5G01100,6,14,12,4,8,43
AT5G01105,0,0,0,0,0,0
AT5G01110,42,22,8,20,19,50
AT5G01115,0,0,0,0,0,0
AT5G01120,0,0,0,0,0,0
AT5G01125,0,0,0,0,0,0
AT5G01130,0,0,0,0,0,0
AT5G01135,0,1,0,0,0,0
AT5G01140,0,0,0,0,0,0
AT5G01145,0,1,0,0,0,0
AT5G01150,0,0,0,0,0,0
AT5G01155,7,21,16,10,20,7
AT5G01160,797,308,350,571,489,556
AT5G01165,1,0,0,0,0,0
AT5G01170,30,38,17,40,52,12
AT5G01175,90,64,52,52,54,42
AT5G01180,13,12,9,11,20,7
AT5G01190,0,38,20,27,0,20
AT5G01195,1,1,1,1,1,0
AT5G01200,34,61,25,35,16,135
AT5G01205,1,0,0,0,0,0
AT5G01210,80,76,68,148,298,596
AT5G01215,90,90,86,157,292,573
AT5G01220,78,124,98,87,39,112
AT5G01225,0,0,0,2,1,0
AT5G01230,175,248,134,193,144,141
AT5G01235,0,0,0,0,0,0
AT5G01240,93,105,87,164,130,100
AT5G01245,0,0,0,1,0,0
AT5G01250,14,59,78,6,9,80
AT5G01255,113,15,11,31,30,162
AT5G01260,42,88,46,50,29,67
AT5G01265,0,0,0,0,0,0
AT5G01270,136,74,63,179,98,177
AT5G01275,0,0,1,0,0,0
AT5G01280,13,14,14,17,5,14
AT5G01285,0,0,0,0,0,0
AT5G01290,189,116,92,163,69,121
AT5G01295,108,72,103,124,89,87
AT5G01300,2,4,5,8,4,1
AT5G01305,0,0,0,0,0,0
AT5G01310,50,109,75,76,50,82
AT5G01315,30,30,12,20,10,19
AT5G01320,0,0,0,0,0,0
AT5G01325,0,0,0,0,0,0
AT5G01330,20,54,14,45,44,60
AT5G01340,304,526,250,236,236,226
AT5G01345,0,0,0,0,0,0
AT5G01350,3739,5004,2589,2356,1929,2939
AT5G01360,10,81,29,20,23,27
AT5G01365,0,0,0,0,0,0
AT5G01370,46,131,65,31,45,46
AT5G01375,5,3,4,2,8,1
AT5G01380,11,6,7,13,12,11
AT5G01385,0,0,0,0,0,0
AT5G01390,173,282,158,206,125,161
AT5G01395,0,0,0,0,0,0
AT5G01400,60,96,70,92,117,157
AT5G01405,0,0,0,0,0,0
AT5G01410,451,622,456,552,337,501
AT5G01415,0,0,0,0,0,0
AT5G01420,13,51,10,16,13,23
AT5G01425,0,0,0,0,0,0
AT5G01430,240,436,252,199,183,208
AT5G01435,8,18,11,8,16,10
AT5G01440,0,0,0,0,0,0
AT5G01445,25,65,31,18,17,19
AT5G01450,141,102,122,143,107,198
AT5G01455,0,0,0,0,0,0
AT5G01460,418,440,287,458,428,600
AT5G01465,0,0,0,0,0,0
AT5G01470,158,338,166,131,132,194
AT5G01475,0,0,0,0,0,0
AT5G01480,10,24,5,6,9,20
AT5G01485,0,0,0,0,0,0
AT5G01490,27,22,43,64,29,86
AT5G01495,1,0,1,0,0,0
AT5G01500,84,115,67,88,83,90
AT5G01505,0,2,0,0,0,0
AT5G01510,59,41,33,45,42,39
AT5G01515,0,1,0,0,0,0
AT5G01520,84,260,119,68,71,164
AT5G01530,128,117,71,96,63,157
AT5G01535,9,10,11,5,1,10
AT5G01540,0,5,2,4,4,8
AT5G01542,1,2,1,7,2,3
AT5G01545,2,1,1,2,0,5
AT5G01550,0,1,2,0,0,5
AT5G01555,5,4,1,2,3,6
AT5G01560,58,67,54,65,52,87
AT5G01565,0,0,0,0,0,0
AT5G01570,4,14,9,7,7,9
AT5G01575,0,1,0,0,0,0
AT5G01580,12,15,7,5,1,1
AT5G01585,0,0,0,0,0,0
AT5G01590,130,64,101,168,107,132
AT5G01595,0,4,0,3,3,5
AT5G01600,144,1173,453,369,411,383
AT5G01605,0,0,0,0,0,0
AT5G01610,221,547,372,248,193,287
AT5G01615,0,0,0,0,0,0
AT5G01620,375,375,206,399,267,380
AT5G01630,50,60,49,34,53,55
AT5G01635,0,0,0,0,0,0
AT5G01640,6,37,47,17,14,33
AT5G01645,39,84,63,51,33,39
AT5G01650,228,558,331,200,167,276
AT5G01655,0,0,0,0,0,0
AT5G01660,0,17,11,4,3,4
AT5G01665,0,0,0,0,0,0
AT5G01670,77,75,32,58,57,66
AT5G01675,5,5,10,9,0,3
AT5G01680,0,0,0,0,0,0
AT5G01685,0,0,0,0,0,0
AT5G01690,0,0,0,0,0,0
AT5G01695,0,0,0,0,0,0
AT5G01700,35,41,28,29,18,33
AT5G01705,0,0,0,0,0,0
AT5G01710,333,308,199,274,291,372
AT5G01720,183,294,214,190,113,160
AT5G01725,0,0,0,0,0,0
AT5G01730,0,16,24,6,12,6
AT5G01732,2,18,18,5,11,8
AT5G01735,0,0,0,0,0,0
AT5G01740,0,0,1,3,0,0
AT5G01745,0,0,0,0,0,0
AT5G01747,0,0,0,0,0,0
AT5G01750,955,1059,899,1011,748,1827
AT5G01755,0,0,0,0,0,0
AT5G01760,0,1,0,0,1,3
AT5G01765,110,143,95,102,123,142
AT5G01770,13,33,33,18,47,53
AT5G01775,14,55,22,9,16,3
AT5G01780,48,62,37,41,39,30
AT5G01785,9,8,3,1,0,2
AT5G01790,1,3,3,0,0,0
AT5G01795,0,0,2,5,2,13
AT5G01800,1379,2998,1793,1082,925,1742
AT5G01805,0,0,0,0,0,0
AT5G01810,269,264,232,214,220,403
AT5G01815,163,153,85,86,57,626
AT5G01820,133,219,127,156,125,183
AT5G01825,0,0,0,0,0,0
AT5G01830,109,93,67,87,87,146
AT5G01835,205,244,148,316,164,239
AT5G01840,49,140,97,24,21,17
AT5G01845,0,0,0,0,0,0
AT5G01850,128,115,126,121,91,149
AT5G01855,0,0,0,0,0,0
AT5G01860,0,0,0,0,0,0
AT5G01865,0,0,0,0,0,0
AT5G01870,0,0,0,0,0,0
AT5G01875,0,0,0,0,0,0
AT5G01880,68,61,55,47,32,90
AT5G01881,34,59,19,37,60,27
AT5G01885,0,0,0,0,0,0
AT5G01890,314,183,218,359,241,248
AT5G01895,31,9,27,37,29,17
AT5G01900,62,2,4,110,118,289
AT5G01910,69,191,114,66,65,68
AT5G01915,0,0,0,0,0,0
AT5G01920,67,89,62,54,57,52
AT5G01925,0,0,0,0,0,0
AT5G01930,39,54,65,110,142,109
AT5G01935,6,3,6,9,14,8
AT5G01940,119,101,65,113,88,105
AT5G01945,0,1,2,0,1,0
AT5G01950,177,141,81,194,145,148
AT5G01955,0,0,0,0,0,0
AT5G01960,381,386,239,364,229,469
AT5G01965,0,0,0,0,0,0
AT5G01970,263,210,139,206,151,199
AT5G01975,0,0,0,0,0,0
AT5G01980,335,232,174,321,237,348
AT5G01985,0,0,0,0,0,0
AT5G01990,211,240,141,237,138,256
AT5G01995,0,0,0,0,0,0
AT5G02000,13,64,52,17,15,27
AT5G02010,276,147,116,297,182,198
AT5G02015,0,1,0,0,0,0
AT5G02020,572,733,391,501,406,1665
AT5G02025,0,0,0,0,0,0
AT5G02030,2,3,7,62,31,33
AT5G02035,0,0,0,0,0,0
AT5G02040,173,352,243,260,207,303
AT5G02045,0,0,0,0,0,0
AT5G02050,340,1269,647,491,342,516
AT5G02055,4,15,8,3,5,11
AT5G02060,40,70,53,38,34,22
AT5G02065,74,48,39,73,52,53
AT5G02070,66,66,31,68,42,68
AT5G02075,0,0,0,0,0,0
AT5G02080,42,103,66,49,36,67
AT5G02085,2,0,2,2,2,2
AT5G02090,189,1019,760,142,283,1729
AT5G02095,27,44,58,48,22,26
AT5G02100,418,627,300,336,279,476
AT5G02105,42,35,43,28,36,45
AT5G02110,0,0,0,0,0,0
AT5G02115,0,0,0,0,0,0
AT5G02120,7,33,12,2,6,10
AT5G02125,1,3,0,0,0,0
AT5G02130,52,108,83,86,62,88
AT5G02135,0,0,0,0,0,0
AT5G02140,42,27,34,32,20,27
AT5G02145,0,0,0,0,0,0
AT5G02150,139,219,55,107,78,108
AT5G02155,0,3,0,1,0,1
AT5G02160,6,10,12,4,4,27
AT5G02170,0,5,16,8,3,10
AT5G02175,0,0,0,0,0,0
AT5G02180,5,23,17,9,3,6
AT5G02185,0,0,0,0,0,0
AT5G02190,41,18,32,43,24,42
AT5G02195,19,36,17,23,33,43
AT5G02200,174,289,188,136,101,127
AT5G02205,1,2,0,1,1,0
AT5G02210,0,1,0,2,4,0
AT5G02215,0,0,0,0,0,0
AT5G02220,8,13,22,17,5,32
AT5G02225,4,0,0,3,0,1
AT5G02230,10,14,13,28,17,123
AT5G02240,101,189,109,149,110,150
AT5G02245,0,0,1,0,0,0
AT5G02250,89,26,37,58,52,120
AT5G02255,0,0,0,0,0,0
AT5G02260,782,1274,875,1334,574,941
AT5G02265,0,0,0,0,0,0
AT5G02270,177,444,217,121,78,90
AT5G02275,0,0,0,0,0,0
AT5G02280,457,1022,518,372,258,316
AT5G02290,166,212,138,189,172,164
AT5G02295,1,2,0,1,0,1
AT5G02305,0,0,0,0,3,0
AT5G02310,76,167,101,119,110,253
AT5G02315,0,0,0,0,0,0
AT5G02320,34,48,29,47,26,56
AT5G02325,1,5,4,2,1,1
AT5G02330,0,0,0,0,0,0
AT5G02335,0,0,0,0,0,0
AT5G02340,0,0,0,0,0,0
AT5G02345,0,0,0,0,0,0
AT5G02350,65,114,92,96,99,131
AT5G02355,0,0,0,0,0,0
AT5G02360,48,21,30,55,37,31
AT5G02365,0,0,0,0,0,0
AT5G02370,159,135,84,101,85,106
AT5G02375,0,0,0,0,0,0
AT5G02380,8929,18574,10009,4738,4974,7319
AT5G02385,0,0,0,0,0,0
AT5G02390,2,0,3,0,5,0
AT5G02395,0,0,0,0,0,0
AT5G02400,9,49,32,31,31,60
AT5G02405,0,0,0,0,0,0
AT5G02410,213,230,173,244,187,186
AT5G02415,0,2,3,1,4,4
AT5G02420,174,527,258,203,167,284
AT5G02425,0,8,1,3,5,1
AT5G02430,28,33,12,40,31,25
AT5G02435,0,0,0,0,0,0
AT5G02440,155,314,135,94,68,133
AT5G02445,0,0,0,0,0,0
AT5G02450,4652,8706,5531,4421,3508,4362
AT5G02455,0,0,0,0,0,0
AT5G02460,65,45,40,59,36,23
AT5G02465,0,0,0,0,0,0
AT5G02470,149,262,118,150,95,157
AT5G02480,258,295,184,320,360,563
AT5G02485,2,0,0,1,0,1
AT5G02490,125,71,37,49,37,31
AT5G02495,0,0,0,0,0,0
AT5G02500,28147,14081,10893,30309,26231,24899
AT5G02502,564,1595,758,475,391,563
AT5G02505,0,0,0,0,0,0
AT5G02510,0,6,0,0,0,0
AT5G02515,0,2,0,0,0,0
AT5G02520,24,72,37,73,19,30
AT5G02525,0,0,0,1,0,1
AT5G02530,1040,1059,843,1113,704,975
AT5G02535,0,1,2,0,0,0
AT5G02540,3,0,6,1,0,1
AT5G02550,893,1041,965,892,660,900
AT5G02555,63,135,64,56,42,57
AT5G02560,54,182,147,42,26,130
AT5G02565,48,106,62,27,38,46
AT5G02570,5,15,13,7,3,1
AT5G02575,81,161,57,58,51,82
AT5G02580,184,383,164,152,104,247
AT5G02590,168,165,116,136,123,132
AT5G02595,0,0,0,3,0,0
AT5G02600,169,184,198,119,129,137
AT5G02605,0,2,1,0,0,1
AT5G02610,3128,6376,3239,2687,2226,2628
AT5G02615,0,0,0,0,0,0
AT5G02620,12,46,45,34,61,110
AT5G02630,43,55,64,43,25,66
AT5G02635,0,0,1,0,1,1
AT5G02640,175,283,234,137,108,193
AT5G02645,7,10,2,1,7,3
AT5G02650,14,13,21,16,17,14
AT5G02655,0,0,0,0,0,0
AT5G02660,0,0,0,0,0,0
AT5G02665,2,3,1,0,0,0
AT5G02670,9,27,10,18,18,28
AT5G02675,1,1,0,0,2,0
AT5G02680,56,59,44,35,25,51
AT5G02685,0,0,0,0,0,0
AT5G02690,31,10,12,19,6,13
AT5G02695,9,27,8,8,19,20
AT5G02700,0,0,0,0,0,0
AT5G02705,0,0,0,0,0,0
AT5G02710,15,61,25,28,30,22
AT5G02715,0,3,0,0,0,2
AT5G02720,1,5,0,3,1,2
AT5G02725,0,0,0,0,0,0
AT5G02730,0,0,0,0,0,0
AT5G02735,0,0,0,0,0,0
AT5G02740,674,1552,874,841,500,670
AT5G02745,0,0,0,0,0,0
AT5G02750,143,75,83,163,185,106
AT5G02755,52,125,87,87,53,64
AT5G02760,1,4,1,16,9,8
AT5G02765,0,0,0,0,0,0
AT5G02770,1092,1776,781,1011,926,1159
AT5G02775,0,0,0,0,0,0
AT5G02780,39,39,39,0,0,15
AT5G02785,0,0,0,0,0,0
AT5G02790,106,166,110,77,39,121
AT5G02795,1,2,1,3,0,1
AT5G02800,139,144,92,155,161,200
AT5G02805,0,0,0,0,0,0
AT5G02810,209,102,73,200,206,306
AT5G02815,0,0,0,0,0,0
AT5G02820,290,134,131,228,190,172
AT5G02825,0,0,0,0,0,0
AT5G02830,30,57,31,26,18,10
AT5G02835,0,0,0,0,0,0
AT5G02840,813,1028,644,359,290,325
AT5G02850,208,207,189,222,165,195
AT5G02855,0,0,0,0,0,0
AT5G02860,30,26,9,41,10,37
AT5G02865,0,0,0,0,0,0
AT5G02870,7766,6422,5812,8614,5575,6895
AT5G02875,2,3,6,3,0,2
AT5G02880,75,76,63,80,77,207
AT5G02885,0,0,0,0,0,0
AT5G02890,1,28,31,24,13,18
AT5G02895,3,14,2,31,29,49
AT5G02900,0,0,0,7,0,0
AT5G02905,1,3,2,0,0,0
AT5G02910,129,140,106,109,68,81
AT5G02915,0,0,0,0,0,0
AT5G02920,0,0,0,1,0,0
AT5G02925,0,0,0,0,0,0
AT5G02930,1,1,0,0,0,1
AT5G02935,5,75,3,9,4,7
AT5G02940,10,33,7,25,20,18
AT5G02945,0,0,0,0,0,0
AT5G02950,12,17,16,56,17,3
AT5G02955,0,0,0,0,0,0
AT5G02960,15776,29959,17106,16841,11767,15795
AT5G02965,0,0,0,0,0,0
AT5G02970,181,169,97,156,86,148
AT5G02975,0,0,0,0,0,0
AT5G02980,0,0,0,0,0,0
AT5G02985,0,0,1,0,0,1
AT5G02990,0,0,0,0,0,0
AT5G02995,0,0,0,0,0,0
AT5G03000,0,0,0,0,0,0
AT5G03005,0,0,1,0,0,1
AT5G03010,5,8,7,8,7,1
AT5G03015,0,0,0,0,0,0
AT5G03020,2,10,5,1,2,11
AT5G03025,0,0,0,0,0,0
AT5G03030,80,160,163,107,92,106
AT5G03035,0,0,0,0,0,0
AT5G03040,431,370,367,466,336,531
AT5G03045,0,0,0,0,0,0
AT5G03050,177,199,101,95,67,100
AT5G03055,0,0,0,0,0,0
AT5G03060,0,0,0,0,1,0
AT5G03065,0,0,0,0,0,0
AT5G03070,92,75,64,107,71,65
AT5G03075,0,0,0,0,0,0
AT5G03080,318,667,461,401,272,442
AT5G03085,1,5,2,2,2,0
AT5G03090,0,0,0,0,0,0
AT5G03095,0,0,0,0,0,0
AT5G03100,122,91,57,112,79,65
AT5G03105,0,0,0,0,0,0
AT5G03110,41,86,27,28,36,41
AT5G03115,0,0,0,0,0,0
AT5G03120,16,0,1,0,0,1
AT5G03125,0,0,0,0,0,0
AT5G03130,0,0,0,2,0,0
AT5G03135,0,0,0,0,0,0
AT5G03140,108,59,45,88,90,149
AT5G03145,0,1,0,0,0,0
AT5G03150,339,301,243,338,274,279
AT5G03155,1,0,0,0,0,0
AT5G03160,216,254,258,486,293,399
AT5G03165,3,13,7,10,16,16
AT5G03170,278,1005,453,236,377,343
AT5G03175,1,8,2,9,2,1
AT5G03180,54,100,42,72,89,100
AT5G03185,83,315,260,113,94,172
AT5G03190,30,38,16,18,2,38
AT5G03195,1,0,1,7,2,1
AT5G03200,163,171,143,154,109,193
AT5G03204,3,0,0,0,0,4
AT5G03205,0,0,0,0,0,0
AT5G03210,19,6,1,0,0,231
AT5G03215,0,0,0,0,0,0
AT5G03220,211,402,192,158,139,206
AT5G03225,0,0,0,0,0,0
AT5G03230,85,103,96,73,58,184
AT5G03235,1,0,1,0,0,0
AT5G03240,11100,14074,9840,8362,8812,17349
AT5G03245,9,33,6,4,7,10
AT5G03250,13,25,8,4,25,6
AT5G03255,30,11,10,16,11,7
AT5G03260,40,168,88,163,195,170
AT5G03265,0,1,0,1,0,2
AT5G03270,0,1,0,0,0,0
AT5G03275,0,0,0,0,0,0
AT5G03280,134,212,137,191,141,302
AT5G03285,5,10,8,5,7,13
AT5G03290,574,1328,756,644,498,797
AT5G03295,0,0,0,0,0,0
AT5G03300,1568,2988,1608,1972,1046,1453
AT5G03305,0,0,0,0,0,0
AT5G03310,13,34,32,10,7,4
AT5G03315,0,0,1,0,0,0
AT5G03320,113,78,48,89,86,97
AT5G03325,0,0,0,0,0,0
AT5G03330,179,192,130,178,106,163
AT5G03335,0,0,0,0,0,0
AT5G03340,114,126,45,172,134,130
AT5G03345,1362,2991,1658,1138,1042,1402
AT5G03350,26,9,4,13,7,0
AT5G03355,14,38,22,55,38,24
AT5G03360,0,1,0,0,0,1
AT5G03370,144,242,157,121,86,135
AT5G03375,10,20,9,15,22,16
AT5G03380,591,1538,1285,409,303,685
AT5G03385,1,0,0,0,0,0
AT5G03390,0,2,1,0,0,0
AT5G03395,0,0,0,0,0,0
AT5G03400,0,0,0,0,0,0
AT5G03405,0,0,0,0,0,0
AT5G03406,60,66,45,57,33,47
AT5G03415,232,170,136,195,125,175
AT5G03420,47,67,35,73,64,50
AT5G03425,0,0,0,0,0,0
AT5G03430,318,229,141,221,250,274
AT5G03435,0,0,0,0,0,0
AT5G03440,156,310,130,88,84,166
AT5G03445,0,0,0,0,0,0
AT5G03450,166,54,79,146,102,88
AT5G03452,0,0,0,0,0,0
AT5G03455,670,1354,662,517,374,747
AT5G03460,599,1841,1196,640,511,1032
AT5G03465,1,2,0,0,0,0
AT5G03470,145,188,102,220,151,151
AT5G03475,1,0,1,1,2,0
AT5G03480,0,3,0,0,0,0
AT5G03485,5,3,1,0,1,0
AT5G03490,79,112,80,82,80,109
AT5G03495,3,0,6,0,1,5
AT5G03500,517,691,431,410,287,412
AT5G03510,121,130,106,153,118,149
AT5G03515,0,0,0,0,0,0
AT5G03520,784,1093,805,912,657,881
AT5G03525,0,1,0,0,1,0
AT5G03530,305,523,279,321,335,283
AT5G03535,0,0,0,0,0,0
AT5G03540,284,464,248,366,258,445
AT5G03545,8,178,102,6,3,2
AT5G03550,8,36,24,26,15,42
AT5G03552,33,68,37,102,57,65
AT5G03553,16,41,26,26,28,19
AT5G03555,89,152,87,34,43,51
AT5G03560,229,229,163,177,158,226
AT5G03565,0,0,0,0,0,0
AT5G03570,88,60,91,91,50,272
AT5G03575,0,0,0,0,0,0
AT5G03580,2,3,1,2,0,2
AT5G03585,27,38,12,28,28,23
AT5G03590,0,0,0,0,0,0
AT5G03595,0,0,0,0,0,0
AT5G03600,0,0,0,0,0,0
AT5G03605,1,0,0,0,0,0
AT5G03610,460,578,473,524,467,450
AT5G03615,9,5,2,1,2,10
AT5G03620,0,3,0,7,0,4
AT5G03625,0,0,0,0,0,0
AT5G03630,2226,3689,1741,2678,1561,2082
AT5G03635,6,6,4,13,5,6
AT5G03640,32,15,3,0,2,12
AT5G03645,0,0,0,1,0,0
AT5G03650,63,117,80,68,93,85
AT5G03660,588,1123,520,550,366,614
AT5G03668,16,15,10,13,24,37
AT5G03670,82,65,58,68,70,118
AT5G03680,0,0,0,0,0,0
AT5G03685,0,0,0,0,0,0
AT5G03690,98,78,41,80,60,42
AT5G03695,0,0,0,0,0,0
AT5G03700,272,217,182,300,149,287
AT5G03705,0,0,0,0,0,0
AT5G03710,0,0,0,0,0,0
AT5G03715,0,0,1,0,0,0
AT5G03720,4,2,6,2,2,3
AT5G03730,151,143,116,201,149,288
AT5G03735,0,0,0,0,0,0
AT5G03740,807,1235,831,807,580,733
AT5G03745,0,0,0,0,0,0
AT5G03750,0,0,0,0,1,1
AT5G03755,0,0,0,0,0,0
AT5G03760,181,365,170,257,169,250
AT5G03765,0,0,0,0,0,0
AT5G03770,80,88,88,117,92,105
AT5G03775,0,0,0,0,0,0
AT5G03780,45,29,27,13,19,18
AT5G03785,0,0,0,0,0,0
AT5G03790,0,0,0,2,0,1
AT5G03795,4,20,4,11,4,32
AT5G03800,14,28,20,31,28,18
AT5G03805,88,49,60,66,56,98
AT5G03810,0,0,0,0,0,0
AT5G03815,0,0,0,0,0,0
AT5G03820,0,0,0,0,0,0
AT5G03825,0,0,0,4,0,0
AT5G03830,154,128,91,102,86,136
AT5G03835,2,4,2,8,4,2
AT5G03840,0,0,0,0,0,0
AT5G03845,0,0,0,0,0,0
AT5G03850,3873,13664,6904,3303,2940,3683
AT5G03860,715,149,138,675,311,549
AT5G03870,112,160,72,95,75,94
AT5G03875,2,0,0,0,1,0
AT5G03880,174,260,164,130,102,131
AT5G03885,29,62,41,26,60,75
AT5G03890,33,66,59,24,27,18
AT5G03900,152,185,74,128,111,135
AT5G03905,140,277,202,159,117,151
AT5G03910,77,166,100,56,90,117
AT5G03915,0,0,0,0,0,0
AT5G03920,0,0,0,0,0,0
AT5G03925,0,0,0,0,0,0
AT5G03930,0,0,0,0,0,0
AT5G03935,0,0,0,0,0,0
AT5G03940,145,136,95,117,84,102
AT5G03944,0,0,0,0,0,0
AT5G03945,0,0,0,0,0,0
AT5G03955,3,14,4,2,0,1
AT5G03960,97,143,150,76,78,79
AT5G03965,2,3,0,2,7,6
AT5G03970,150,169,91,145,107,155
AT5G03975,0,2,1,0,0,0
AT5G03980,0,0,0,0,0,0
AT5G03985,32,48,27,50,24,34
AT5G03990,55,41,20,46,37,39
AT5G03995,0,13,13,1,0,0
AT5G04000,10,31,13,5,5,7
AT5G04005,0,1,1,0,2,0
AT5G04010,9,0,0,0,0,0
AT5G04015,0,3,2,0,1,0
AT5G04020,80,145,64,121,70,159
AT5G04025,0,0,0,0,0,0
AT5G04030,0,0,0,0,0,0
AT5G04035,0,0,0,0,0,0
AT5G04040,184,143,133,234,156,293
AT5G04045,0,0,0,0,0,0
AT5G04047,0,0,0,0,0,0
AT5G04050,29,17,29,10,22,15
AT5G04055,0,2,0,2,2,3
AT5G04060,69,124,96,160,74,97
AT5G04065,0,0,1,0,1,0
AT5G04070,72,122,78,80,68,71
AT5G04075,1,0,0,0,1,0
AT5G04080,1881,2713,1570,635,721,1451
AT5G04085,0,0,0,0,0,0
AT5G04090,328,349,177,215,235,264
AT5G04105,0,0,1,0,0,1
AT5G04110,102,153,89,140,70,120
AT5G04115,0,0,0,0,0,0
AT5G04120,0,17,0,0,0,0
AT5G04125,0,0,0,0,0,1
AT5G04130,145,234,140,202,117,240
AT5G04135,0,0,0,0,0,0
AT5G04140,0,4,0,0,0,0
AT5G04145,0,0,1,0,0,0
AT5G04150,37,38,6,7,3,62
AT5G04160,314,555,341,358,194,297
AT5G04165,0,0,0,0,0,0
AT5G04170,338,470,310,457,245,502
AT5G04175,1,0,1,0,1,2
AT5G04180,1,5,1,2,2,10
AT5G04185,1,0,1,0,0,1
AT5G04190,0,0,0,0,0,0
AT5G04195,0,0,0,0,0,0
AT5G04200,26,115,53,149,178,174
AT5G04205,14,26,11,7,1,12
AT5G04210,0,4,0,0,1,0
AT5G04215,1,2,1,0,2,1
AT5G04220,1,25,4,22,16,17
AT5G04225,0,0,0,0,0,0
AT5G04230,2,8,2,3,8,5
AT5G04238,0,1,0,1,0,3
AT5G04240,156,213,93,158,93,162
AT5G04245,0,0,0,0,0,1
AT5G04250,88,142,68,125,81,167
AT5G04255,0,0,0,0,0,0
AT5G04260,150,269,112,193,136,201
AT5G04267,0,0,0,0,0,0
AT5G04270,78,214,121,92,62,89
AT5G04275,0,0,0,0,0,0
AT5G04280,206,183,155,291,205,328
AT5G04290,140,130,87,132,115,188
AT5G04305,0,1,0,0,0,0
AT5G04310,29,26,13,11,27,5
AT5G04315,0,0,0,0,0,0
AT5G04320,216,376,145,197,148,203
AT5G04325,0,0,0,0,0,0
AT5G04330,35,25,13,35,23,37
AT5G04335,0,0,0,0,0,0
AT5G04340,26,57,47,15,11,308
AT5G04345,1,0,0,0,0,0
AT5G04347,0,0,0,0,0,0
AT5G04350,0,0,0,0,0,0
AT5G04355,5,7,6,0,3,6
AT5G04360,9,5,6,10,9,3
AT5G04365,0,0,0,0,0,0
AT5G04370,0,0,0,0,0,0
AT5G04375,13,41,44,22,23,55
AT5G04380,0,0,0,0,0,0
AT5G04385,0,0,0,0,0,0
AT5G04390,3,13,12,9,9,14
AT5G04395,0,0,0,0,0,0
AT5G04400,0,0,0,0,0,0
AT5G04405,0,0,0,0,0,0
AT5G04410,323,312,232,341,263,318
AT5G04415,0,9,4,1,0,0
AT5G04420,170,323,201,277,212,245
AT5G04425,0,0,1,0,1,1
AT5G04430,946,1438,850,1211,829,926
AT5G04435,0,0,0,0,1,0
AT5G04440,274,468,244,245,137,244
AT5G04445,0,2,0,0,0,0
AT5G04455,2,1,0,0,0,0
AT5G04460,44,65,56,57,37,108
AT5G04465,0,0,0,1,0,0
AT5G04470,476,1336,1076,452,422,767
AT5G04475,77,241,202,83,81,120
AT5G04480,60,110,74,91,65,62
AT5G04490,44,41,30,39,21,48
AT5G04495,0,0,0,2,0,0
AT5G04500,0,0,0,0,0,0
AT5G04505,1,0,0,0,0,0
AT5G04510,284,454,198,277,243,292
AT5G04515,0,0,0,0,0,0
AT5G04520,156,103,107,145,88,132
AT5G04525,0,0,0,0,0,0
AT5G04530,0,5,0,0,0,0
AT5G04540,141,147,103,214,171,184
AT5G04545,0,0,0,0,0,0
AT5G04550,392,479,325,367,296,466
AT5G04560,402,566,230,383,381,528
AT5G04575,0,0,0,0,0,0
AT5G04585,0,0,0,0,0,0
AT5G04590,2578,1675,1391,3126,2149,1791
AT5G04595,0,0,0,0,0,0
AT5G04600,1134,900,845,936,670,872
AT5G04605,0,0,0,0,0,0
AT5G04610,26,10,2,5,5,8
AT5G04615,0,0,0,0,0,0
AT5G04620,125,208,109,124,134,120
AT5G04625,0,0,0,0,0,0
AT5G04630,0,3,0,1,0,2
AT5G04635,0,0,0,0,0,0
AT5G04640,0,0,0,0,0,0
AT5G04660,9,16,7,21,4,17
AT5G04665,0,0,0,0,0,0
AT5G04670,163,138,81,143,97,166
AT5G04675,0,0,0,0,0,0
AT5G04680,12,17,7,2,2,8
AT5G04685,0,0,0,0,0,0
AT5G04690,0,0,0,0,0,0
AT5G04695,0,0,0,0,0,0
AT5G04700,14,9,4,0,2,3
AT5G04705,0,0,0,0,0,0
AT5G04710,159,227,131,171,117,194
AT5G04715,0,0,0,0,0,0
AT5G04720,151,102,88,139,138,208
AT5G04725,0,0,0,0,1,0
AT5G04730,0,0,0,1,0,1
AT5G04740,1499,2090,1149,1617,1016,1663
AT5G04745,0,0,0,0,0,0
AT5G04750,1006,1920,1132,740,681,1297
AT5G04755,0,0,2,0,0,0
AT5G04760,131,174,91,85,76,175
AT5G04765,0,0,1,0,0,0
AT5G04770,140,116,82,86,47,192
AT5G04775,0,0,0,0,0,0
AT5G04780,23,23,19,19,9,2
AT5G04785,0,0,0,0,0,0
AT5G04790,3,18,4,2,1,1
AT5G04795,0,0,0,0,0,0
AT5G04800,3702,5086,4305,3429,2512,3342
AT5G04810,115,119,68,62,61,99
AT5G04815,0,0,0,0,0,0
AT5G04820,56,88,50,81,55,61
AT5G04825,0,0,0,0,0,0
AT5G04830,333,587,362,339,264,426
AT5G04840,61,67,56,48,16,101
AT5G04845,0,0,0,0,0,0
AT5G04850,307,530,332,326,229,390
AT5G04853,0,0,0,1,0,0
AT5G04855,0,0,0,0,0,0
AT5G04860,196,292,144,167,137,309
AT5G04865,0,0,0,3,0,0
AT5G04870,321,511,266,469,336,370
AT5G04885,77,130,54,138,77,95
AT5G04890,45,120,81,76,100,57
AT5G04895,16,87,43,63,46,66
AT5G04900,53,37,15,33,17,45
AT5G04905,469,621,442,558,474,488
AT5G04910,448,388,353,338,285,386
AT5G04915,0,0,0,0,0,0
AT5G04920,150,248,111,162,127,172
AT5G04925,0,0,0,0,0,0
AT5G04930,205,244,160,217,197,262
AT5G04933,0,0,0,0,0,0
AT5G04935,0,0,0,0,0,0
AT5G04937,0,0,0,0,0,0
AT5G04940,129,218,73,183,170,160
AT5G04945,0,0,0,0,0,0
AT5G04950,3,430,432,0,5,46
AT5G04955,0,0,0,0,0,0
AT5G04960,0,76,12,0,57,25
AT5G04965,0,0,0,0,0,0
AT5G04970,85,76,111,414,112,233
AT5G04975,0,0,0,0,0,0
AT5G04980,39,73,27,31,27,29
AT5G04985,0,0,0,0,0,0
AT5G04990,289,345,192,302,183,339
AT5G04995,0,0,0,0,0,0
AT5G05000,247,471,289,290,195,231
AT5G05005,0,0,0,0,0,0
AT5G05010,1907,1950,1222,2352,1259,1603
AT5G05015,0,0,0,0,0,0
AT5G05020,0,0,0,6,0,0
AT5G05030,0,0,0,0,0,0
AT5G05035,0,0,0,0,0,0
AT5G05040,0,0,0,0,0,0
AT5G05045,0,1,0,0,0,0
AT5G05050,0,0,0,0,0,0
AT5G05055,0,0,0,0,0,0
AT5G05060,346,702,276,294,347,224
AT5G05065,0,0,0,0,0,0
AT5G05070,3,0,2,5,0,3
AT5G05075,0,0,0,0,0,0
AT5G05080,669,1349,623,710,506,835
AT5G05085,45,56,64,65,56,84
AT5G05090,43,104,84,84,65,122
AT5G05095,0,0,0,0,0,0
AT5G05100,1088,1393,803,1129,763,1101
AT5G05105,0,0,0,0,0,0
AT5G05110,145,164,158,138,106,188
AT5G05113,0,0,0,0,0,0
AT5G05120,0,0,0,0,0,0
AT5G05125,0,0,0,0,0,0
AT5G05130,34,43,23,49,12,39
AT5G05135,0,0,0,0,0,0
AT5G05140,169,400,257,206,136,323
AT5G05150,0,0,0,1,0,0
AT5G05155,0,0,0,0,0,0
AT5G05160,72,156,124,72,101,70
AT5G05170,1067,978,560,694,749,1068
AT5G05175,0,0,0,0,0,0
AT5G05180,91,55,48,110,84,91
AT5G05185,0,0,0,0,0,0
AT5G05190,3,16,14,36,24,66
AT5G05195,0,0,0,0,0,0
AT5G05200,155,206,162,155,131,176
AT5G05205,0,0,0,0,0,0
AT5G05210,631,1069,580,679,428,627
AT5G05215,0,0,0,0,0,0
AT5G05220,12,4,1,2,0,9
AT5G05230,74,121,60,80,54,118
AT5G05235,0,0,0,0,0,0
AT5G05240,60,112,71,121,78,102
AT5G05250,205,27,25,64,58,302
AT5G05255,1,7,0,1,2,11
AT5G05260,0,0,0,0,0,0
AT5G05265,0,0,0,0,0,0
AT5G05270,238,357,213,29,28,63
AT5G05275,0,0,0,1,0,0
AT5G05280,0,0,0,0,0,0
AT5G05285,0,0,0,0,0,0
AT5G05290,0,0,0,0,0,0
AT5G05295,1,0,0,0,0,0
AT5G05300,0,0,0,0,0,4
AT5G05310,77,66,59,69,50,78
AT5G05315,0,0,0,0,0,0
AT5G05320,78,34,51,108,99,270
AT5G05325,0,0,0,0,0,0
AT5G05330,45,85,30,52,35,34
AT5G05335,2,0,0,0,0,0
AT5G05340,0,0,0,10,0,8
AT5G05350,4,3,0,1,0,0
AT5G05360,559,1080,742,480,400,550
AT5G05365,3,18,3,9,17,12
AT5G05370,850,3081,1424,716,699,1067
AT5G05375,0,0,0,0,0,0
AT5G05380,41,71,61,48,42,93
AT5G05385,0,0,1,0,0,0
AT5G05390,0,0,0,0,0,0
AT5G05395,0,0,0,0,0,0
AT5G05400,51,82,77,50,31,103
AT5G05410,142,46,25,65,46,603
AT5G05415,0,0,0,0,0,0
AT5G05420,0,1,0,0,0,0
AT5G05425,0,0,0,0,0,0
AT5G05430,1,0,0,0,0,0
AT5G05435,51,119,79,60,29,39
AT5G05440,505,598,541,428,359,227
AT5G05445,0,0,0,0,0,0
AT5G05450,351,222,230,401,300,470
AT5G05455,0,0,0,0,0,0
AT5G05460,206,194,95,399,208,319
AT5G05465,0,0,0,0,0,0
AT5G05470,121,227,163,248,126,155
AT5G05475,0,0,0,0,0,0
AT5G05480,101,67,84,106,105,183
AT5G05485,0,0,0,0,0,0
AT5G05490,0,0,2,0,4,1
AT5G05495,0,0,0,0,0,0
AT5G05500,75,394,287,241,364,605
AT5G05505,0,0,0,0,0,0
AT5G05510,68,129,33,56,30,55
AT5G05515,0,0,0,0,0,0
AT5G05520,357,481,226,420,263,371
AT5G05525,0,0,0,0,0,0
AT5G05530,1,9,16,11,2,21
AT5G05535,0,0,0,0,1,0
AT5G05540,400,282,132,331,290,293
AT5G05545,5,5,4,0,0,1
AT5G05550,87,131,93,132,69,151
AT5G05555,0,0,0,0,0,0
AT5G05560,40,85,50,113,83,94
AT5G05565,0,0,0,0,0,0
AT5G05570,121,67,83,104,87,163
AT5G05580,105,90,50,70,49,44
AT5G05585,0,0,0,0,0,0
AT5G05590,89,94,93,83,73,79
AT5G05598,0,0,0,0,0,0
AT5G05600,162,163,156,207,141,425
AT5G05605,0,0,0,0,0,0
AT5G05610,732,1045,569,541,438,562
AT5G05620,211,369,172,264,191,193
AT5G05625,0,0,0,0,0,0
AT5G05630,31,11,34,45,41,47
AT5G05635,20,39,16,15,11,9
AT5G05640,418,538,234,263,195,318
AT5G05645,0,0,0,0,0,0
AT5G05650,0,0,0,0,0,0
AT5G05653,0,0,0,0,0,0
AT5G05657,0,0,0,3,0,0
AT5G05660,273,203,152,262,263,304
AT5G05665,0,0,0,0,0,0
AT5G05670,726,755,488,623,450,630
AT5G05675,7,14,10,8,6,7
AT5G05680,564,233,200,334,290,285
AT5G05685,0,0,0,0,0,0
AT5G05690,488,440,250,347,309,371
AT5G05695,0,0,0,0,0,0
AT5G05700,142,182,121,129,82,198
AT5G05705,0,0,0,0,0,0
AT5G05710,81,170,137,71,52,117
AT5G05720,0,0,0,0,0,0
AT5G05725,0,0,0,0,0,0
AT5G05730,97,54,46,147,82,203
AT5G05735,2,0,0,5,5,7
AT5G05740,17,53,18,25,10,25
AT5G05745,0,0,0,0,0,0
AT5G05750,381,487,377,313,257,533
AT5G05755,0,0,1,0,0,0
AT5G05760,92,164,74,91,63,109
AT5G05765,0,0,0,0,0,0
AT5G05770,0,0,1,0,0,0
AT5G05780,1541,2319,1347,1474,1035,1191
AT5G05785,0,0,0,0,0,0
AT5G05790,79,193,110,53,74,83
AT5G05795,0,0,0,0,0,0
AT5G05800,218,215,134,206,189,153
AT5G05805,0,0,0,0,0,0
AT5G05810,13,14,16,15,10,18
AT5G05815,0,0,0,1,0,0
AT5G05820,172,286,217,274,195,225
AT5G05825,0,0,0,0,0,0
AT5G05830,119,228,110,125,78,95
AT5G05835,0,0,0,0,0,0
AT5G05840,11,8,6,13,9,1
AT5G05845,0,0,0,0,0,0
AT5G05850,36,28,24,30,14,29
AT5G05855,0,0,0,0,0,0
AT5G05860,170,187,95,140,116,140
AT5G05865,0,0,0,0,0,0
AT5G05870,83,62,65,72,67,93
AT5G05875,0,0,0,0,0,0
AT5G05880,215,233,98,563,309,459
AT5G05885,0,0,0,0,0,0
AT5G05890,714,708,340,744,471,475
AT5G05895,0,0,0,0,0,0
AT5G05900,91,106,66,294,168,242
AT5G05905,0,0,0,0,0,0
AT5G05910,0,0,0,0,0,0
AT5G05915,0,0,0,0,0,0
AT5G05920,71,119,93,101,77,67
AT5G05925,0,0,0,0,0,0
AT5G05930,78,185,90,114,97,140
AT5G05935,0,0,0,0,0,0
AT5G05940,48,28,31,41,76,50
AT5G05945,0,0,0,0,0,0
AT5G05950,720,1495,737,577,417,516
AT5G05955,0,0,0,0,0,0
AT5G05960,166,1910,1172,22,48,145
AT5G05965,107,45,22,91,38,119
AT5G05970,122,93,34,126,80,104
AT5G05975,0,0,0,0,0,0
AT5G05980,430,585,258,478,331,458
AT5G05985,0,0,0,0,0,0
AT5G05987,229,294,260,273,158,242
AT5G05990,147,341,170,190,131,120
AT5G05995,9,3,1,6,5,22
AT5G06000,128,162,66,120,71,69
AT5G06005,0,0,0,0,0,0
AT5G06010,0,1,0,5,1,1
AT5G06015,0,0,0,0,0,0
AT5G06020,0,0,0,0,0,0
AT5G06025,0,0,0,0,0,0
AT5G06030,0,0,0,0,0,0
AT5G06035,0,0,0,0,0,0
AT5G06040,0,0,0,0,0,0
AT5G06043,0,0,0,0,0,0
AT5G06045,0,0,0,0,0,0
AT5G06050,200,123,93,169,128,173
AT5G06055,0,0,0,0,0,0
AT5G06060,324,629,242,330,248,254
AT5G06065,0,0,0,0,0,0
AT5G06070,3,0,0,1,3,0
AT5G06075,0,0,0,0,0,0
AT5G06080,0,0,0,0,0,0
AT5G06085,0,0,0,0,0,0
AT5G06090,0,0,2,2,0,0
AT5G06095,0,0,0,0,0,0
AT5G06100,76,64,48,53,77,68
AT5G06105,0,0,0,0,0,0
AT5G06110,1318,1246,720,1278,958,1218
AT5G06115,0,0,0,0,0,0
AT5G06120,132,165,75,102,89,97
AT5G06125,0,0,0,0,0,0
AT5G06130,284,360,293,294,225,338
AT5G06140,695,920,519,616,505,679
AT5G06145,0,1,0,0,0,0
AT5G06150,528,789,503,443,413,626
AT5G06155,8,2,0,3,1,5
AT5G06160,240,280,198,297,222,282
AT5G06165,4,15,12,7,14,4
AT5G06170,0,0,0,0,0,0
AT5G06175,0,0,0,0,0,0
AT5G06180,142,122,67,115,118,111
AT5G06185,0,0,0,0,2,0
AT5G06190,74,150,59,53,34,83
AT5G06200,99,165,133,237,188,114
AT5G06205,4,0,2,0,4,0
AT5G06210,282,407,249,194,208,231
AT5G06220,46,103,57,78,66,65
AT5G06230,36,38,36,33,15,70
AT5G06235,6,15,11,12,5,13
AT5G06240,232,385,214,212,168,219
AT5G06245,0,2,2,4,2,1
AT5G06250,0,2,0,6,2,0
AT5G06255,3,0,2,0,0,1
AT5G06260,189,212,112,197,98,117
AT5G06265,206,483,218,219,196,280
AT5G06270,288,300,249,401,314,319
AT5G06275,5,0,5,1,0,2
AT5G06280,63,232,218,67,45,183
AT5G06285,3,1,1,1,2,0
AT5G06290,240,198,201,209,115,212
AT5G06295,0,0,0,1,1,1
AT5G06300,72,119,103,58,43,97
AT5G06305,0,1,0,1,0,0
AT5G06310,67,118,77,82,72,171
AT5G06320,638,170,128,253,175,1201
AT5G06325,0,0,0,0,0,0
AT5G06330,39,125,84,43,27,185
AT5G06335,0,0,0,0,0,0
AT5G06340,261,295,202,275,165,257
AT5G06345,0,0,1,0,0,0
AT5G06350,195,171,111,155,157,249
AT5G06360,1337,2265,1168,1081,867,1151
AT5G06365,0,0,0,0,0,0
AT5G06370,566,715,467,425,317,475
AT5G06380,25,16,13,26,27,31
AT5G06385,0,2,1,2,2,1
AT5G06390,22,33,40,50,51,59
AT5G06395,420,454,263,440,298,424
AT5G06400,10,7,3,8,3,16
AT5G06405,0,0,0,0,0,0
AT5G06410,74,134,79,96,47,102
AT5G06415,0,0,0,0,0,0
AT5G06420,51,74,25,42,24,38
AT5G06425,0,0,0,0,0,0
AT5G06430,62,150,87,81,37,51
AT5G06435,0,0,0,0,0,0
AT5G06440,82,113,82,107,57,91
AT5G06445,0,0,0,0,0,0
AT5G06450,274,452,236,243,206,299
AT5G06455,0,0,0,0,0,0
AT5G06460,209,97,92,235,102,114
AT5G06465,0,0,0,2,0,0
AT5G06470,37,27,21,27,20,12
AT5G06475,0,4,11,0,0,1
AT5G06480,111,184,123,86,37,96
AT5G06490,13,15,6,5,8,15
AT5G06495,0,0,0,0,0,0
AT5G06500,0,0,0,1,0,0
AT5G06505,0,0,0,0,0,2
AT5G06510,0,25,16,6,1,12
AT5G06515,0,0,0,0,1,0
AT5G06520,0,0,0,0,0,0
AT5G06525,0,0,0,1,0,0
AT5G06530,11,7,33,3,16,12
AT5G06535,0,0,0,0,0,0
AT5G06540,24,7,6,28,24,17
AT5G06545,0,0,0,1,0,1
AT5G06550,133,159,135,235,152,126
AT5G06560,209,228,160,196,131,218
AT5G06565,0,1,2,0,0,0
AT5G06570,30,72,170,65,52,413
AT5G06575,0,0,0,0,0,0
AT5G06580,96,87,44,96,69,107
AT5G06585,5,1,0,3,10,8
AT5G06590,123,187,83,123,90,89
AT5G06595,35,25,13,51,36,56
AT5G06600,449,605,184,362,371,490
AT5G06605,0,0,0,0,0,0
AT5G06610,155,282,128,126,124,137
AT5G06615,1,1,2,5,1,0
AT5G06620,97,78,57,72,82,68
AT5G06630,0,84,49,9,70,16
AT5G06635,0,0,0,0,0,0
AT5G06640,0,350,104,0,61,40
AT5G06645,0,13,4,0,11,5
AT5G06650,0,0,0,0,0,0
AT5G06655,0,0,0,0,0,0
AT5G06660,759,1156,691,867,617,820
AT5G06665,200,414,236,245,170,283
AT5G06670,71,85,58,47,52,53
AT5G06675,0,0,0,0,0,0
AT5G06680,44,44,37,71,63,95
AT5G06685,0,0,0,0,0,0
AT5G06690,29,28,19,18,13,47
AT5G06695,9,8,5,0,0,0
AT5G06700,344,419,330,389,307,318
AT5G06705,0,0,0,0,0,0
AT5G06710,85,69,122,47,44,46
AT5G06715,0,0,0,0,0,0
AT5G06720,0,0,0,21,18,2
AT5G06730,64,66,44,81,98,102
AT5G06735,0,1,0,0,0,0
AT5G06740,86,39,47,88,51,63
AT5G06745,0,0,0,0,0,0
AT5G06750,243,281,146,235,196,339
AT5G06755,0,4,2,3,0,7
AT5G06760,0,0,1,0,0,66
AT5G06765,0,0,0,0,0,0
AT5G06770,82,117,47,54,43,86
AT5G06775,0,0,0,0,0,0
AT5G06780,198,267,123,226,154,163
AT5G06785,0,0,0,0,0,0
AT5G06790,8,9,3,1,5,2
AT5G06795,0,1,0,0,0,0
AT5G06800,144,315,263,178,205,303
AT5G06810,38,29,10,28,24,37
AT5G06811,17,35,15,38,29,41
AT5G06815,0,0,0,0,0,0
AT5G06820,6,11,1,2,0,2
AT5G06825,0,0,0,0,0,0
AT5G06830,186,270,114,219,158,166
AT5G06835,0,0,0,0,0,0
AT5G06839,47,98,90,21,28,135
AT5G06845,0,16,5,2,3,3
AT5G06850,126,130,67,123,135,123
AT5G06855,0,0,0,0,0,0
AT5G06860,804,1503,967,2345,1121,2313
AT5G06865,604,1087,697,1729,851,1682
AT5G06870,0,7,2,1,0,2
AT5G06875,0,0,0,0,0,0
AT5G06880,0,0,0,0,0,1
AT5G06885,1,4,2,2,1,3
AT5G06890,0,0,0,0,0,0
AT5G06900,0,0,0,0,0,0
AT5G06905,0,0,0,0,0,0
AT5G06910,141,270,147,140,128,191
AT5G06915,0,0,0,0,0,0
AT5G06920,0,0,0,0,0,0
AT5G06925,0,0,0,0,0,0
AT5G06930,34,122,48,68,42,42
AT5G06935,0,0,0,0,0,0
AT5G06940,72,84,26,70,48,33
AT5G06945,0,0,0,0,0,0
AT5G06950,208,246,158,199,188,132
AT5G06955,0,0,0,0,0,0
AT5G06960,103,296,214,138,125,167
AT5G06965,0,1,0,0,0,0
AT5G06970,194,192,95,234,208,219
AT5G06975,0,0,0,0,0,0
AT5G06980,68,85,51,45,36,62
AT5G06985,0,0,0,0,0,0
AT5G06990,0,11,6,0,9,7
AT5G06995,0,0,0,0,0,0
AT5G07000,60,51,36,52,35,39
AT5G07005,0,0,0,0,0,1
AT5G07010,309,201,105,478,256,718
AT5G07015,9,28,22,9,15,27
AT5G07020,45,62,46,35,33,33
AT5G07025,48,161,86,53,34,68
AT5G07030,389,326,426,463,301,276
AT5G07035,0,0,0,0,0,0
AT5G07040,167,73,125,140,110,121
AT5G07050,0,0,3,7,0,0
AT5G07055,0,2,0,10,0,0
AT5G07060,0,2,0,0,0,0
AT5G07065,0,0,0,0,0,0
AT5G07070,60,54,32,48,48,51
AT5G07075,0,0,0,0,0,0
AT5G07080,52,178,122,95,130,141
AT5G07090,9449,13905,8589,9186,6518,8466
AT5G07095,0,8,0,1,2,4
AT5G07100,18,43,53,39,31,117
AT5G07105,11,27,11,8,3,5
AT5G07110,638,419,621,575,413,578
AT5G07115,0,2,0,1,7,0
AT5G07120,116,148,75,132,76,127
AT5G07125,0,0,0,0,1,0
AT5G07130,32,22,25,42,52,12
AT5G07135,0,0,0,0,0,0
AT5G07140,123,49,60,156,95,119
AT5G07145,1,0,0,0,0,1
AT5G07150,31,55,40,25,29,66
AT5G07152,53,54,41,29,27,41
AT5G07155,0,0,0,0,0,0
AT5G07160,0,0,0,0,0,0
AT5G07165,0,0,0,0,0,3
AT5G07170,0,0,0,0,0,0
AT5G07175,0,0,0,0,0,0
AT5G07180,0,0,5,0,0,0
AT5G07185,0,0,0,0,0,0
AT5G07190,0,3,0,0,0,0
AT5G07195,0,0,0,0,0,0
AT5G07200,95,19,25,75,49,89
AT5G07205,0,0,0,0,0,0
AT5G07210,0,0,0,0,0,0
AT5G07220,500,661,550,522,428,962
AT5G07225,0,0,0,0,0,0
AT5G07230,0,0,0,0,0,0
AT5G07240,78,75,44,57,53,18
AT5G07250,88,133,94,77,30,105
AT5G07255,0,1,0,1,0,0
AT5G07260,0,0,0,0,0,0
AT5G07265,6,11,1,6,4,5
AT5G07270,176,171,127,227,135,198
AT5G07275,0,0,0,1,1,1
AT5G07280,2,2,1,2,0,9
AT5G07285,10,20,6,10,12,17
AT5G07290,138,112,76,200,177,177
AT5G07295,0,0,0,1,0,0
AT5G07300,311,387,204,334,279,346
AT5G07310,0,0,0,0,0,0
AT5G07315,0,0,0,0,0,0
AT5G07320,145,174,76,166,102,109
AT5G07322,842,2384,1326,567,488,832
AT5G07325,0,1,0,0,0,0
AT5G07330,8,1,3,9,1,9
AT5G07335,0,0,0,0,0,0
AT5G07340,187,250,100,294,127,247
AT5G07345,0,0,0,0,0,0
AT5G07350,932,856,389,869,699,828
AT5G07355,0,0,0,0,0,0
AT5G07360,73,95,87,177,111,287
AT5G07365,0,2,0,0,0,0
AT5G07370,224,443,344,339,260,356
AT5G07380,0,10,0,2,3,7
AT5G07385,0,0,0,0,0,0
AT5G07390,6,8,6,16,15,20
AT5G07395,0,0,0,0,0,0
AT5G07400,58,46,10,28,16,24
AT5G07405,0,0,0,0,0,0
AT5G07410,0,0,0,0,0,0
AT5G07415,0,0,1,0,0,0
AT5G07420,0,0,0,0,0,0
AT5G07425,0,0,0,0,0,0
AT5G07430,0,0,0,0,0,0
AT5G07435,0,0,0,0,0,0
AT5G07440,872,1950,1795,2732,1283,3343
AT5G07445,0,1,0,0,1,0
AT5G07450,0,5,4,3,2,2
AT5G07455,0,1,0,0,1,0
AT5G07460,244,462,327,362,186,612
AT5G07465,0,1,0,0,0,0
AT5G07470,1088,1428,899,876,671,1068
AT5G07475,0,6,12,2,0,12
AT5G07480,0,0,0,0,0,0
AT5G07485,0,0,0,0,0,0
AT5G07490,0,0,0,0,0,0
AT5G07495,0,0,0,0,0,0
AT5G07500,0,0,0,0,0,0
AT5G07510,0,0,0,0,1,0
AT5G07515,0,0,0,0,0,1
AT5G07520,0,0,0,0,0,0
AT5G07525,1,0,0,0,1,0
AT5G07530,0,0,0,0,0,0
AT5G07535,0,0,0,0,0,0
AT5G07540,0,0,0,0,0,0
AT5G07545,0,0,0,0,0,0
AT5G07550,0,10,4,12,5,1
AT5G07555,0,0,0,0,0,0
AT5G07560,0,0,0,0,0,0
AT5G07565,0,0,0,0,0,0
AT5G07570,0,1,0,0,0,1
AT5G07571,0,0,0,2,0,3
AT5G07572,0,0,0,1,0,2
AT5G07575,0,0,0,0,0,0
AT5G07580,92,79,43,48,57,86
AT5G07585,0,0,0,0,0,0
AT5G07590,165,151,163,235,100,234
AT5G07595,0,0,0,0,0,0
AT5G07600,0,0,0,1,0,0
AT5G07605,0,0,0,0,0,0
AT5G07610,22,10,9,8,9,29
AT5G07615,0,1,0,3,0,0
AT5G07620,15,3,1,3,7,14
AT5G07625,0,0,0,0,0,0
AT5G07630,164,199,81,153,133,113
AT5G07635,8,9,6,6,6,6
AT5G07640,2,2,1,9,9,21
AT5G07650,20,20,13,10,10,61
AT5G07655,0,0,0,0,0,0
AT5G07660,19,22,11,18,10,18
AT5G07665,0,0,0,0,0,0
AT5G07670,68,139,63,74,72,100
AT5G07675,0,0,0,0,0,0
AT5G07680,18,93,89,45,32,124
AT5G07690,0,0,0,0,0,0
AT5G07695,0,0,0,0,0,0
AT5G07700,0,0,0,0,0,0
AT5G07705,0,0,0,0,0,0
AT5G07710,38,63,37,39,72,36
AT5G07715,0,0,0,0,0,0
AT5G07720,42,40,22,47,28,46
AT5G07725,1,2,1,0,0,0
AT5G07730,43,99,58,44,40,65
AT5G07735,2,3,1,0,1,1
AT5G07740,108,108,62,121,77,127
AT5G07745,1,1,1,0,0,0
AT5G07760,0,0,0,0,0,0
AT5G07770,57,57,65,73,72,177
AT5G07775,0,0,0,0,0,0
AT5G07780,10,28,12,9,22,26
AT5G07785,0,0,0,0,0,0
AT5G07790,70,80,34,74,59,71
AT5G07795,0,0,0,0,0,0
AT5G07800,1,19,10,17,16,14
AT5G07805,0,0,0,0,0,0
AT5G07810,51,87,36,58,29,59
AT5G07815,0,0,0,0,0,0
AT5G07820,61,105,46,56,41,95
AT5G07825,2,1,3,0,0,0
AT5G07830,77,126,73,88,55,82
AT5G07835,0,0,0,0,0,0
AT5G07840,79,125,77,101,114,80
AT5G07845,0,0,0,1,0,0
AT5G07850,0,0,0,0,0,0
AT5G07855,0,0,0,0,0,0
AT5G07860,1012,884,454,1031,536,911
AT5G07865,0,0,0,0,0,0
AT5G07870,614,925,483,793,461,617
AT5G07875,1,0,0,0,0,1
AT5G07880,57,173,69,95,60,89
AT5G07885,4,2,7,8,4,1
AT5G07890,181,245,70,140,96,155
AT5G07895,0,0,0,0,0,0
AT5G07900,50,92,36,49,33,30
AT5G07905,0,0,0,3,2,0
AT5G07910,153,296,155,186,109,156
AT5G07915,0,0,0,0,0,0
AT5G07920,176,170,86,120,92,103
AT5G07925,0,0,0,0,0,0
AT5G07930,0,0,0,0,0,0
AT5G07935,0,0,0,0,0,0
AT5G07940,63,127,77,123,73,104
AT5G07945,0,0,0,0,0,0
AT5G07950,123,177,136,115,113,97
AT5G07955,0,0,4,0,0,0
AT5G07960,1871,3462,1824,1494,1125,1551
AT5G07965,0,0,0,0,0,1
AT5G07970,223,190,81,149,164,88
AT5G07975,6,21,8,10,5,3
AT5G07980,62,29,39,62,70,69
AT5G07985,0,2,4,1,0,1
AT5G07990,31,10,9,0,5,3
AT5G07995,5,51,35,1,2,2
AT5G08000,0,0,11,0,0,0
AT5G08005,0,0,0,0,0,0
AT5G08010,45,118,42,43,42,68
AT5G08015,0,0,0,0,0,0
AT5G08020,156,241,66,231,148,143
AT5G08025,0,0,0,0,0,0
AT5G08030,2,1,0,0,0,0
AT5G08035,0,1,0,0,0,0
AT5G08040,398,1571,825,279,278,327
AT5G08045,0,0,0,0,0,0
AT5G08050,13,8,2,2,0,0
AT5G08055,0,0,0,0,0,0
AT5G08060,1868,3081,2396,2037,1364,2070
AT5G08065,0,0,0,0,0,0
AT5G08070,0,0,0,0,0,0
AT5G08075,0,0,0,0,0,0
AT5G08080,306,579,266,278,198,276
AT5G08085,0,0,0,0,0,0
AT5G08090,0,0,0,2,0,2
AT5G08095,0,0,0,0,0,0
AT5G08100,1078,679,540,779,690,744
AT5G08105,0,0,0,0,0,2
AT5G08110,44,59,20,30,35,35
AT5G08115,0,0,0,0,0,0
AT5G08120,385,694,297,409,233,364
AT5G08125,0,0,0,0,0,0
AT5G08130,493,458,387,650,525,787
AT5G08135,1,2,2,0,0,0
AT5G08139,58,86,52,77,61,110
AT5G08141,2,0,0,0,1,0
AT5G08150,0,0,0,0,0,1
AT5G08160,590,902,480,821,501,730
AT5G08165,0,0,0,0,0,0
AT5G08170,177,188,152,220,124,197
AT5G08175,5,4,5,1,1,2
AT5G08180,2326,4307,2368,2091,1596,1891
AT5G08185,4,2,1,1,2,4
AT5G08190,342,679,380,358,264,347
AT5G08195,0,0,0,0,0,0
AT5G08200,181,192,164,206,165,218
AT5G08205,0,0,0,0,0,0
AT5G08210,1,1,0,1,0,3
AT5G08215,0,0,0,0,0,0
AT5G08225,0,0,0,0,0,0
AT5G08230,172,137,87,106,84,153
AT5G08235,5,3,1,4,1,2
AT5G08240,72,270,259,82,64,942
AT5G08250,3,1,1,0,0,2
AT5G08255,0,0,0,0,0,0
AT5G08260,506,386,190,295,267,254
AT5G08265,0,0,1,0,0,0
AT5G08270,55,62,52,60,49,39
AT5G08275,2,0,0,0,1,0
AT5G08280,248,266,183,334,205,235
AT5G08285,0,0,0,0,0,0
AT5G08290,2734,4661,2833,1964,1451,2596
AT5G08300,683,1497,906,912,458,839
AT5G08305,46,10,10,16,11,25
AT5G08310,5,6,15,17,13,21
AT5G08315,0,0,0,0,0,0
AT5G08320,208,378,183,152,112,173
AT5G08330,168,174,112,201,152,163
AT5G08335,58,170,55,58,41,64
AT5G08340,305,299,281,264,228,244
AT5G08350,287,191,207,207,204,183
AT5G08360,98,34,45,96,102,54
AT5G08370,128,81,98,68,76,76
AT5G08375,0,0,0,0,0,0
AT5G08380,200,153,96,324,162,261
AT5G08385,0,0,0,0,0,0
AT5G08390,250,243,128,211,215,167
AT5G08391,106,168,166,32,102,50
AT5G08395,0,0,0,0,0,0
AT5G08400,100,112,52,84,63,81
AT5G08410,111,159,83,95,70,132
AT5G08415,94,306,158,194,96,124
AT5G08420,962,1080,644,1081,626,790
AT5G08425,0,0,0,0,0,0
AT5G08430,166,268,124,119,115,146
AT5G08435,0,0,0,0,0,0
AT5G08440,104,136,69,155,101,100
AT5G08445,1,7,2,2,4,0
AT5G08450,677,479,384,639,427,638
AT5G08455,0,0,0,0,0,0
AT5G08460,0,0,0,0,0,0
AT5G08465,0,0,0,2,0,0
AT5G08470,140,105,87,122,95,141
AT5G08475,0,0,0,0,0,0
AT5G08480,11,17,16,10,6,10
AT5G08485,0,0,0,0,0,0
AT5G08490,9,19,14,19,10,8
AT5G08495,5,9,3,3,3,0
AT5G08500,170,197,144,170,146,177
AT5G08505,0,2,0,0,0,0
AT5G08510,108,139,101,98,92,149
AT5G08515,0,0,0,0,1,0
AT5G08520,62,143,110,112,107,118
AT5G08525,0,0,1,0,0,0
AT5G08530,1456,1108,819,1675,933,1402
AT5G08535,159,275,114,132,105,142
AT5G08540,361,313,263,267,243,314
AT5G08550,58,68,62,93,81,114
AT5G08560,300,382,251,345,225,265
AT5G08565,176,300,175,134,100,116
AT5G08570,849,872,459,983,600,773
AT5G08575,0,0,0,0,0,0
AT5G08580,270,424,267,486,221,296
AT5G08585,0,0,0,0,0,0
AT5G08590,615,1124,528,913,545,812
AT5G08595,0,0,0,0,0,0
AT5G08600,72,59,4,32,19,41
AT5G08605,0,0,0,0,0,0
AT5G08610,101,74,69,104,100,87
AT5G08615,6,6,4,3,2,3
AT5G08620,747,632,309,640,584,552
AT5G08630,340,232,115,230,142,213
AT5G08635,0,0,0,0,0,0
AT5G08640,66,50,53,3,0,0
AT5G08645,0,0,0,0,0,0
AT5G08650,76,70,52,60,56,54
AT5G08655,0,0,0,0,0,0
AT5G08660,69,94,89,80,101,113
AT5G08665,0,0,0,0,0,0
AT5G08670,3607,2494,2268,4391,2666,3834
AT5G08675,0,0,0,0,0,0
AT5G08680,1249,1103,1068,1576,830,1551
AT5G08685,0,0,0,0,0,1
AT5G08690,2800,2027,1426,2363,1423,2422
AT5G08695,0,1,0,0,0,0
AT5G08705,0,0,0,0,0,0
AT5G08710,52,32,19,25,27,48
AT5G08712,0,0,0,0,0,0
AT5G08715,1,0,0,0,0,0
AT5G08717,0,0,0,0,0,0
AT5G08720,63,53,34,27,24,28
AT5G08725,0,0,0,0,0,0
AT5G08730,0,0,0,0,0,0
AT5G08735,0,0,0,0,0,0
AT5G08740,159,108,106,81,60,92
AT5G08745,0,0,0,0,0,0
AT5G08750,163,183,68,170,222,149
AT5G08755,0,0,0,0,0,0
AT5G08760,2,1,2,1,1,2
AT5G08765,3,0,0,0,0,0
AT5G08770,130,167,138,146,115,121
AT5G08775,0,0,0,0,0,0
AT5G08780,77,76,65,122,74,98
AT5G08785,0,0,0,1,0,0
AT5G08790,1223,830,600,1300,937,1975
AT5G08800,0,0,0,0,0,0
AT5G08805,0,0,0,0,0,0
AT5G08810,0,0,0,2,0,0
AT5G08815,0,0,0,0,0,0
AT5G08820,102,107,49,111,74,142
AT5G08825,0,0,0,0,0,0
AT5G08830,0,1,1,0,0,2
AT5G08835,20,29,8,26,22,30
AT5G08840,0,0,0,0,1,0
AT5G08845,0,1,0,1,0,0
AT5G08850,0,0,0,0,0,0
AT5G08855,28,104,30,27,44,26
AT5G08860,0,1,0,1,0,0
AT5G08865,4,11,6,5,4,0
AT5G08870,4,6,0,1,5,4
AT5G08875,2,1,1,0,0,1
AT5G08880,26,23,4,21,8,10
AT5G08885,5,3,4,2,1,1
AT5G08890,0,0,0,0,0,0
AT5G08895,0,0,0,0,0,0
AT5G08900,0,0,0,0,0,0
AT5G08905,0,0,0,0,0,0
AT5G08910,0,0,0,0,0,0
AT5G08915,0,0,0,0,0,0
AT5G08920,111,194,137,98,107,133
AT5G08925,0,0,0,0,0,0
AT5G08930,3,2,1,0,2,5
AT5G08935,0,0,0,0,0,0
AT5G08940,0,0,0,0,0,0
AT5G08945,0,0,0,0,1,0
AT5G08950,0,0,1,0,0,0
AT5G08955,2,1,1,2,2,0
AT5G08960,2,4,6,10,7,8
AT5G08965,9,5,1,11,2,3
AT5G08970,0,0,0,0,0,0
AT5G08975,0,0,0,4,0,0
AT5G08980,9,10,11,4,3,4
AT5G08985,0,0,0,0,0,0
AT5G08990,0,1,2,0,1,0
AT5G08995,0,0,0,0,0,0
AT5G09000,0,0,0,0,0,0
AT5G09005,0,0,0,0,0,0
AT5G09010,0,0,0,0,0,0
AT5G09015,0,0,0,0,0,0
AT5G09020,1,1,0,0,0,1
AT5G09025,0,0,0,0,0,0
AT5G09030,36,19,14,13,8,8
AT5G09035,0,0,0,0,0,0
AT5G09040,0,0,0,0,0,0
AT5G09045,0,0,0,0,0,0
AT5G09050,0,0,0,0,0,0
AT5G09055,0,0,0,0,0,0
AT5G09060,2,0,5,1,0,5
AT5G09065,0,7,1,1,0,5
AT5G09070,0,0,0,0,0,0
AT5G09080,0,0,0,0,0,0
AT5G09085,0,0,0,0,0,0
AT5G09090,0,1,2,0,0,0
AT5G09095,0,0,0,0,0,0
AT5G09100,0,0,0,0,0,0
AT5G09105,0,0,0,0,0,0
AT5G09110,0,0,0,0,0,0
AT5G09120,0,0,1,0,0,0
AT5G09125,2,23,2,3,1,2
AT5G09130,1,0,0,0,0,0
AT5G09135,0,3,0,0,0,0
AT5G09140,0,0,0,0,0,0
AT5G09145,0,0,0,0,0,0
AT5G09150,5,3,1,3,0,4
AT5G09155,65,94,49,53,34,110
AT5G09160,0,0,0,0,1,1
AT5G09165,0,0,0,0,0,0
AT5G09170,0,0,0,0,0,0
AT5G09175,19,30,27,66,40,68
AT5G09185,2,0,1,2,1,6
AT5G09190,0,3,3,0,1,0
AT5G09195,3,0,0,1,0,0
AT5G09200,0,0,0,0,0,0
AT5G09205,0,0,0,0,0,0
AT5G09210,0,2,0,0,0,0
AT5G09215,0,0,0,0,0,0
AT5G09220,4373,7751,5786,2156,3781,5251
AT5G09225,352,590,361,230,199,261
AT5G09230,73,45,45,56,44,59
AT5G09235,1,1,1,0,0,0
AT5G09240,65,110,44,39,32,43
AT5G09245,0,0,0,0,0,0
AT5G09250,166,390,197,187,134,162
AT5G09255,0,0,0,0,0,0
AT5G09260,115,261,153,76,109,138
AT5G09265,0,0,0,0,0,0
AT5G09270,186,526,293,201,148,180
AT5G09275,64,246,106,95,58,77
AT5G09280,0,1,0,0,0,0
AT5G09285,46,35,26,41,25,58
AT5G09290,97,90,52,222,171,344
AT5G09295,2,1,1,4,2,2
AT5G09300,269,331,165,268,198,226
AT5G09305,4,2,3,0,1,1
AT5G09310,491,488,543,380,304,448
AT5G09315,44,28,9,19,7,25
AT5G09320,0,0,1,3,0,0
AT5G09325,0,0,0,1,0,0
AT5G09330,445,510,289,468,431,376
AT5G09335,1,0,0,0,0,0
AT5G09340,0,0,0,0,0,0
AT5G09345,0,0,0,0,0,0
AT5G09350,49,73,43,26,40,58
AT5G09360,0,0,0,3,1,0
AT5G09365,0,0,0,0,0,0
AT5G09370,0,0,0,0,0,0
AT5G09375,0,0,0,0,0,0
AT5G09380,84,137,53,103,57,76
AT5G09385,4,7,8,1,0,0
AT5G09390,210,388,197,284,190,248
AT5G09395,4,0,0,1,5,0
AT5G09400,218,275,143,270,167,255
AT5G09405,1,5,2,4,8,3
AT5G09410,297,334,192,214,196,277
AT5G09415,0,0,3,0,0,1
AT5G09420,33,46,41,30,34,46
AT5G09425,0,0,0,0,0,0
AT5G09430,11,33,14,8,18,13
AT5G09435,8,22,4,8,8,9
AT5G09440,212,461,344,151,93,330
AT5G09443,108,278,130,92,94,137
AT5G09445,66,164,97,56,56,87
AT5G09450,305,365,273,318,261,332
AT5G09455,0,0,0,0,0,0
AT5G09460,139,192,186,114,143,168
AT5G09465,0,0,0,0,0,0
AT5G09470,0,0,0,0,0,0
AT5G09475,0,2,0,0,0,0
AT5G09480,0,76,4,16,7,46
AT5G09490,1,0,0,0,0,0
AT5G09495,0,0,0,0,0,0
AT5G09500,57,95,56,48,32,55
AT5G09505,19,16,6,7,5,1
AT5G09510,5057,5888,3827,4131,2839,3580
AT5G09515,1,0,0,0,1,0
AT5G09520,0,12,7,0,0,0
AT5G09530,3,22,69,3,5,29
AT5G09535,17,52,23,37,31,47
AT5G09540,69,65,48,37,37,45
AT5G09545,0,0,0,0,0,0
AT5G09550,0,0,0,0,0,0
AT5G09555,0,0,0,0,0,0
AT5G09560,0,0,0,0,0,0
AT5G09565,41,91,67,38,36,88
AT5G09570,0,0,0,0,0,0
AT5G09580,14,50,15,17,28,16
AT5G09585,19,34,12,0,4,4
AT5G09590,197,337,147,258,165,292
AT5G09595,366,277,732,1145,445,824
AT5G09600,387,792,607,487,329,345
AT5G09605,0,0,0,0,0,0
AT5G09610,1,4,0,4,1,0
AT5G09615,0,0,0,0,0,0
AT5G09620,258,304,166,313,260,397
AT5G09630,27,24,25,37,32,41
AT5G09635,3,12,1,1,2,2
AT5G09640,0,0,0,4,1,3
AT5G09645,0,2,0,0,0,0
AT5G09650,1069,1909,942,935,682,960
AT5G09655,0,0,0,0,0,0
AT5G09660,7,3,10,1,3,16
AT5G09665,1,0,0,0,0,0
AT5G09670,89,85,38,94,100,102
AT5G09675,0,0,1,0,0,0
AT5G09680,176,386,180,123,104,209
AT5G09685,15,22,16,18,15,18
AT5G09690,48,112,64,79,66,133
AT5G09695,0,0,0,0,0,0
AT5G09700,0,4,0,1,0,2
AT5G09705,0,0,0,2,0,0
AT5G09711,0,1,1,0,1,0
AT5G09715,0,0,0,0,0,0
AT5G09720,36,51,43,128,57,113
AT5G09730,23,133,84,19,34,74
AT5G09735,0,1,0,0,0,0
AT5G09740,157,130,98,122,88,162
AT5G09750,0,0,0,0,0,0
AT5G09755,0,0,0,0,0,0
AT5G09760,144,149,80,115,100,84
AT5G09765,0,3,6,0,0,0
AT5G09770,923,805,928,849,600,884
AT5G09775,0,0,0,0,0,0
AT5G09780,0,0,0,0,0,0
AT5G09785,0,0,0,2,1,1
AT5G09790,103,77,91,124,76,107
AT5G09800,33,101,39,22,38,39
AT5G09805,0,0,0,0,0,0
AT5G09810,7366,9664,6110,8806,5164,6183
AT5G09815,0,0,0,0,0,0
AT5G09820,21,61,36,44,15,21
AT5G09825,0,0,0,0,0,0
AT5G09830,650,1412,715,393,351,556
AT5G09835,0,0,0,0,0,0
AT5G09840,59,51,84,60,44,72
AT5G09845,6,2,3,5,2,5
AT5G09850,203,416,225,233,177,237
AT5G09855,24,19,24,41,33,40
AT5G09860,147,284,159,163,103,188
AT5G09865,0,0,0,0,0,0
AT5G09870,123,107,58,109,128,95
AT5G09875,0,0,0,0,0,0
AT5G09876,0,0,0,0,0,0
AT5G09880,134,247,122,178,141,247
AT5G09885,0,0,0,0,0,0
AT5G09890,432,514,354,611,447,623
AT5G09895,0,3,0,0,1,0
AT5G09900,1189,2071,1240,1325,800,1095
AT5G09910,0,0,1,0,0,0
AT5G09915,0,0,0,0,0,0
AT5G09920,320,884,395,319,271,402
AT5G09925,1,1,1,0,0,2
AT5G09930,0,0,2,3,0,0
AT5G09940,0,0,0,0,0,0
AT5G09945,0,0,0,0,0,0
AT5G09950,9,0,5,7,31,4
AT5G09955,0,0,0,0,0,0
AT5G09960,289,928,550,262,210,244
AT5G09965,0,0,0,0,0,0
AT5G09970,0,0,0,0,0,0
AT5G09975,0,0,0,0,0,0
AT5G09976,0,1,0,1,0,0
AT5G09978,185,679,335,138,73,614
AT5G09980,430,606,358,519,380,600
AT5G09990,5,21,13,6,2,7
AT5G09995,172,418,238,159,167,225
AT5G10000,0,0,0,2,0,0
AT5G10010,361,377,233,427,236,384
AT5G10020,146,115,108,182,157,189
AT5G10030,104,184,90,64,99,65
AT5G10040,0,0,0,0,0,3
AT5G10050,119,162,95,124,72,123
AT5G10060,357,325,237,337,295,320
AT5G10070,108,221,157,138,77,157
AT5G10080,52,77,35,39,20,38
AT5G10090,0,0,1,0,0,0
AT5G10100,22,21,15,8,7,2
AT5G10110,155,104,92,90,88,128
AT5G10120,0,0,0,0,0,0
AT5G10130,189,553,514,524,274,359
AT5G10140,9,13,27,24,2,13
AT5G10150,5,9,9,2,1,8
AT5G10160,583,926,745,634,367,516
AT5G10170,161,348,246,102,54,83
AT5G10180,0,22,30,0,0,17
AT5G10190,122,75,88,169,113,197
AT5G10200,102,139,66,90,120,132
AT5G10210,90,101,56,103,86,627
AT5G10220,0,4,0,2,3,14
AT5G10230,0,5,4,0,0,0
AT5G10235,0,0,0,0,0,0
AT5G10240,307,222,188,310,228,261
AT5G10250,0,0,0,0,0,0
AT5G10260,66,112,82,37,35,57
AT5G10270,175,127,115,204,121,146
AT5G10278,70,109,62,77,73,71
AT5G10280,162,291,247,141,110,202
AT5G10290,81,108,108,111,112,109
AT5G10300,197,206,151,241,143,299
AT5G10310,1,11,5,8,4,1
AT5G10320,34,75,24,33,34,47
AT5G10330,418,748,320,414,304,294
AT5G10336,0,1,0,1,1,0
AT5G10340,3,10,12,4,6,2
AT5G10350,688,891,621,640,549,619
AT5G10360,4010,4581,3081,4611,3407,4235
AT5G10370,45,14,30,13,23,21
AT5G10380,0,2,9,10,4,7
AT5G10390,434,675,565,409,348,338
AT5G10400,832,2592,1454,1087,961,1166
AT5G10410,23,36,23,9,3,19
AT5G10420,0,0,0,3,0,0
AT5G10430,2668,1629,3897,3728,3335,3498
AT5G10435,937,480,1233,1172,1033,1086
AT5G10440,35,65,41,31,27,25
AT5G10450,2919,4641,2874,2565,1836,3020
AT5G10455,0,0,0,0,0,0
AT5G10460,283,404,275,225,143,174
AT5G10470,37,107,31,57,40,51
AT5G10480,240,790,515,402,231,332
AT5G10490,158,147,127,123,106,165
AT5G10500,0,0,0,0,0,0
AT5G10510,778,531,367,906,523,671
AT5G10520,248,275,193,247,228,300
AT5G10525,0,0,0,0,0,0
AT5G10530,85,11,5,96,95,173
AT5G10540,1240,706,410,1165,901,1156
AT5G10550,647,418,265,583,600,605
AT5G10560,200,176,125,244,164,199
AT5G10570,0,2,7,0,0,8
AT5G10572,0,4,7,1,0,2
AT5G10580,903,1574,1655,2472,1622,1513
AT5G10590,2,3,0,3,2,1
AT5G10600,24,42,26,45,35,50
AT5G10605,24,32,27,47,36,50
AT5G10610,106,90,99,153,88,128
AT5G10620,46,83,48,46,15,44
AT5G10625,589,399,401,508,431,439
AT5G10630,83,145,46,113,66,126
AT5G10650,143,140,81,119,139,191
AT5G10660,0,0,1,0,0,4
AT5G10680,11,7,2,11,4,9
AT5G10690,47,76,38,64,50,64
AT5G10695,241,192,143,127,84,1061
AT5G10700,72,107,65,65,43,89
AT5G10710,148,187,131,128,102,110
AT5G10720,142,157,70,115,100,142
AT5G10730,201,411,263,267,148,236
AT5G10740,132,113,71,81,63,107
AT5G10745,410,650,385,306,268,414
AT5G10750,157,177,134,146,112,183
AT5G10760,0,0,1,0,1,0
AT5G10770,46,51,24,8,30,14
AT5G10780,1512,2584,1515,1529,1064,1710
AT5G10790,145,155,92,117,119,104
AT5G10800,25,19,10,21,17,13
AT5G10810,318,882,530,312,196,320
AT5G10820,208,460,243,262,201,373
AT5G10830,776,538,547,890,661,988
AT5G10840,926,1052,587,1280,699,1053
AT5G10860,2362,4061,2059,2551,1626,3141
AT5G10870,95,236,128,141,78,153
AT5G10880,0,0,0,0,0,0
AT5G10890,0,0,0,0,0,2
AT5G10900,79,91,38,69,35,44
AT5G10910,73,192,76,93,95,107
AT5G10920,266,283,166,281,163,234
AT5G10930,120,294,124,121,174,207
AT5G10940,166,159,62,152,119,140
AT5G10945,0,0,0,0,0,0
AT5G10946,45,61,32,55,68,156
AT5G10950,236,392,184,253,147,273
AT5G10960,1154,2289,1394,1449,1066,1705
AT5G10965,175,515,296,77,70,59
AT5G10970,91,208,129,16,18,6
AT5G10980,2667,5169,4203,3646,2407,4243
AT5G10990,44,55,19,25,30,64
AT5G11000,131,167,98,172,155,146
AT5G11010,205,267,137,222,169,212
AT5G11020,39,69,39,46,33,47
AT5G11030,108,160,84,94,98,90
AT5G11040,326,269,228,405,256,402
AT5G11050,0,0,0,0,0,0
AT5G11060,0,0,0,0,3,7
AT5G11070,43,48,26,20,16,73
AT5G11080,0,0,0,0,0,0
AT5G11090,554,1441,818,523,703,763
AT5G11100,59,38,31,35,24,29
AT5G11110,44,40,13,1,18,37
AT5G11130,0,0,0,0,0,0
AT5G11140,0,2,1,1,1,2
AT5G11150,186,442,201,285,195,271
AT5G11160,33,173,21,14,8,30
AT5G11170,1284,1940,1015,1314,795,1168
AT5G11180,14,15,4,14,6,12
AT5G11190,0,0,0,0,0,0
AT5G11200,1112,1525,774,1258,698,1243
AT5G11210,17,7,10,25,8,38
AT5G11220,0,0,0,0,0,0
AT5G11225,0,0,0,0,0,0
AT5G11230,299,554,245,439,297,332
AT5G11240,244,282,140,222,177,226
AT5G11250,12,29,10,14,17,8
AT5G11260,86,219,165,65,62,63
AT5G11270,89,94,73,64,41,60
AT5G11280,804,1753,1018,856,627,788
AT5G11290,10,3,7,11,0,10
AT5G11300,34,41,30,47,24,40
AT5G11310,72,57,66,50,62,39
AT5G11320,0,0,0,0,0,0
AT5G11325,0,0,0,0,0,0
AT5G11330,73,113,62,92,68,92
AT5G11340,642,1143,750,617,429,571
AT5G11350,67,44,39,49,52,83
AT5G11360,7,1,2,4,7,7
AT5G11370,0,0,0,0,0,0
AT5G11380,41,47,32,36,38,36
AT5G11390,125,180,104,132,106,167
AT5G11400,2,0,0,0,1,0
AT5G11410,0,0,0,0,0,0
AT5G11412,0,0,0,0,0,0
AT5G11416,0,0,0,0,0,0
AT5G11420,41,43,37,43,20,84
AT5G11425,0,3,0,1,0,0
AT5G11430,72,89,65,78,78,86
AT5G11440,4,45,22,20,1,12
AT5G11450,356,494,222,196,167,208
AT5G11460,61,127,41,80,68,42
AT5G11470,15,22,21,22,16,37
AT5G11475,0,0,0,0,0,0
AT5G11480,176,391,200,233,161,143
AT5G11490,383,457,344,561,313,522
AT5G11500,1896,2906,1755,2011,1589,2273
AT5G11510,87,82,54,75,66,75
AT5G11520,933,755,485,1215,824,1066
AT5G11530,78,133,113,127,102,133
AT5G11540,4,56,13,15,29,15
AT5G11550,33,64,31,46,25,34
AT5G11560,501,954,408,716,499,733
AT5G11565,0,0,0,0,0,0
AT5G11570,2,6,5,0,4,1
AT5G11580,148,147,147,185,152,166
AT5G11590,0,0,0,0,0,0
AT5G11600,69,198,104,61,49,107
AT5G11610,4,19,15,7,9,28
AT5G11620,3,3,5,6,0,0
AT5G11630,230,780,407,230,183,307
AT5G11640,423,784,428,447,263,390
AT5G11650,24,59,59,18,18,77
AT5G11660,0,0,0,0,0,0
AT5G11670,960,1436,1010,1414,1113,2328
AT5G11680,428,590,440,437,298,459
AT5G11690,257,401,215,233,180,225
AT5G11700,131,156,114,117,111,276
AT5G11710,338,436,286,440,317,399
AT5G11720,139,79,66,107,104,216
AT5G11730,192,149,101,191,123,149
AT5G11740,4466,6314,3780,3955,3920,4958
AT5G11750,481,767,436,380,252,283
AT5G11760,414,409,335,371,325,412
AT5G11770,2836,3008,3027,2667,1927,2846
AT5G11780,24,21,44,44,30,10
AT5G11790,54,110,74,71,61,97
AT5G11800,240,259,236,267,242,246
AT5G11810,257,462,284,295,209,356
AT5G11820,0,0,0,0,0,2
AT5G11830,0,0,0,0,0,0
AT5G11840,112,100,106,74,51,127
AT5G11850,238,276,187,294,214,349
AT5G11860,217,323,171,250,175,281
AT5G11870,70,70,52,91,53,81
AT5G11880,634,627,509,959,489,688
AT5G11890,197,239,291,345,260,241
AT5G11900,252,408,340,344,274,265
AT5G11910,219,288,173,206,207,279
AT5G11920,60,18,23,255,187,358
AT5G11930,2,2,4,0,0,0
AT5G11940,0,0,0,0,0,0
AT5G11950,202,335,225,185,143,226
AT5G11960,194,363,234,224,199,270
AT5G11970,777,1473,861,679,622,1017
AT5G11975,326,622,361,274,243,370
AT5G11977,0,0,0,0,0,0
AT5G11980,307,328,223,379,292,320
AT5G11990,85,54,66,32,25,38
AT5G12000,0,0,0,0,0,0
AT5G12010,129,66,64,83,71,87
AT5G12020,0,0,0,0,0,0
AT5G12030,0,0,2,1,0,0
AT5G12040,212,339,214,253,215,209
AT5G12043,0,1,0,2,0,0
AT5G12050,96,254,159,103,104,152
AT5G12060,0,0,0,0,0,0
AT5G12070,0,0,0,0,0,0
AT5G12080,299,134,118,183,170,147
AT5G12090,0,0,0,0,0,0
AT5G12100,70,81,59,70,61,46
AT5G12110,227,135,118,209,150,203
AT5G12120,432,282,240,541,375,442
AT5G12130,215,263,168,230,121,198
AT5G12140,1847,3954,2063,1515,1377,1741
AT5G12150,357,406,189,352,353,267
AT5G12170,75,123,65,101,130,148
AT5G12180,0,1,0,0,3,1
AT5G12190,251,740,367,242,207,316
AT5G12200,241,459,239,385,281,539
AT5G12210,886,1185,719,919,675,1087
AT5G12220,77,153,63,185,80,128
AT5G12230,339,607,403,367,306,392
AT5G12235,0,4,4,3,3,0
AT5G12236,0,0,0,0,0,0
AT5G12240,590,1080,644,568,432,635
AT5G12250,1910,1756,1495,2191,1421,1957
AT5G12260,124,170,99,189,145,159
AT5G12270,0,4,10,0,0,0
AT5G12280,0,1,3,0,0,0
AT5G12290,215,205,167,257,186,263
AT5G12300,5,35,41,41,57,41
AT5G12310,434,655,338,374,326,511
AT5G12320,393,719,352,339,211,313
AT5G12330,166,57,41,262,249,177
AT5G12340,0,14,6,1,2,57
AT5G12350,199,100,93,218,119,117
AT5G12360,83,99,63,37,41,42
AT5G12370,325,261,241,364,316,305
AT5G12380,5,4,1,0,1,5
AT5G12390,183,292,226,127,110,219
AT5G12400,138,155,110,156,154,266
AT5G12410,569,958,566,592,380,565
AT5G12420,0,11,5,0,0,0
AT5G12430,70,85,64,65,57,123
AT5G12440,279,383,181,353,273,357
AT5G12450,2,7,1,1,0,4
AT5G12460,2,0,1,3,0,0
AT5G12470,1994,1279,1065,1670,1426,1593
AT5G12480,707,746,281,692,580,611
AT5G12840,98,158,80,93,93,166
AT5G12850,260,237,197,390,259,342
AT5G12860,287,377,302,452,276,349
AT5G12870,55,118,105,118,65,144
AT5G12880,167,249,186,165,144,286
AT5G12890,4,23,4,27,35,58
AT5G12900,151,101,81,131,95,108
AT5G12910,0,0,0,0,0,0
AT5G12920,29,66,23,48,24,28
AT5G12930,70,77,63,130,68,135
AT5G12940,304,468,326,646,397,604
AT5G12950,71,163,67,132,56,142
AT5G12960,0,5,2,0,5,13
AT5G12970,122,80,39,130,81,112
AT5G12980,91,158,105,142,66,103
AT5G12990,2,0,0,0,0,1
AT5G13000,428,361,231,330,319,413
AT5G13010,868,495,395,615,436,682
AT5G13020,370,464,298,500,325,442
AT5G13030,304,388,238,406,312,317
AT5G13050,153,276,227,185,123,203
AT5G13060,87,101,56,136,79,71
AT5G13070,327,780,421,362,255,373
AT5G13080,30,90,70,56,37,328
AT5G13090,217,411,276,250,181,237
AT5G13100,292,442,199,344,221,412
AT5G13110,356,511,218,317,257,322
AT5G13120,519,908,502,432,313,443
AT5G13130,0,4,0,0,0,2
AT5G13140,66,147,39,58,34,42
AT5G13150,22,40,16,26,25,30
AT5G13160,211,242,142,195,150,182
AT5G13170,1,6,1,2,0,0
AT5G13180,383,1034,723,458,392,950
AT5G13181,0,2,2,2,1,0
AT5G13190,252,573,372,236,169,402
AT5G13200,5,10,11,15,2,31
AT5G13210,0,14,8,6,3,26
AT5G13220,8,20,5,7,15,21
AT5G13225,2,0,0,0,0,1
AT5G13230,4,13,6,9,4,23
AT5G13240,166,483,285,136,109,275
AT5G13250,8,17,10,3,19,2
AT5G13260,432,361,225,450,224,416
AT5G13270,40,5,22,38,6,29
AT5G13280,594,758,315,594,477,508
AT5G13290,159,183,112,164,79,108
AT5G13295,11,13,10,16,6,13
AT5G13300,245,230,149,309,228,305
AT5G13310,108,117,96,109,102,107
AT5G13320,0,0,0,0,0,0
AT5G13330,116,101,67,261,202,417
AT5G13340,166,245,134,137,122,172
AT5G13350,0,0,0,0,0,0
AT5G13360,174,146,55,258,134,179
AT5G13370,419,123,103,544,293,374
AT5G13380,0,0,0,1,0,0
AT5G13390,173,170,143,261,199,227
AT5G13400,3,1,1,16,0,5
AT5G13410,51,47,35,36,20,35
AT5G13420,820,1405,900,1430,862,947
AT5G13430,2624,1900,2055,2616,1840,2330
AT5G13440,1200,1597,1225,1215,861,1228
AT5G13450,3984,7755,5222,4524,3053,4215
AT5G13460,262,372,175,246,159,329
AT5G13470,206,440,182,215,174,218
AT5G13480,191,74,112,180,127,154
AT5G13490,265,444,263,300,209,319
AT5G13500,222,318,243,416,203,373
AT5G13510,106,125,140,101,58,108
AT5G13520,112,165,131,218,127,131
AT5G13530,73,86,42,88,71,96
AT5G13550,84,93,119,200,108,182
AT5G13560,968,916,519,864,534,882
AT5G13565,7,3,3,8,3,3
AT5G13570,188,305,149,188,164,234
AT5G13580,1,5,8,1,0,0
AT5G13590,150,198,72,106,72,172
AT5G13600,0,0,0,0,0,0
AT5G13610,121,153,127,86,97,97
AT5G13620,0,0,0,0,0,0
AT5G13630,14,55,11,1,2,3
AT5G13640,321,196,136,265,178,255
AT5G13650,160,155,96,176,159,211
AT5G13660,70,82,34,68,37,28
AT5G13670,3,0,0,2,1,0
AT5G13680,124,99,56,147,87,148
AT5G13690,86,55,61,90,83,60
AT5G13700,15,14,9,23,27,14
AT5G13710,2146,2502,1773,2423,1748,2461
AT5G13720,10,24,26,10,10,11
AT5G13730,0,0,0,2,0,0
AT5G13740,1097,583,281,527,384,1481
AT5G13750,1148,890,602,1563,1090,1338
AT5G13760,176,200,91,161,166,137
AT5G13770,31,96,36,49,34,41
AT5G13780,1552,2585,1419,1344,982,1459
AT5G13790,0,8,9,8,5,2
AT5G13800,50,68,36,50,33,99
AT5G13810,220,301,194,229,237,237
AT5G13820,159,176,72,120,124,189
AT5G13825,0,1,0,0,0,0
AT5G13830,77,18,55,53,70,82
AT5G13840,458,398,377,341,318,542
AT5G13845,0,0,0,0,0,0
AT5G13850,2586,4180,2434,2598,1976,2522
AT5G13860,108,113,89,152,89,128
AT5G13870,91,264,118,129,75,104
AT5G13880,6,0,8,4,1,5
AT5G13887,0,0,1,0,1,0
AT5G13890,200,194,298,218,183,211
AT5G13900,12,46,69,23,13,15
AT5G13910,425,378,382,524,419,494
AT5G13920,32,19,10,13,3,14
AT5G13930,933,729,516,0,1,0
AT5G13940,1,0,0,0,1,2
AT5G13950,154,124,111,120,82,94
AT5G13960,120,103,64,106,89,145
AT5G13970,160,247,98,135,95,134
AT5G13980,284,311,146,388,249,380
AT5G13990,45,21,17,27,24,21
AT5G14000,467,466,355,486,445,486
AT5G14010,0,0,0,0,1,1
AT5G14020,394,413,194,467,283,423
AT5G14030,3018,6910,4263,3629,2160,3335
AT5G14035,0,0,0,0,0,0
AT5G14040,3623,3238,3189,4457,2618,3597
AT5G14050,435,309,205,377,241,286
AT5G14060,480,562,250,533,340,414
AT5G14070,226,488,276,44,66,107
AT5G14080,248,166,47,140,94,124
AT5G14090,22,17,8,14,8,12
AT5G14100,49,49,48,52,32,48
AT5G14105,287,621,341,185,208,252
AT5G14110,65,133,79,47,45,42
AT5G14120,646,499,519,614,537,1041
AT5G14130,3,2,12,35,5,24
AT5G14140,95,189,123,84,56,113
AT5G14150,229,261,233,332,214,270
AT5G14160,1,6,9,0,0,0
AT5G14170,461,320,279,483,317,387
AT5G14180,289,284,200,370,297,303
AT5G14200,2,210,135,3,203,83
AT5G14210,351,274,149,269,231,203
AT5G14220,198,185,95,186,99,182
AT5G14230,76,135,86,124,157,119
AT5G14240,1390,1770,988,1194,947,1216
AT5G14250,282,397,256,385,185,288
AT5G14260,83,216,138,166,120,219
AT5G14270,235,222,140,231,194,246
AT5G14275,5,4,2,4,3,2
AT5G14280,10,18,2,8,4,20
AT5G14285,175,169,157,179,146,245
AT5G14290,0,1,1,4,2,1
AT5G14300,0,0,0,0,0,0
AT5G14310,176,162,94,134,126,167
AT5G14320,474,617,380,356,230,324
AT5G14330,828,1855,1799,891,914,1639
AT5G14340,91,100,79,43,42,53
AT5G14345,4,4,2,1,0,0
AT5G14350,0,1,0,0,0,0
AT5G14360,272,307,155,311,205,493
AT5G14370,3,9,2,5,0,8
AT5G14380,1,4,6,6,1,4
AT5G14390,600,514,349,496,385,478
AT5G14400,0,0,0,0,0,0
AT5G14410,11,15,2,2,4,5
AT5G14420,150,158,109,247,161,197
AT5G14430,779,806,540,625,614,664
AT5G14440,608,957,452,570,354,490
AT5G14450,211,144,128,179,104,120
AT5G14460,89,181,63,93,102,85
AT5G14470,11,12,3,19,6,5
AT5G14480,56,83,40,61,63,82
AT5G14490,8,0,2,0,0,0
AT5G14495,0,0,0,0,0,0
AT5G14500,157,189,113,95,119,111
AT5G14510,17,67,25,33,33,45
AT5G14515,2,10,4,4,4,9
AT5G14520,1472,1287,678,1329,880,1053
AT5G14530,212,128,149,180,136,162
AT5G14540,414,307,378,527,411,480
AT5G14545,1,2,1,1,0,0
AT5G14550,228,243,228,263,235,255
AT5G14560,0,0,0,0,0,0
AT5G14565,1,0,0,0,0,0
AT5G14570,59,37,18,60,46,50
AT5G14580,70,58,48,77,55,52
AT5G14590,187,286,185,292,192,253
AT5G14600,121,286,97,118,86,105
AT5G14602,0,0,0,0,0,0
AT5G14610,209,132,104,235,136,132
AT5G14620,181,241,71,153,86,167
AT5G14640,1247,1877,880,1293,919,1388
AT5G14650,0,0,0,0,5,0
AT5G14660,65,58,52,47,39,50
AT5G14670,5,0,0,1,0,0
AT5G14680,211,285,239,211,143,202
AT5G14690,288,330,165,163,169,178
AT5G14700,15,23,5,20,8,31
AT5G14710,109,475,250,143,126,176
AT5G14720,523,455,326,531,412,485
AT5G14730,142,223,196,311,175,684
AT5G14740,13,18,5,2,1,4
AT5G14750,154,507,228,306,107,170
AT5G14760,11,9,5,7,9,19
AT5G14770,35,29,27,39,29,45
AT5G14780,76,119,55,124,94,205
AT5G14790,173,339,180,278,155,188
AT5G14800,4609,1908,1946,3587,2864,2854
AT5G14820,13,35,9,31,17,24
AT5G14850,155,152,106,136,113,149
AT5G14860,0,0,0,0,0,0
AT5G14870,1,12,2,7,6,3
AT5G14880,247,432,291,317,456,335
AT5G14890,26,25,31,35,40,24
AT5G14895,1,0,0,2,1,0
AT5G14900,0,0,0,0,0,0
AT5G14910,172,288,137,142,71,147
AT5G14920,787,274,415,977,568,495
AT5G14930,54,118,68,112,83,76
AT5G14940,25,140,104,39,46,34
AT5G14950,109,135,81,117,107,112
AT5G14960,8,6,13,17,13,19
AT5G14970,153,237,115,158,79,95
AT5G14980,2,0,0,0,1,0
AT5G14990,0,0,0,0,0,0
AT5G14995,0,0,0,0,0,0
AT5G15000,0,0,0,0,0,0
AT5G15008,0,0,0,0,0,0
AT5G15010,48,44,23,39,30,68
AT5G15020,103,130,96,122,138,141
AT5G15022,26,75,48,13,10,21
AT5G15025,18,67,47,30,9,20
AT5G15030,0,0,0,0,0,0
AT5G15040,0,0,0,0,0,0
AT5G15050,110,132,137,167,112,125
AT5G15060,0,1,2,0,0,0
AT5G15070,14,40,26,20,35,36
AT5G15080,237,336,167,226,212,305
AT5G15090,1696,4244,2579,2200,1277,1852
AT5G15100,0,0,0,0,0,0
AT5G15110,0,0,0,0,0,0
AT5G15120,108,20,19,107,73,200
AT5G15130,244,352,216,372,238,336
AT5G15140,0,0,4,0,1,0
AT5G15150,310,543,293,431,319,336
AT5G15160,21,11,31,25,21,30
AT5G15170,101,74,37,97,79,114
AT5G15175,0,0,0,0,0,0
AT5G15180,159,391,264,127,66,1028
AT5G15190,48,97,69,31,20,234
AT5G15200,17538,34945,18277,16633,11603,15286
AT5G15210,56,41,31,98,65,72
AT5G15220,635,1002,690,791,598,652
AT5G15230,22009,29848,13302,18263,13357,17433
AT5G15240,45,36,18,20,17,46
AT5G15250,0,0,0,3,1,0
AT5G15260,116,245,121,123,71,208
AT5G15265,712,827,729,646,617,695
AT5G15270,160,194,111,150,158,116
AT5G15280,11,33,8,49,25,36
AT5G15290,187,286,167,215,192,221
AT5G15300,27,27,6,19,20,46
AT5G15310,0,0,4,0,0,0
AT5G15320,1360,3757,2067,1188,1011,1245
AT5G15330,177,183,143,197,150,161
AT5G15340,14,9,6,17,3,5
AT5G15350,1318,2143,1464,1427,1009,1254
AT5G15360,0,0,0,0,0,0
AT5G15380,0,2,0,3,0,0
AT5G15390,153,165,85,147,89,76
AT5G15400,129,174,116,144,132,152
AT5G15410,15,17,16,34,22,26
AT5G15420,0,0,0,0,0,0
AT5G15430,0,0,0,0,0,0
AT5G15440,140,268,149,178,160,293
AT5G15450,100,121,76,63,50,125
AT5G15460,376,501,244,261,223,280
AT5G15470,124,237,118,190,221,205
AT5G15480,0,0,0,0,0,0
AT5G15490,718,957,978,1192,613,840
AT5G15500,0,0,0,0,1,0
AT5G15510,76,160,82,101,65,162
AT5G15520,735,1647,890,665,512,598
AT5G15530,1104,1395,1067,1415,844,1163
AT5G15533,5,7,5,2,3,6
AT5G15537,8,6,1,6,3,3
AT5G15540,80,99,50,61,64,146
AT5G15550,531,600,361,527,345,487
AT5G15560,0,0,0,0,0,0
AT5G15570,83,196,79,172,117,106
AT5G15580,350,325,243,504,343,338
AT5G15581,0,2,0,2,4,0
AT5G15600,85,253,181,101,114,138
AT5G15610,1253,1564,749,1122,849,996
AT5G15620,1,1,1,0,0,0
AT5G15630,44,432,174,103,105,62
AT5G15640,167,457,291,260,239,287
AT5G15650,3871,5537,3706,5693,3590,4805
AT5G15660,0,1,1,1,0,2
AT5G15670,0,0,0,0,0,0
AT5G15680,128,198,137,137,126,196
AT5G15685,0,0,0,0,0,0
AT5G15690,0,0,0,0,0,0
AT5G15700,66,75,58,78,53,91
AT5G15710,38,83,55,38,53,68
AT5G15720,3,2,1,1,1,3
AT5G15725,0,52,12,3,2,2
AT5G15730,98,171,78,122,110,150
AT5G15740,105,148,91,80,104,143
AT5G15745,0,3,0,0,2,1
AT5G15750,428,715,478,514,349,425
AT5G15760,78,264,118,110,90,92
AT5G15770,35,88,35,36,34,29
AT5G15780,0,2,0,3,0,0
AT5G15790,120,134,122,61,40,93
AT5G15800,2,2,0,0,0,1
AT5G15802,85,138,92,58,41,81
AT5G15805,0,0,0,0,0,0
AT5G15810,597,494,271,716,411,508
AT5G15815,0,0,0,0,0,0
AT5G15820,59,119,47,46,31,75
AT5G15830,191,581,348,175,151,169
AT5G15833,0,0,0,0,0,0
AT5G15840,3,4,2,10,2,24
AT5G15843,0,0,1,0,1,5
AT5G15845,17,15,23,4,1,3
AT5G15850,17,5,9,2,8,1
AT5G15853,0,0,0,0,0,0
AT5G15860,198,142,110,134,69,122
AT5G15870,50,74,51,78,107,71
AT5G15880,288,551,249,302,233,309
AT5G15890,51,70,54,73,62,137
AT5G15900,33,17,12,4,29,7
AT5G15910,242,309,180,104,68,60
AT5G15920,106,162,82,93,70,90
AT5G15930,153,276,140,128,124,141
AT5G15940,0,5,6,21,13,12
AT5G15950,45,102,51,4,10,39
AT5G15960,1,0,1,0,0,3
AT5G15970,26,134,14,3,1,2
AT5G15980,123,179,62,177,123,89
AT5G16000,241,216,138,218,203,177
AT5G16010,34,99,60,12,6,34
AT5G16020,4,0,0,0,0,0
AT5G16023,32,10,5,1,8,10
AT5G16030,3,5,9,1,1,3
AT5G16040,75,106,71,101,85,127
AT5G16050,1080,1941,1174,1409,726,1150
AT5G16060,594,1085,497,478,352,509
AT5G16070,329,566,290,478,286,357
AT5G16080,0,0,2,2,6,1
AT5G16090,0,0,0,0,0,0
AT5G16100,0,0,0,0,0,0
AT5G16110,2387,4335,3059,1625,1195,1978
AT5G16120,372,718,510,395,227,426
AT5G16130,10414,13173,10141,9583,7097,8723
AT5G16140,34,68,35,27,23,18
AT5G16150,580,742,323,860,415,618
AT5G16160,16,58,30,22,31,31
AT5G16170,129,54,48,156,99,125
AT5G16180,131,78,83,151,86,100
AT5G16190,78,166,85,131,103,115
AT5G16200,28,75,55,33,21,36
AT5G16210,214,252,170,202,139,227
AT5G16220,116,112,122,191,144,163
AT5G16230,56,136,81,106,75,94
AT5G16235,28,47,39,58,34,45
AT5G16240,0,5,12,19,7,31
AT5G16250,614,1941,914,603,448,1023
AT5G16260,233,372,111,237,150,217
AT5G16270,125,178,82,131,92,185
AT5G16280,190,268,100,154,126,223
AT5G16285,0,0,0,0,0,0
AT5G16290,425,288,222,443,268,310
AT5G16300,180,165,119,195,187,155
AT5G16310,127,234,122,138,98,111
AT5G16320,82,57,39,68,49,61
AT5G16330,0,0,0,1,2,1
AT5G16340,10,8,6,42,3,15
AT5G16350,0,1,0,2,2,3
AT5G16360,341,213,168,230,167,523
AT5G16370,596,431,429,708,434,788
AT5G16375,0,0,0,0,0,0
AT5G16380,124,269,160,151,98,189
AT5G16390,1051,1152,1389,1184,802,978
AT5G16400,17,32,13,8,6,15
AT5G16410,0,8,7,10,1,0
AT5G16420,8,22,7,18,11,11
AT5G16430,0,0,0,0,0,0
AT5G16440,252,471,295,274,217,326
AT5G16450,283,415,235,210,187,260
AT5G16453,2,2,4,2,2,2
AT5G16460,0,0,0,0,0,3
AT5G16470,1618,3340,1781,1184,1083,1619
AT5G16480,164,359,157,120,130,181
AT5G16486,3,7,4,2,10,9
AT5G16490,153,240,163,86,116,164
AT5G16500,0,0,0,0,0,0
AT5G16510,736,975,597,893,553,736
AT5G16520,28,47,43,70,26,106
AT5G16530,0,0,0,0,0,0
AT5G16540,17,81,64,40,18,7
AT5G16550,323,430,332,265,223,443
AT5G16560,170,357,146,250,190,190
AT5G16570,38,123,65,28,39,33
AT5G16580,0,0,0,0,0,0
AT5G16590,451,404,256,477,340,441
AT5G16600,374,228,168,203,257,477
AT5G16610,82,135,84,75,80,80
AT5G16620,198,202,140,149,103,168
AT5G16630,113,102,96,142,91,131
AT5G16640,51,8,12,10,9,16
AT5G16650,343,618,324,255,206,362
AT5G16660,567,1315,714,523,333,630
AT5G16680,144,240,123,191,117,181
AT5G16690,80,51,24,75,59,110
AT5G16700,0,0,0,0,0,0
AT5G16710,284,352,234,205,167,220
AT5G16715,15,32,12,46,53,47
AT5G16720,92,211,126,55,54,68
AT5G16730,603,760,358,561,433,511
AT5G16740,6,4,0,8,0,2
AT5G16750,256,366,143,273,138,214
AT5G16760,341,509,309,325,267,367
AT5G16770,11,28,5,11,19,20
AT5G16780,400,542,287,367,274,424
AT5G16790,6,35,17,15,7,29
AT5G16800,285,316,234,218,197,238
AT5G16810,130,144,58,82,44,58
AT5G16820,100,124,83,111,115,103
AT5G16830,253,648,380,245,208,552
AT5G16840,686,1257,720,712,397,729
AT5G16850,19,9,5,11,6,20
AT5G16860,13,17,15,33,18,13
AT5G16870,71,145,89,89,43,82
AT5G16880,1177,1203,807,1052,907,1325
AT5G16890,133,122,88,156,108,117
AT5G16900,10,38,20,17,29,44
AT5G16910,173,240,121,192,181,313
AT5G16920,0,1,0,2,0,0
AT5G16930,113,120,97,198,94,123
AT5G16940,86,194,95,83,55,105
AT5G16950,102,213,105,96,61,76
AT5G16960,0,0,0,0,0,1
AT5G16970,31,36,44,17,21,52
AT5G16980,0,3,0,0,1,1
AT5G16990,58,95,48,57,38,78
AT5G17000,138,123,93,125,51,101
AT5G17010,199,146,107,91,65,165
AT5G17020,193,353,143,277,240,339
AT5G17030,0,0,0,0,0,0
AT5G17040,1,0,2,1,0,0
AT5G17050,65,43,21,10,9,18
AT5G17060,131,320,156,183,146,225
AT5G17070,264,509,270,307,234,264
AT5G17080,0,0,0,0,0,0
AT5G17090,0,0,0,0,0,0
AT5G17100,0,0,0,0,0,0
AT5G17110,0,0,0,0,0,0
AT5G17120,0,0,0,0,0,0
AT5G17130,0,0,0,0,0,0
AT5G17140,0,0,0,0,0,0
AT5G17150,0,6,0,0,0,3
AT5G17160,345,519,291,386,239,358
AT5G17165,0,0,4,1,0,0
AT5G17167,0,0,0,0,0,0
AT5G17170,0,3,0,1,0,0
AT5G17180,0,0,0,0,0,0
AT5G17190,902,2457,1267,895,780,937
AT5G17200,3,7,5,4,2,6
AT5G17210,157,272,174,106,119,155
AT5G17220,0,3,1,1,0,0
AT5G17230,63,156,116,25,23,77
AT5G17240,71,109,40,71,22,47
AT5G17250,12,37,34,43,46,26
AT5G17260,64,14,17,30,38,17
AT5G17270,86,99,67,137,92,106
AT5G17280,288,502,308,250,216,249
AT5G17290,572,896,571,433,346,523
AT5G17300,174,348,274,20,10,23
AT5G17305,1,5,5,1,1,0
AT5G17310,74,115,90,81,49,85
AT5G17320,0,1,0,0,0,0
AT5G17330,2321,2417,1695,3689,2250,3666
AT5G17340,0,2,0,0,0,0
AT5G17345,0,1,0,0,0,0
AT5G17350,42,10,13,16,4,361
AT5G17360,13,59,31,19,21,35
AT5G17370,32,53,44,50,38,59
AT5G17380,702,580,363,689,533,975
AT5G17390,29,30,17,31,40,76
AT5G17400,171,214,127,140,115,138
AT5G17410,171,164,120,182,131,126
AT5G17420,57,213,97,88,169,110
AT5G17430,104,129,69,114,61,114
AT5G17440,260,142,122,199,151,212
AT5G17450,14,24,7,1,15,10
AT5G17460,87,576,311,100,64,908
AT5G17470,0,0,0,0,0,0
AT5G17480,0,0,0,0,0,0
AT5G17490,57,79,41,54,53,68
AT5G17500,0,0,0,1,5,0
AT5G17510,156,178,116,140,112,156
AT5G17520,147,185,131,228,76,129
AT5G17522,0,7,0,11,4,0
AT5G17523,2,2,0,2,0,2
AT5G17530,222,235,112,302,219,264
AT5G17540,11,26,15,18,13,20
AT5G17550,225,350,173,177,132,226
AT5G17560,451,1369,540,447,319,451
AT5G17570,68,89,73,55,25,65
AT5G17580,35,18,12,28,16,25
AT5G17590,1,14,2,1,9,11
AT5G17600,79,109,89,82,113,114
AT5G17610,543,1240,702,477,322,621
AT5G17620,304,655,215,399,260,386
AT5G17630,631,1109,815,961,594,729
AT5G17640,337,240,150,360,313,435
AT5G17650,185,180,151,223,191,319
AT5G17660,41,114,46,54,38,54
AT5G17670,42,52,32,48,29,60
AT5G17680,7,16,3,20,9,19
AT5G17690,125,127,83,94,56,109
AT5G17700,0,0,0,0,0,0
AT5G17710,626,648,398,554,417,542
AT5G17720,0,0,0,0,0,0
AT5G17730,0,0,0,0,0,0
AT5G17740,0,3,0,0,0,0
AT5G17750,0,0,0,0,1,0
AT5G17760,73,53,35,212,214,266
AT5G17770,1371,2268,1370,1438,1120,1400
AT5G17780,0,2,1,2,0,2
AT5G17790,49,63,29,50,30,57
AT5G17800,54,52,47,23,22,16
AT5G17810,36,42,37,36,27,23
AT5G17820,671,1181,1257,1185,883,2492
AT5G17830,0,0,0,0,0,0
AT5G17840,293,632,304,256,194,236
AT5G17847,0,0,0,0,0,1
AT5G17850,64,36,26,92,100,172
AT5G17860,0,0,0,1,0,3
AT5G17870,377,983,565,306,254,403
AT5G17880,41,76,23,53,50,59
AT5G17890,198,135,77,151,110,191
AT5G17900,431,279,251,374,252,367
AT5G17910,399,323,146,259,296,427
AT5G17920,11808,6296,5611,11899,6305,8201
AT5G17930,181,280,92,202,138,129
AT5G17950,0,1,0,1,0,0
AT5G17960,11,34,20,17,15,15
AT5G17970,0,2,0,0,0,0
AT5G17980,18,16,18,31,38,44
AT5G17990,175,222,95,150,100,207
AT5G18000,0,0,0,0,0,0
AT5G18005,0,0,0,0,0,0
AT5G18010,0,0,0,0,0,0
AT5G18015,0,0,0,0,0,0
AT5G18020,0,0,1,0,0,0
AT5G18030,0,0,2,0,0,0
AT5G18037,0,0,0,0,0,0
AT5G18040,72,45,69,53,63,76
AT5G18050,1,0,0,0,0,0
AT5G18060,0,0,0,0,0,0
AT5G18065,41,50,24,29,19,44
AT5G18070,196,83,81,153,123,150
AT5G18080,0,3,0,2,0,0
AT5G18085,0,0,0,0,0,0
AT5G18090,7,1,3,0,0,5
AT5G18100,131,235,142,104,69,106
AT5G18110,1033,1290,687,746,549,903
AT5G18120,290,545,278,306,246,362
AT5G18130,563,512,355,508,394,812
AT5G18140,640,701,397,478,326,673
AT5G18150,220,556,235,172,136,396
AT5G18160,0,0,0,0,0,0
AT5G18170,629,1246,644,941,485,925
AT5G18180,11,7,1,4,1,1
AT5G18190,161,209,113,154,162,220
AT5G18200,446,312,252,424,304,403
AT5G18210,86,105,66,84,36,97
AT5G18220,13,0,0,7,3,20
AT5G18230,289,371,188,308,246,363
AT5G18240,29,64,68,55,42,86
AT5G18245,74,136,74,97,70,116
AT5G18250,150,328,231,121,106,128
AT5G18255,155,228,127,109,110,216
AT5G18260,98,111,80,75,70,132
AT5G18270,7,34,25,16,41,65
AT5G18280,372,492,265,515,308,415
AT5G18290,30,67,85,28,43,65
AT5G18300,6,17,5,0,2,8
AT5G18310,630,1111,784,743,446,939
AT5G18320,0,2,3,3,0,0
AT5G18330,0,0,0,0,0,0
AT5G18340,0,3,5,7,3,1
AT5G18350,0,0,0,0,0,0
AT5G18360,5,42,9,3,9,35
AT5G18370,40,21,23,19,18,23
AT5G18380,9029,20603,9760,9728,7856,9124
AT5G18390,65,77,47,91,55,90
AT5G18400,291,509,316,361,296,394
AT5G18403,0,0,0,0,0,0
AT5G18404,0,0,0,0,0,0
AT5G18407,0,0,0,0,0,0
AT5G18410,156,230,98,215,221,135
AT5G18420,396,589,259,476,307,343
AT5G18430,0,0,0,0,0,0
AT5G18440,96,100,73,72,50,52
AT5G18450,0,0,0,0,0,0
AT5G18460,89,108,41,113,69,147
AT5G18470,6,16,8,44,67,63
AT5G18475,17,25,4,35,14,16
AT5G18480,985,874,492,866,686,756
AT5G18490,154,138,99,164,142,211
AT5G18500,315,337,157,369,335,407
AT5G18510,1,0,0,2,0,0
AT5G18520,1085,942,978,1485,879,1109
AT5G18525,65,90,66,89,87,120
AT5G18540,191,303,136,161,133,246
AT5G18550,129,33,61,44,94,82
AT5G18560,0,0,0,0,0,0
AT5G18570,21,16,7,19,7,27
AT5G18580,836,858,573,845,576,681
AT5G18590,89,102,31,108,65,103
AT5G18600,0,0,0,0,0,0
AT5G18610,36,49,30,45,31,49
AT5G18620,324,492,208,428,244,447
AT5G18630,66,181,94,124,86,172
AT5G18636,0,0,0,0,0,0
AT5G18640,173,202,182,204,130,227
AT5G18650,656,1312,664,854,443,887
AT5G18660,21,36,18,16,11,24
AT5G18661,7,95,61,14,5,46
AT5G18670,79,183,162,73,85,84
AT5G18680,356,380,336,363,295,437
AT5G18690,259,287,283,294,286,295
AT5G18700,93,82,54,82,61,105
AT5G18705,10,2,2,8,4,8
AT5G18710,11,14,0,3,12,9
AT5G18720,0,0,0,0,0,0
AT5G18730,4,2,5,4,1,2
AT5G18735,0,1,6,4,0,0
AT5G18740,0,1,6,5,7,4
AT5G18748,0,0,0,0,0,0
AT5G18750,60,64,53,82,35,57
AT5G18755,0,0,0,0,0,0
AT5G18760,29,64,49,71,38,71
AT5G18770,115,84,44,71,65,73
AT5G18780,53,120,77,69,88,165
AT5G18790,400,874,677,388,331,425
AT5G18800,1001,1930,954,825,714,850
AT5G18810,32,97,42,29,12,32
AT5G18820,31,77,42,49,55,30
AT5G18830,211,176,140,173,146,205
AT5G18840,0,41,52,2,3,5
AT5G18850,267,496,360,239,184,420
AT5G18860,255,247,251,376,268,490
AT5G18870,0,0,0,0,1,0
AT5G18880,0,0,0,0,0,0
AT5G18890,5,1,0,5,0,0
AT5G18900,500,694,510,658,372,476
AT5G18910,0,5,0,0,0,1
AT5G18920,75,184,131,94,75,165
AT5G18930,28,58,44,15,20,44
AT5G18933,0,0,0,0,0,0
AT5G18937,1,0,0,0,0,0
AT5G18940,223,431,273,277,244,301
AT5G18950,19,48,29,39,27,64
AT5G18960,84,136,80,113,71,188
AT5G18970,372,640,424,222,235,294
AT5G18980,39,93,41,35,65,60
AT5G18990,0,0,0,0,0,0
AT5G19000,296,256,190,239,248,217
AT5G19010,305,545,257,495,300,408
AT5G19020,38,46,39,47,55,49
AT5G19025,32,40,17,29,21,8
AT5G19030,95,153,110,69,70,136
AT5G19040,57,85,50,25,94,95
AT5G19050,370,503,331,362,280,494
AT5G19060,13,2,12,12,1,15
AT5G19070,101,161,121,126,79,90
AT5G19080,98,127,87,134,77,124
AT5G19090,139,163,94,122,80,116
AT5G19095,0,0,0,0,0,0
AT5G19100,1,4,7,15,1,14
AT5G19110,8,34,17,13,5,50
AT5G19120,557,763,698,569,425,784
AT5G19130,284,167,107,223,178,194
AT5G19140,164,326,204,276,153,270
AT5G19150,373,518,305,320,254,273
AT5G19151,86,124,70,76,37,72
AT5G19160,91,69,46,118,71,74
AT5G19170,0,4,6,4,0,5
AT5G19172,0,0,0,0,0,0
AT5G19175,0,0,0,0,0,0
AT5G19180,510,388,291,480,364,512
AT5G19190,323,711,291,208,165,202
AT5G19200,63,157,127,135,86,130
AT5G19210,25,23,10,15,28,31
AT5G19220,29,20,23,6,6,8
AT5G19221,5,1,1,0,6,6
AT5G19230,277,1049,993,372,218,809
AT5G19240,25,168,151,48,51,166
AT5G19250,622,792,772,804,527,693
AT5G19260,28,63,42,17,10,18
AT5G19270,0,0,0,0,0,0
AT5G19280,159,152,66,168,122,169
AT5G19290,147,235,108,172,91,147
AT5G19300,233,254,149,199,149,178
AT5G19310,103,68,44,82,52,101
AT5G19315,0,0,0,0,0,0
AT5G19320,219,190,93,236,175,202
AT5G19330,707,414,337,448,367,451
AT5G19340,248,557,221,284,269,427
AT5G19350,610,428,455,709,449,480
AT5G19360,4,1,1,2,1,1
AT5G19370,373,410,341,371,259,228
AT5G19380,143,185,128,111,85,111
AT5G19390,274,220,104,174,166,199
AT5G19400,222,173,164,186,167,253
AT5G19410,0,2,0,3,0,0
AT5G19420,71,76,56,68,60,113
AT5G19430,106,165,122,100,82,185
AT5G19440,2924,1943,1425,3800,2229,2997
AT5G19450,320,420,212,444,283,386
AT5G19460,67,100,67,61,53,70
AT5G19470,0,0,0,0,0,0
AT5G19473,0,9,0,3,1,8
AT5G19480,352,466,241,249,217,247
AT5G19485,239,291,148,218,130,203
AT5G19490,23,22,11,34,11,16
AT5G19500,1060,1453,1112,1039,846,1012
AT5G19510,10082,9975,7365,8456,6171,7667
AT5G19520,1325,935,532,1381,883,1189
AT5G19530,629,1109,1018,627,388,470
AT5G19540,146,198,141,166,150,205
AT5G19550,396,333,328,460,349,459
AT5G19560,17,46,1,17,24,69
AT5G19570,206,212,247,133,122,151
AT5G19580,0,0,0,7,0,0
AT5G19590,1162,3005,1945,950,784,1245
AT5G19595,0,0,0,0,0,0
AT5G19600,0,0,0,0,0,0
AT5G19610,0,0,0,0,0,0
AT5G19620,106,54,60,87,62,85
AT5G19630,149,216,81,90,88,97
AT5G19633,0,0,0,0,0,0
AT5G19640,0,0,0,0,0,0
AT5G19650,0,5,0,1,1,0
AT5G19660,96,72,58,112,61,53
AT5G19670,64,69,45,43,68,38
AT5G19675,5,2,0,0,0,0
AT5G19680,365,613,381,374,356,408
AT5G19690,961,1249,694,1379,972,1107
AT5G19700,0,0,0,0,0,0
AT5G19710,0,0,0,0,0,0
AT5G19720,0,0,0,0,0,0
AT5G19730,68,106,50,50,33,83
AT5G19740,390,264,103,275,259,249
AT5G19750,291,628,400,438,330,392
AT5G19760,3403,6068,3128,3317,2418,3443
AT5G19770,3018,3004,1950,2952,1813,2328
AT5G19780,1215,1692,1002,1275,806,1166
AT5G19790,3,94,21,18,65,29
AT5G19800,3,169,54,1,58,42
AT5G19810,0,21,3,0,1,3
AT5G19820,417,265,139,366,277,302
AT5G19830,67,104,39,45,24,34
AT5G19840,18,37,25,24,34,24
AT5G19850,49,19,6,12,17,12
AT5G19855,42,117,77,39,39,91
AT5G19860,726,1334,1085,644,556,1145
AT5G19870,3,20,32,15,37,11
AT5G19875,64,241,159,33,61,84
AT5G19880,0,0,0,0,0,0
AT5G19890,13,0,0,171,227,525
AT5G19900,140,173,105,202,222,202
AT5G19910,116,155,144,114,82,141
AT5G19920,77,91,61,84,47,88
AT5G19930,320,552,376,353,248,395
AT5G19940,76,29,37,16,17,41
AT5G19950,125,44,72,86,93,94
AT5G19960,142,126,100,94,72,143
AT5G19970,70,358,164,20,23,87
AT5G19980,197,446,308,448,289,296
AT5G19990,1275,1267,903,1445,789,1097
AT5G20000,377,510,411,419,274,369
AT5G20010,1722,2180,2364,1907,1216,2275
AT5G20020,3212,6535,4984,3538,2538,3959
AT5G20030,54,85,47,71,21,65
AT5G20040,104,141,91,81,61,77
AT5G20045,167,64,157,290,138,314
AT5G20050,82,211,104,136,84,220
AT5G20060,594,1191,694,582,375,536
AT5G20070,338,256,225,216,173,201
AT5G20080,471,1056,667,780,428,625
AT5G20090,1482,4232,2353,1159,890,1674
AT5G20100,0,1,1,0,0,0
AT5G20110,108,153,67,94,87,99
AT5G20120,237,348,240,191,171,186
AT5G20130,240,232,150,168,137,141
AT5G20140,6,27,15,25,7,15
AT5G20150,27,43,39,31,4,12
AT5G20160,2034,4837,2636,2003,1609,1838
AT5G20165,548,1560,852,507,422,625
AT5G20170,136,144,100,134,100,119
AT5G20180,726,1807,943,594,514,674
AT5G20190,516,711,381,558,321,483
AT5G20200,252,223,154,338,162,342
AT5G20220,1,8,5,6,2,2
AT5G20225,5,6,2,2,1,3
AT5G20230,9,4,1,78,27,51
AT5G20240,23,10,9,45,29,88
AT5G20250,444,727,985,478,356,1014
AT5G20260,2,10,4,6,5,16
AT5G20270,0,2,5,4,2,4
AT5G20280,85,171,56,64,66,119
AT5G20290,14720,26077,14129,15868,11810,14095
AT5G20300,62,52,34,104,67,102
AT5G20310,0,0,1,1,0,1
AT5G20320,53,48,30,43,43,102
AT5G20330,0,0,0,0,0,0
AT5G20340,0,0,0,0,0,0
AT5G20350,523,443,224,419,334,507
AT5G20360,192,228,159,156,189,232
AT5G20370,0,1,0,0,0,0
AT5G20380,34,39,36,59,43,36
AT5G20390,0,0,0,0,0,0
AT5G20400,1086,1036,657,1745,979,1068
AT5G20410,25,39,15,12,8,15
AT5G20420,28,7,8,16,12,25
AT5G20430,2,0,0,0,3,1
AT5G20440,0,0,0,0,0,0
AT5G20447,0,0,0,0,0,0
AT5G20450,56,82,53,50,44,49
AT5G20460,0,0,0,0,0,0
AT5G20470,0,5,3,1,1,5
AT5G20480,41,138,59,41,33,42
AT5G20490,242,410,213,251,224,394
AT5G20500,2015,4406,2330,2121,1478,2107
AT5G20510,49,68,49,55,49,46
AT5G20520,947,910,519,899,789,916
AT5G20540,110,76,56,86,59,58
AT5G20550,230,292,123,335,170,363
AT5G20560,3,0,1,0,0,0
AT5G20570,584,1624,841,611,489,634
AT5G20580,120,147,56,137,67,93
AT5G20590,232,210,157,263,266,215
AT5G20600,298,152,185,249,168,291
AT5G20610,150,210,65,179,156,183
AT5G20620,476,531,383,551,350,419
AT5G20630,0,0,0,0,0,0
AT5G20635,114,185,109,104,79,62
AT5G20640,8,21,17,3,6,4
AT5G20650,547,1528,1279,736,531,1023
AT5G20660,274,323,179,357,325,361
AT5G20670,9,19,19,15,15,10
AT5G20680,170,177,141,186,95,205
AT5G20690,0,10,8,0,2,1
AT5G20700,76,1062,666,52,111,803
AT5G20710,0,5,0,0,0,0
AT5G20720,1623,1653,1261,1448,1083,1275
AT5G20730,100,83,66,104,105,99
AT5G20740,0,0,1,0,0,0
AT5G20790,0,2,4,0,0,1
AT5G20810,16,44,33,27,12,23
AT5G20820,75,56,52,68,45,109
AT5G20830,225,122,108,448,275,582
AT5G20840,186,211,126,183,163,172
AT5G20850,74,119,56,62,62,58
AT5G20852,0,0,0,0,0,0
AT5G20854,0,0,0,0,0,0
AT5G20856,0,0,0,0,0,0
AT5G20858,0,0,0,0,0,0
AT5G20860,0,0,0,2,0,0
AT5G20870,11,4,12,21,35,23
AT5G20885,325,728,427,289,182,259
AT5G20890,1643,1938,1134,1883,1165,1492
AT5G20900,562,997,727,639,461,1040
AT5G20910,132,274,124,111,88,150
AT5G20920,1492,1949,1098,1406,914,1247
AT5G20930,66,87,77,100,72,76
AT5G20935,0,0,3,0,1,0
AT5G20940,7,11,10,4,4,4
AT5G20950,1726,1114,585,2646,1401,1791
AT5G20960,721,778,422,555,368,791
AT5G20970,24,38,34,47,29,12
AT5G20980,57,49,55,81,68,52
AT5G20990,176,171,143,238,207,256
AT5G20995,0,0,0,0,0,0
AT5G21010,114,142,84,128,78,102
AT5G21020,3583,4015,2486,2927,2566,3468
AT5G21030,0,0,1,0,0,0
AT5G21040,141,216,91,118,100,132
AT5G21050,16,6,16,24,9,17
AT5G21060,312,420,240,330,171,236
AT5G21070,450,655,352,370,277,309
AT5G21080,3,10,6,10,3,4
AT5G21090,1233,2206,1453,1363,919,1303
AT5G21100,2,2,1,1,0,2
AT5G21105,176,79,118,163,192,141
AT5G21120,0,0,0,0,0,0
AT5G21125,0,0,0,0,0,0
AT5G21130,0,5,0,0,4,1
AT5G21140,21,48,36,35,19,27
AT5G21150,0,1,0,0,0,0
AT5G21160,549,364,271,582,387,502
AT5G21170,462,722,621,625,364,675
AT5G21222,10,12,11,8,2,10
AT5G21274,1254,2832,1527,1158,904,1307
AT5G21280,39,84,98,40,17,22
AT5G21326,159,179,111,149,107,163
AT5G21378,0,0,0,0,0,0
AT5G21430,0,2,0,0,0,0
AT5G21482,52,34,17,18,3,20
AT5G21900,45,73,47,51,31,62
AT5G21910,58,84,52,31,17,46
AT5G21920,78,112,85,81,70,96
AT5G21930,41,138,86,97,65,103
AT5G21940,1788,1848,1651,1086,1042,2238
AT5G21950,23,16,38,21,10,19
AT5G21960,0,0,0,0,0,32
AT5G21970,81,98,55,72,73,64
AT5G21990,151,217,162,326,202,291
AT5G22000,673,882,587,682,595,790
AT5G22010,195,159,157,192,115,190
AT5G22020,135,210,112,68,84,95
AT5G22030,104,192,107,168,165,186
AT5G22040,136,227,113,130,96,147
AT5G22050,431,479,334,427,293,312
AT5G22060,661,518,327,761,459,644
AT5G22070,206,331,224,325,287,223
AT5G22080,574,1124,554,567,395,684
AT5G22090,195,424,254,167,248,228
AT5G22100,223,389,189,290,167,203
AT5G22110,91,81,44,71,56,95
AT5G22120,264,326,174,232,186,272
AT5G22130,136,178,110,124,110,119
AT5G22140,426,753,395,617,482,506
AT5G22145,49,137,50,96,70,93
AT5G22150,0,0,0,0,0,0
AT5G22160,0,0,0,0,0,0
AT5G22170,0,0,0,0,0,0
AT5G22180,0,0,0,0,0,0
AT5G22190,0,0,0,0,0,0
AT5G22200,11,7,0,9,3,9
AT5G22210,151,334,169,95,81,110
AT5G22220,87,116,61,75,57,75
AT5G22240,1,7,4,2,2,20
AT5G22250,9,27,20,5,30,153
AT5G22260,0,0,0,0,0,0
AT5G22270,5,15,4,10,16,53
AT5G22280,303,462,242,305,225,295
AT5G22290,103,140,84,120,93,192
AT5G22300,454,142,93,425,299,311
AT5G22310,30,83,11,47,38,43
AT5G22315,0,0,0,0,0,1
AT5G22320,366,484,258,391,241,306
AT5G22330,431,594,273,512,270,358
AT5G22340,118,192,93,160,117,130
AT5G22350,184,184,147,223,160,267
AT5G22355,126,52,54,258,198,185
AT5G22360,553,750,549,461,407,642
AT5G22370,339,558,307,352,234,283
AT5G22380,0,2,0,0,0,0
AT5G22390,1,9,7,0,0,0
AT5G22400,173,161,79,156,162,133
AT5G22410,0,23,10,3,57,27
AT5G22420,0,0,0,0,0,0
AT5G22430,0,0,0,1,0,0
AT5G22440,4423,9539,4858,4438,3410,4194
AT5G22450,315,286,132,252,203,301
AT5G22460,0,0,0,0,0,0
AT5G22470,0,5,0,1,0,0
AT5G22480,519,496,255,463,346,423
AT5G22490,0,0,0,0,0,0
AT5G22500,0,0,0,4,0,1
AT5G22505,0,0,0,0,0,0
AT5G22510,231,228,78,143,106,155
AT5G22520,4,0,1,6,5,7
AT5G22530,0,0,0,0,6,7
AT5G22540,0,0,1,0,2,1
AT5G22545,4,1,0,0,0,3
AT5G22550,21,48,43,94,30,122
AT5G22555,142,267,191,471,360,621
AT5G22560,2,31,20,22,19,50
AT5G22570,28,64,35,219,96,316
AT5G22580,0,43,131,25,3,9
AT5G22590,0,0,0,0,0,0
AT5G22600,0,0,0,0,0,0
AT5G22608,31,36,19,25,8,33
AT5G22610,0,0,0,0,0,0
AT5G22620,85,100,52,75,80,87
AT5G22630,371,557,381,244,292,607
AT5G22640,117,217,133,194,132,185
AT5G22650,2312,2906,2335,2648,1799,2262
AT5G22660,39,51,29,49,30,27
AT5G22670,0,0,0,0,0,2
AT5G22680,0,0,0,0,0,1
AT5G22690,43,19,9,44,39,26
AT5G22700,101,158,96,117,134,103
AT5G22720,0,0,0,0,0,0
AT5G22730,104,76,64,100,60,71
AT5G22740,27,107,105,92,67,43
AT5G22750,47,35,16,51,27,35
AT5G22760,101,142,72,77,95,142
AT5G22765,1,1,0,1,1,2
AT5G22770,285,249,181,285,212,281
AT5G22780,358,244,146,279,222,302
AT5G22785,0,0,0,0,0,0
AT5G22788,28,52,27,12,14,21
AT5G22790,218,222,127,196,133,167
AT5G22791,0,0,0,0,0,0
AT5G22794,14,5,0,1,0,6
AT5G22796,8,6,3,4,4,4
AT5G22799,0,3,1,2,4,6
AT5G22800,40,35,17,25,1,17
AT5G22810,0,1,0,2,1,4
AT5G22820,48,55,30,36,52,100
AT5G22830,134,86,60,82,73,82
AT5G22840,157,132,99,190,133,193
AT5G22850,158,234,197,205,230,262
AT5G22860,0,12,15,9,0,0
AT5G22870,34,39,9,3,10,15
AT5G22875,246,413,201,120,114,177
AT5G22880,974,2707,1425,1531,1264,1516
AT5G22890,58,248,173,96,50,394
AT5G22900,0,0,0,0,0,0
AT5G22910,0,0,0,0,0,1
AT5G22920,193,381,551,142,131,267
AT5G22930,34,113,51,41,24,26
AT5G22940,375,317,176,351,260,339
AT5G22950,411,599,360,416,314,483
AT5G22960,0,0,0,0,0,0
AT5G22970,0,0,0,0,0,0
AT5G22980,0,0,0,0,0,0
AT5G22990,0,0,0,0,0,0
AT5G23000,0,0,0,0,0,5
AT5G23010,14,6,0,6,22,6
AT5G23020,0,77,35,4,227,143
AT5G23030,0,21,8,9,29,23
AT5G23035,1,0,0,0,0,0
AT5G23040,860,1243,739,693,616,842
AT5G23050,208,155,201,204,211,331
AT5G23060,10,9,14,8,11,15
AT5G23065,0,0,0,0,0,0
AT5G23070,65,62,67,56,45,80
AT5G23080,191,197,88,148,169,161
AT5G23090,311,465,302,283,245,303
AT5G23100,80,97,85,55,40,31
AT5G23110,88,145,88,104,76,136
AT5G23115,0,0,0,0,0,0
AT5G23120,56,36,13,44,17,19
AT5G23130,151,171,81,105,123,128
AT5G23140,513,1020,513,598,347,537
AT5G23150,172,99,82,101,85,127
AT5G23155,10,4,1,4,1,3
AT5G23160,0,5,2,1,0,1
AT5G23170,75,77,42,27,30,34
AT5G23180,0,0,0,0,0,0
AT5G23190,0,9,6,0,1,0
AT5G23200,165,204,109,214,123,172
AT5G23210,199,136,198,437,218,442
AT5G23212,0,0,0,0,0,1
AT5G23220,422,357,207,1431,1060,1357
AT5G23230,33,31,12,12,44,27
AT5G23240,12,1,3,4,3,4
AT5G23250,297,499,340,423,257,348
AT5G23260,0,0,0,0,0,0
AT5G23270,0,0,0,0,0,0
AT5G23280,80,220,105,122,147,130
AT5G23290,906,1350,868,770,564,721
AT5G23300,186,238,142,304,134,140
AT5G23310,156,225,118,152,103,108
AT5G23320,44,36,29,25,25,7
AT5G23330,80,185,91,74,118,135
AT5G23340,432,297,198,287,251,517
AT5G23350,97,94,71,43,85,56
AT5G23360,300,207,172,166,169,132
AT5G23370,99,106,90,64,86,45
AT5G23380,1006,391,315,471,531,438
AT5G23390,144,96,66,140,128,189
AT5G23395,511,684,463,493,352,444
AT5G23400,207,214,184,194,188,174
AT5G23405,90,227,92,91,68,136
AT5G23410,165,292,144,148,115,158
AT5G23411,2,9,2,4,4,6
AT5G23420,335,605,306,442,277,339
AT5G23430,155,116,56,182,149,157
AT5G23440,109,179,133,130,75,136
AT5G23450,521,531,338,636,577,664
AT5G23460,127,291,164,142,128,183
AT5G23470,0,0,0,1,0,0
AT5G23480,0,5,0,0,8,0
AT5G23490,65,56,32,44,55,64
AT5G23510,121,198,136,192,143,215
AT5G23520,169,190,134,129,110,220
AT5G23530,14,21,22,21,11,12
AT5G23535,596,1242,696,590,424,518
AT5G23540,1415,1364,1486,1487,971,1372
AT5G23550,168,359,189,173,144,157
AT5G23570,20,29,27,31,14,45
AT5G23575,797,1145,632,1137,803,1099
AT5G23580,72,109,31,45,17,45
AT5G23590,464,711,320,393,317,491
AT5G23600,16,36,7,15,7,14
AT5G23610,318,309,231,345,310,358
AT5G23630,414,318,232,404,303,398
AT5G23650,0,0,0,0,0,0
AT5G23660,264,35,34,814,954,747
AT5G23665,0,0,0,0,0,0
AT5G23670,589,695,396,685,667,621
AT5G23680,103,68,57,65,39,65
AT5G23690,88,121,85,120,89,74
AT5G23700,144,303,146,198,145,170
AT5G23710,140,349,142,199,111,170
AT5G23720,87,160,74,110,125,100
AT5G23730,69,36,49,23,27,34
AT5G23740,3000,6696,3248,2560,2044,2657
AT5G23750,96,162,115,53,102,175
AT5G23760,126,157,145,85,80,157
AT5G23770,48,19,10,23,11,24
AT5G23780,93,79,26,61,47,79
AT5G23790,0,0,0,0,0,0
AT5G23800,36,21,19,24,33,16
AT5G23810,17,3,6,7,29,51
AT5G23820,521,594,853,806,318,1031
AT5G23830,1079,3735,1989,1159,582,1907
AT5G23840,46,256,228,63,13,123
AT5G23850,94,80,48,91,79,135
AT5G23860,849,1090,624,1007,582,884
AT5G23870,49,48,28,90,73,74
AT5G23880,202,176,165,206,112,184
AT5G23890,193,169,139,186,136,226
AT5G23900,1979,2540,1791,1878,1439,1725
AT5G23903,0,0,0,0,0,0
AT5G23908,0,0,0,0,0,0
AT5G23910,154,84,93,104,70,85
AT5G23920,49,145,64,32,36,68
AT5G23930,37,84,20,48,23,28
AT5G23940,24,58,37,30,21,28
AT5G23950,5,14,19,4,1,13
AT5G23960,0,1,0,0,0,0
AT5G23970,0,10,0,2,0,0
AT5G23980,176,175,79,128,147,213
AT5G23990,37,103,77,11,20,140
AT5G24000,56,35,29,25,43,71
AT5G24010,2,23,9,7,14,18
AT5G24020,285,368,171,264,184,236
AT5G24030,145,1235,955,209,156,265
AT5G24040,0,12,7,3,5,47
AT5G24050,0,0,0,0,0,0
AT5G24060,50,11,17,26,11,22
AT5G24070,51,34,101,307,87,131
AT5G24080,0,1,0,1,0,0
AT5G24090,340,391,261,652,372,712
AT5G24100,163,132,126,162,87,134
AT5G24105,15,99,72,25,24,30
AT5G24110,5,0,0,0,0,0
AT5G24120,40,46,18,10,9,4
AT5G24130,0,0,0,0,0,0
AT5G24140,0,5,4,0,0,0
AT5G24150,0,0,0,0,0,0
AT5G24155,0,0,0,0,0,0
AT5G24160,0,0,0,0,0,0
AT5G24165,497,1887,1273,297,250,759
AT5G24170,242,346,177,193,131,206
AT5G24180,2,0,1,9,3,6
AT5G24190,0,0,0,0,0,0
AT5G24200,0,0,0,0,0,0
AT5G24205,0,0,0,0,0,0
AT5G24206,0,0,0,0,0,0
AT5G24210,0,0,0,0,0,0
AT5G24215,0,0,0,0,0,0
AT5G24220,0,27,10,2,0,22
AT5G24230,33,44,59,51,40,75
AT5G24240,6,10,9,6,8,28
AT5G24260,169,152,52,140,162,161
AT5G24270,56,95,92,47,62,193
AT5G24275,0,1,4,0,1,0
AT5G24280,0,14,0,3,3,1
AT5G24290,14,66,40,53,27,100
AT5G24300,121,73,44,77,67,60
AT5G24310,25,49,79,36,30,59
AT5G24313,2,93,41,21,47,23
AT5G24314,136,260,150,89,76,95
AT5G24316,6,0,0,0,0,0
AT5G24318,24,24,9,25,28,25
AT5G24320,75,107,45,39,51,84
AT5G24330,56,138,83,117,81,79
AT5G24340,85,88,55,86,41,49
AT5G24350,113,90,58,70,76,99
AT5G24352,9,17,11,11,9,20
AT5G24355,1,0,0,2,0,7
AT5G24360,134,125,73,118,79,169
AT5G24370,0,0,0,0,0,0
AT5G24380,28,68,23,15,42,28
AT5G24390,87,81,45,62,59,53
AT5G24400,874,1554,1081,988,644,898
AT5G24410,200,307,252,271,115,351
AT5G24420,0,0,0,0,0,0
AT5G24430,168,133,104,183,145,203
AT5G24440,0,0,0,0,0,0
AT5G24450,240,288,204,223,135,227
AT5G24460,111,184,174,137,110,266
AT5G24470,42,49,17,101,83,93
AT5G24480,0,0,0,0,0,0
AT5G24490,402,478,283,393,269,443
AT5G24500,217,242,216,191,190,273
AT5G24510,11,9,2,4,1,4
AT5G24520,318,335,254,281,223,260
AT5G24530,267,372,321,443,356,1417
AT5G24540,0,1,0,0,0,1
AT5G24550,0,0,0,0,0,4
AT5G24560,0,0,0,0,0,0
AT5G24570,2,8,7,13,22,19
AT5G24575,0,0,0,0,0,0
AT5G24580,146,120,151,74,110,68
AT5G24590,215,234,139,208,180,229
AT5G24600,14,5,20,36,16,42
AT5G24610,745,1031,511,1005,712,850
AT5G24620,198,144,116,181,194,239
AT5G24630,169,300,151,159,140,177
AT5G24640,0,0,1,0,2,5
AT5G24650,291,444,340,366,208,322
AT5G24655,5,60,7,8,3,16
AT5G24660,22,16,14,5,3,11
AT5G24670,336,236,150,274,209,302
AT5G24680,92,104,64,115,63,95
AT5G24690,548,574,281,615,487,569
AT5G24710,277,201,141,243,232,264
AT5G24735,397,708,342,243,229,475
AT5G24740,57,71,62,81,77,82
AT5G24750,43,95,40,41,38,45
AT5G24760,546,521,378,437,401,376
AT5G24770,0,0,0,4,0,0
AT5G24780,0,0,1,0,0,4
AT5G24790,0,0,0,0,0,0
AT5G24800,190,513,322,206,201,197
AT5G24810,60,134,66,136,92,115
AT5G24820,11,0,0,10,15,17
AT5G24825,0,1,0,0,0,0
AT5G24830,126,106,55,97,94,61
AT5G24840,386,537,242,378,223,293
AT5G24850,151,80,76,30,22,54
AT5G24860,1,1,0,2,0,0
AT5G24870,35,69,41,31,37,125
AT5G24879,0,0,0,0,0,1
AT5G24880,4,37,35,14,22,60
AT5G24890,455,760,409,410,283,629
AT5G24900,49,54,28,57,29,35
AT5G24910,49,96,45,71,41,86
AT5G24920,9,0,5,0,7,1
AT5G24930,123,104,91,127,68,171
AT5G24940,1,1,1,0,0,0
AT5G24950,0,1,0,0,0,0
AT5G24960,81,82,43,123,107,73
AT5G24970,92,88,34,59,58,58
AT5G24980,230,703,358,214,238,279
AT5G24990,22,44,31,40,35,38
AT5G25000,0,0,0,1,0,0
AT5G25010,49,85,61,82,44,56
AT5G25020,22,39,21,25,16,23
AT5G25030,0,0,0,0,0,0
AT5G25040,0,0,0,0,0,0
AT5G25050,61,97,55,81,100,107
AT5G25060,182,241,155,192,140,226
AT5G25070,266,332,117,286,234,258
AT5G25080,232,392,237,220,137,303
AT5G25090,70,594,299,81,28,71
AT5G25100,1622,1547,950,1882,1132,1407
AT5G25110,36,48,40,33,18,126
AT5G25120,2,9,2,2,0,18
AT5G25130,0,11,9,3,2,15
AT5G25140,3,16,17,3,1,25
AT5G25150,304,284,119,233,153,219
AT5G25160,179,457,376,198,202,41
AT5G25170,338,260,230,324,255,304
AT5G25180,8,1,7,17,5,5
AT5G25190,2,14,3,17,7,8
AT5G25195,0,0,0,0,0,0
AT5G25200,0,0,0,0,0,0
AT5G25210,141,233,104,155,129,210
AT5G25220,28,33,40,13,36,76
AT5G25230,1,1,0,0,0,0
AT5G25240,32,33,29,22,31,59
AT5G25250,0,5,2,8,0,31
AT5G25260,7,2,10,9,6,9
AT5G25265,594,895,659,976,709,1114
AT5G25270,317,274,179,300,183,286
AT5G25280,2087,3664,2476,2283,1923,2485
AT5G25290,0,0,0,0,0,1
AT5G25300,0,0,0,0,0,0
AT5G25310,8,0,4,10,12,14
AT5G25320,0,1,0,1,1,0
AT5G25330,0,0,0,0,0,0
AT5G25340,21,67,40,50,50,73
AT5G25350,141,334,202,388,304,563
AT5G25360,312,587,263,275,298,287
AT5G25370,0,10,4,19,12,3
AT5G25380,34,51,18,53,52,41
AT5G25390,0,0,0,0,0,0
AT5G25400,0,0,0,0,0,0
AT5G25410,0,0,0,0,0,0
AT5G25415,0,0,0,0,0,0
AT5G25420,0,0,0,0,0,0
AT5G25425,0,0,0,0,0,0
AT5G25430,0,0,0,0,0,0
AT5G25440,85,110,72,156,111,329
AT5G25450,16,56,52,16,7,49
AT5G25460,1512,2100,940,2276,1021,1694
AT5G25470,12,14,5,8,0,0
AT5G25475,311,217,96,227,161,169
AT5G25480,85,122,81,128,71,66
AT5G25490,212,328,174,247,172,192
AT5G25500,27,26,33,31,28,10
AT5G25510,210,348,185,290,223,287
AT5G25520,250,237,121,203,161,210
AT5G25530,37,31,14,24,8,16
AT5G25540,441,1036,678,482,296,607
AT5G25550,0,0,0,0,0,0
AT5G25560,338,356,205,199,197,288
AT5G25570,30,184,80,30,43,69
AT5G25580,57,63,49,47,36,49
AT5G25585,0,0,0,0,0,0
AT5G25590,177,162,75,143,71,206
AT5G25600,0,0,0,0,0,0
AT5G25610,0,3,1,0,0,0
AT5G25620,53,88,48,43,21,42
AT5G25625,0,0,0,0,0,0
AT5G25630,98,92,55,92,78,140
AT5G25640,110,180,144,154,142,127
AT5G25750,1,2,2,2,3,1
AT5G25754,729,723,357,681,460,523
AT5G25755,3,6,3,0,4,6
AT5G25756,0,0,0,0,0,0
AT5G25757,1508,1406,813,1487,1092,1314
AT5G25760,410,770,495,388,294,347
AT5G25770,796,655,513,597,584,966
AT5G25780,350,245,92,279,178,252
AT5G25790,40,22,7,33,28,30
AT5G25800,133,116,72,128,91,80
AT5G25810,19,150,106,4,3,13
AT5G25820,65,115,126,161,148,257
AT5G25830,226,269,203,305,203,289
AT5G25840,30,25,4,16,23,64
AT5G25850,0,0,0,0,0,0
AT5G25860,0,0,0,0,0,0
AT5G25870,0,0,0,0,0,0
AT5G25880,11,19,4,4,2,6
AT5G25890,645,775,590,336,357,342
AT5G25900,615,420,308,663,429,439
AT5G25910,2,7,4,1,4,20
AT5G25920,0,0,0,0,0,0
AT5G25930,11,24,33,30,27,60
AT5G25940,680,867,846,647,524,692
AT5G25950,0,0,0,0,0,0
AT5G25960,0,0,0,0,0,0
AT5G25970,0,0,0,0,0,0
AT5G25980,0,0,0,0,0,0
AT5G25990,0,0,0,0,0,0
AT5G25995,0,0,0,0,0,0
AT5G26000,0,0,0,0,0,0
AT5G26010,19,123,56,17,6,46
AT5G26030,218,399,223,368,322,305
AT5G26038,5,8,4,5,0,10
AT5G26040,26,55,29,49,41,78
AT5G26050,0,0,0,0,0,0
AT5G26060,0,0,0,0,0,0
AT5G26070,0,10,16,0,0,0
AT5G26080,0,59,41,0,3,3
AT5G26090,0,0,0,0,0,0
AT5G26100,0,1,0,0,0,0
AT5G26110,465,362,445,469,372,441
AT5G26120,0,0,0,0,0,0
AT5G26130,0,0,0,0,0,0
AT5G26140,3,0,2,0,0,0
AT5G26146,0,0,0,0,0,0
AT5G26147,0,0,0,0,0,0
AT5G26150,0,0,0,0,0,0
AT5G26160,39,43,17,47,40,47
AT5G26170,8,8,4,8,7,7
AT5G26180,269,268,120,278,256,200
AT5G26190,1,9,2,0,6,1
AT5G26200,28,55,15,30,27,27
AT5G26210,347,592,371,279,199,371
AT5G26220,0,0,1,2,0,0
AT5G26230,115,93,118,227,148,137
AT5G26240,94,136,77,116,90,106
AT5G26250,0,0,0,0,0,0
AT5G26260,659,1732,1142,1010,430,1629
AT5G26262,0,0,0,0,0,0
AT5G26270,1,5,12,16,3,11
AT5G26280,4384,2428,2248,6887,4674,7731
AT5G26290,128,468,185,192,124,204
AT5G26300,7,1,2,0,0,0
AT5G26310,10,11,10,10,8,8
AT5G26320,0,41,12,0,1,6
AT5G26330,88,186,178,145,64,136
AT5G26340,113,58,84,253,185,275
AT5G26360,2686,4024,1803,3502,2062,2470
AT5G26570,87,110,61,131,91,147
AT5G26580,0,0,0,0,0,0
AT5G26594,0,0,0,0,0,0
AT5G26600,460,585,275,433,287,466
AT5G26610,320,414,228,264,153,282
AT5G26617,0,0,0,0,0,0
AT5G26620,0,4,0,0,4,1
AT5G26622,259,242,108,173,189,138
AT5G26630,0,0,1,0,0,0
AT5G26640,0,0,0,0,0,0
AT5G26650,0,0,0,0,0,0
AT5G26660,122,142,102,87,91,135
AT5G26667,1284,2752,1434,1574,1017,1412
AT5G26670,146,178,84,144,59,67
AT5G26673,0,0,0,0,0,0
AT5G26680,348,456,251,385,253,320
AT5G26690,10,45,26,29,13,224
AT5G26692,0,0,0,0,0,0
AT5G26700,3,3,2,7,7,12
AT5G26710,572,622,310,697,418,609
AT5G26717,0,0,0,0,0,0
AT5G26720,36,82,39,27,32,31
AT5G26730,34,20,34,33,19,33
AT5G26731,108,268,146,128,135,212
AT5G26740,357,604,431,314,246,415
AT5G26742,257,242,125,234,210,262
AT5G26749,36,150,50,27,32,38
AT5G26751,630,775,466,639,401,593
AT5G26760,81,122,49,115,72,104
AT5G26770,57,110,48,95,85,113
AT5G26780,543,806,413,734,400,487
AT5G26790,21,84,36,16,23,20
AT5G26800,373,924,460,362,273,454
AT5G26805,0,0,0,0,0,0
AT5G26810,0,0,0,0,0,0
AT5G26820,144,99,65,91,66,124
AT5G26830,643,557,379,888,544,621
AT5G26840,0,0,0,0,0,0
AT5G26850,605,578,278,649,401,544
AT5G26860,99,178,194,154,90,215
AT5G26865,32,8,9,12,6,13
AT5G26880,1106,1102,627,746,680,918
AT5G26890,0,0,0,0,0,0
AT5G26900,0,0,0,0,0,0
AT5G26910,86,112,63,92,77,116
AT5G26920,1,10,1,3,2,20
AT5G26930,0,0,0,0,0,0
AT5G26940,150,299,141,184,152,181
AT5G26950,2,7,4,2,4,4
AT5G26955,0,0,2,1,0,0
AT5G26960,109,69,35,96,72,105
AT5G26970,0,0,0,0,0,0
AT5G26980,161,184,76,124,125,134
AT5G26990,152,297,209,193,140,242
AT5G27000,95,124,105,132,124,125
AT5G27010,0,0,0,0,0,0
AT5G27020,2,6,2,3,3,4
AT5G27030,54,71,52,57,40,74
AT5G27050,0,0,0,0,0,0
AT5G27060,0,2,5,1,1,5
AT5G27065,0,0,0,0,0,0
AT5G27070,0,0,0,0,0,0
AT5G27080,0,0,0,0,0,0
AT5G27090,0,0,0,0,0,0
AT5G27093,1,4,3,1,5,1
AT5G27100,21,50,19,65,52,71
AT5G27110,4,11,1,16,3,0
AT5G27120,2232,2901,1632,2305,1736,2112
AT5G27130,0,8,0,0,0,0
AT5G27140,0,0,0,0,0,0
AT5G27150,108,363,179,213,130,245
AT5G27170,0,0,0,0,0,0
AT5G27200,3,59,12,5,2,0
AT5G27210,104,195,95,82,53,94
AT5G27220,0,1,1,0,7,0
AT5G27230,2,4,1,3,1,4
AT5G27238,0,0,0,0,0,0
AT5G27240,98,69,42,91,76,75
AT5G27247,0,0,0,0,0,0
AT5G27260,0,0,0,0,0,0
AT5G27270,48,71,57,41,27,89
AT5G27280,136,177,151,152,112,239
AT5G27290,1,6,4,5,3,4
AT5G27300,10,16,10,3,1,3
AT5G27310,0,0,0,0,0,0
AT5G27320,102,108,77,92,83,164
AT5G27330,257,471,226,342,177,351
AT5G27340,0,0,0,0,0,0
AT5G27350,37,133,92,26,52,111
AT5G27360,0,0,0,0,0,0
AT5G27370,0,0,1,3,0,0
AT5G27380,501,710,270,603,384,569
AT5G27390,50,68,51,61,55,54
AT5G27395,269,593,273,342,170,296
AT5G27400,500,476,260,462,385,393
AT5G27410,565,177,144,819,381,583
AT5G27420,19,26,38,22,17,284
AT5G27430,814,1695,865,880,660,849
AT5G27440,15,21,15,8,17,17
AT5G27450,610,834,473,636,407,658
AT5G27460,99,112,66,66,53,85
AT5G27470,1173,1576,922,1348,914,1164
AT5G27490,284,564,286,291,205,206
AT5G27493,12,21,12,14,6,9
AT5G27495,0,0,0,0,0,0
AT5G27510,0,0,0,0,0,0
AT5G27520,582,679,469,558,387,569
AT5G27530,0,0,0,0,0,0
AT5G27540,290,284,161,270,201,307
AT5G27550,100,171,66,115,112,88
AT5G27560,34,59,44,41,40,55
AT5G27570,0,0,0,0,0,0
AT5G27580,0,0,0,0,0,0
AT5G27600,276,144,88,384,241,256
AT5G27606,0,0,0,0,0,0
AT5G27607,0,0,0,0,0,0
AT5G27610,30,76,26,32,46,59
AT5G27620,99,52,52,92,81,75
AT5G27630,6,21,5,11,3,7
AT5G27640,912,590,536,1044,542,793
AT5G27650,161,181,98,207,152,184
AT5G27660,67,562,198,67,54,101
AT5G27670,669,1535,1093,1080,853,1304
AT5G27680,81,135,62,78,68,58
AT5G27690,40,38,39,18,24,18
AT5G27700,4206,8612,4903,2886,2504,3233
AT5G27710,111,159,105,135,104,135
AT5G27715,0,0,0,0,0,0
AT5G27720,396,776,483,500,352,448
AT5G27730,190,428,199,191,183,387
AT5G27740,442,882,411,545,378,396
AT5G27750,117,135,54,76,68,91
AT5G27760,367,835,363,297,297,422
AT5G27765,1,1,0,0,0,0
AT5G27770,4858,10032,4981,3832,3044,3793
AT5G27780,0,0,0,0,0,0
AT5G27790,0,0,0,0,0,0
AT5G27800,0,0,0,0,0,0
AT5G27807,0,0,0,0,0,0
AT5G27810,0,0,0,0,0,0
AT5G27820,256,687,304,219,169,246
AT5G27830,155,286,135,176,159,152
AT5G27840,386,443,302,366,310,401
AT5G27850,16493,28422,14470,14535,10920,13671
AT5G27860,411,546,310,358,269,430
AT5G27870,0,0,0,0,0,0
AT5G27880,0,0,0,0,0,0
AT5G27889,0,0,0,0,0,0
AT5G27890,0,0,0,0,0,0
AT5G27893,0,0,0,0,0,0
AT5G27910,0,0,2,0,6,1
AT5G27920,250,547,369,259,161,358
AT5G27930,28,137,52,44,45,142
AT5G27940,0,1,3,0,0,0
AT5G27944,0,0,0,0,0,0
AT5G27945,0,0,0,0,0,0
AT5G27950,161,254,157,141,189,252
AT5G27960,0,0,0,0,0,0
AT5G27970,67,148,91,69,122,109
AT5G27980,0,1,1,3,2,1
AT5G27990,370,615,293,354,288,318
AT5G28000,0,0,0,0,0,0
AT5G28010,18,25,13,9,4,16
AT5G28020,703,907,504,856,692,761
AT5G28030,0,3,0,3,2,0
AT5G28040,170,183,85,216,160,190
AT5G28050,1177,2894,1840,1641,1165,1895
AT5G28060,5217,9731,4432,4817,3919,4613
AT5G28080,150,93,95,260,435,313
AT5G28090,0,0,0,0,0,1
AT5G28150,102,201,104,131,130,121
AT5G28160,0,0,0,0,0,0
AT5G28180,0,0,0,0,0,0
AT5G28190,0,0,0,0,0,0
AT5G28210,1,0,1,2,0,0
AT5G28220,110,202,94,208,157,145
AT5G28235,0,0,0,0,0,0
AT5G28237,0,0,0,0,0,0
AT5G28262,4,13,3,5,8,4
AT5G28288,0,0,0,0,0,0
AT5G28290,136,109,59,164,141,99
AT5G28295,0,0,0,0,0,0
AT5G28300,37,69,14,20,23,18
AT5G28310,0,0,0,0,0,0
AT5G28320,7,5,3,9,7,6
AT5G28340,2,5,0,0,1,4
AT5G28345,0,0,0,0,0,0
AT5G28350,90,85,76,106,116,118
AT5G28370,0,0,0,0,15,0
AT5G28380,0,0,1,0,0,0
AT5G28390,4,6,6,5,3,6
AT5G28400,22,32,19,20,16,14
AT5G28410,0,0,0,0,0,0
AT5G28420,0,0,0,0,0,0
AT5G28442,32,49,52,24,27,30
AT5G28450,0,0,0,0,0,0
AT5G28460,101,109,70,133,52,61
AT5G28462,0,0,0,0,0,0
AT5G28463,0,0,0,0,0,0
AT5G28470,0,0,0,0,0,0
AT5G28490,0,0,0,0,0,0
AT5G28491,0,0,0,0,0,0
AT5G28500,1,0,1,0,0,0
AT5G28510,0,0,0,1,0,5
AT5G28520,0,0,0,0,0,8
AT5G28530,21,51,13,14,20,41
AT5G28540,903,960,503,1541,828,1254
AT5G28550,0,0,0,0,0,0
AT5G28560,0,0,0,0,0,0
AT5G28590,0,0,0,0,0,0
AT5G28610,0,8,7,1,9,38
AT5G28615,0,0,0,0,0,0
AT5G28620,0,0,0,0,0,0
AT5G28630,33,86,83,29,28,107
AT5G28640,1755,1080,601,1226,921,966
AT5G28646,49,37,15,32,22,55
AT5G28650,48,95,58,42,9,45
AT5G28660,0,0,0,0,0,0
AT5G28680,0,0,0,0,0,0
AT5G28690,0,0,0,0,0,0
AT5G28720,0,0,0,0,0,0
AT5G28730,0,0,0,0,0,0
AT5G28740,146,264,109,241,117,237
AT5G28750,93,291,202,100,69,111
AT5G28770,353,403,350,393,256,411
AT5G28780,0,0,0,0,0,0
AT5G28810,0,0,0,0,0,0
AT5G28820,0,0,0,0,0,0
AT5G28823,0,0,0,0,0,0
AT5G28824,0,0,0,0,0,0
AT5G28830,125,138,57,121,87,125
AT5G28840,549,876,385,594,399,584
AT5G28850,206,229,151,157,136,216
AT5G28885,0,0,0,0,0,0
AT5G28900,304,224,216,275,231,333
AT5G28910,13,0,9,5,8,7
AT5G28919,501,528,433,575,511,460
AT5G28920,0,0,0,0,0,0
AT5G28950,0,0,0,0,0,0
AT5G28960,11,32,9,21,19,10
AT5G29000,120,172,116,125,100,163
AT5G29050,0,0,0,0,0,0
AT5G29054,0,0,0,0,0,0
AT5G29070,0,0,0,0,0,0
AT5G29210,0,0,0,0,0,0
AT5G29560,0,0,0,0,0,0
AT5G29613,0,0,0,0,0,0
AT5G29624,0,0,0,0,0,0
AT5G30341,0,0,0,0,0,0
AT5G30360,0,0,0,0,0,0
AT5G30490,181,307,147,188,99,131
AT5G30495,200,475,238,228,155,259
AT5G30500,0,0,0,0,0,0
AT5G30510,383,544,258,375,226,342
AT5G30520,0,0,0,0,0,0
AT5G31412,0,0,0,0,0,0
AT5G32017,0,0,0,0,0,0
AT5G32440,1034,1104,872,890,734,1064
AT5G32450,645,838,400,599,384,518
AT5G32460,0,0,0,0,0,0
AT5G32470,185,251,165,267,207,234
AT5G32590,0,0,0,0,0,0
AT5G32613,0,0,0,0,0,0
AT5G32619,0,0,0,0,0,0
AT5G32670,0,0,0,0,0,0
AT5G33210,0,0,0,0,0,0
AT5G33280,32,36,15,37,36,59
AT5G33290,42,94,69,97,51,113
AT5G33300,185,440,192,211,143,230
AT5G33320,1886,2391,2080,2590,1474,1716
AT5G33330,0,1,1,3,1,2
AT5G33340,0,0,0,0,0,0
AT5G33355,305,6,28,24,111,92
AT5G33370,0,0,0,0,0,0
AT5G33390,0,0,0,0,0,0
AT5G33393,0,0,0,0,0,0
AT5G33399,0,1,1,1,2,0
AT5G33406,0,0,0,0,0,0
AT5G33439,0,0,0,0,0,0
AT5G33806,0,0,0,0,0,0
AT5G33898,0,0,0,0,0,0
AT5G34581,0,0,0,0,0,0
AT5G34780,0,0,0,0,0,0
AT5G34828,0,0,0,0,0,0
AT5G34829,0,0,0,0,0,0
AT5G34830,0,0,0,0,0,0
AT5G34850,1379,1676,884,1373,986,1355
AT5G34869,0,0,0,0,0,0
AT5G34870,0,0,0,0,0,0
AT5G34871,2,1,0,0,5,0
AT5G34881,0,0,0,0,0,0
AT5G34882,0,0,0,0,0,0
AT5G34883,0,0,0,0,0,0
AT5G34885,0,0,0,0,0,0
AT5G34887,0,0,0,0,0,0
AT5G34905,0,0,0,0,0,0
AT5G34908,0,0,0,0,0,0
AT5G34930,104,60,28,107,48,52
AT5G34940,91,121,106,82,84,128
AT5G35050,0,0,0,0,0,0
AT5G35067,0,0,0,0,0,0
AT5G35069,0,0,0,0,0,0
AT5G35080,609,717,458,632,370,593
AT5G35090,0,0,0,1,0,0
AT5G35100,122,152,159,109,116,148
AT5G35110,0,21,13,1,1,18
AT5G35120,0,0,0,0,0,0
AT5G35160,321,346,312,528,302,334
AT5G35170,58,42,47,66,81,38
AT5G35180,149,203,124,221,150,144
AT5G35190,0,73,35,0,55,5
AT5G35195,0,0,0,0,0,0
AT5G35200,322,560,328,366,327,666
AT5G35210,166,189,124,123,130,194
AT5G35220,18,80,33,58,42,47
AT5G35230,0,0,0,0,0,0
AT5G35300,0,0,0,0,0,0
AT5G35320,264,235,157,190,172,251
AT5G35330,213,260,134,181,156,189
AT5G35338,0,0,0,0,0,0
AT5G35360,1359,2210,1012,1426,928,1359
AT5G35370,37,66,20,20,51,59
AT5G35375,0,0,0,0,0,0
AT5G35380,0,0,2,0,4,4
AT5G35390,0,1,0,1,1,2
AT5G35400,75,133,62,95,63,87
AT5G35405,0,0,0,0,0,0
AT5G35407,0,0,0,0,0,0
AT5G35410,53,32,27,59,27,68
AT5G35430,186,270,122,210,186,158
AT5G35450,67,74,50,33,40,36
AT5G35460,408,457,264,348,253,425
AT5G35475,0,0,0,0,0,0
AT5G35480,0,0,0,0,0,0
AT5G35490,0,0,0,0,0,0
AT5G35510,0,0,0,0,0,0
AT5G35520,129,233,113,122,90,116
AT5G35525,52,80,62,37,46,34
AT5G35530,5554,8164,4181,4883,3019,4248
AT5G35540,0,0,0,0,0,0
AT5G35550,0,0,0,0,0,0
AT5G35560,254,184,120,220,309,282
AT5G35570,154,188,97,163,84,178
AT5G35580,65,62,40,47,39,122
AT5G35590,1227,2645,1486,1481,986,1405
AT5G35600,0,0,0,0,0,0
AT5G35603,0,0,0,0,0,0
AT5G35604,0,0,0,0,0,0
AT5G35605,0,0,0,0,0,0
AT5G35610,0,0,0,0,0,0
AT5G35620,737,1840,933,989,690,831
AT5G35630,622,717,401,790,506,611
AT5G35640,0,0,0,0,0,0
AT5G35660,0,0,0,0,0,0
AT5G35670,440,427,258,283,301,300
AT5G35680,459,1325,675,471,352,596
AT5G35688,0,0,0,0,0,3
AT5G35690,299,388,216,338,214,387
AT5G35695,0,0,0,0,0,0
AT5G35698,0,0,0,0,0,0
AT5G35700,206,342,140,224,138,248
AT5G35715,0,0,0,0,0,0
AT5G35730,352,697,515,545,399,531
AT5G35732,157,287,246,115,101,120
AT5G35735,16,61,55,118,81,344
AT5G35737,0,0,0,0,0,0
AT5G35740,243,591,457,223,194,209
AT5G35750,77,102,85,104,70,159
AT5G35753,105,62,46,53,73,53
AT5G35760,20,27,16,24,13,8
AT5G35770,88,58,42,85,37,46
AT5G35790,11,46,10,36,13,35
AT5G35810,0,0,0,0,0,0
AT5G35830,0,0,0,0,0,0
AT5G35840,77,80,48,59,71,83
AT5G35870,0,2,0,0,0,0
AT5G35890,0,0,0,0,0,0
AT5G35900,0,0,0,0,0,0
AT5G35910,209,267,153,198,128,136
AT5G35913,0,0,0,0,0,0
AT5G35917,0,0,0,0,0,0
AT5G35920,0,0,0,0,0,0
AT5G35926,31,54,38,38,41,66
AT5G35927,4,8,4,2,8,13
AT5G35930,123,88,39,73,46,123
AT5G35940,106,262,65,1642,299,306
AT5G35945,0,0,0,0,0,0
AT5G35950,1,0,0,0,0,0
AT5G35960,0,7,18,6,18,20
AT5G35970,20,66,22,40,30,54
AT5G35980,219,349,197,329,272,297
AT5G35995,152,186,99,103,84,148
AT5G36000,5,5,0,2,0,0
AT5G36001,8,2,9,11,7,7
AT5G36002,12,11,13,12,12,3
AT5G36080,0,0,0,0,0,0
AT5G36100,0,8,0,0,0,0
AT5G36110,0,0,0,1,0,0
AT5G36120,0,0,3,0,0,0
AT5G36130,0,0,0,0,0,0
AT5G36140,0,0,0,0,0,0
AT5G36150,0,0,0,0,0,0
AT5G36160,334,447,228,385,252,304
AT5G36170,129,154,103,92,88,142
AT5G36180,24,41,31,10,9,63
AT5G36190,0,0,0,0,0,0
AT5G36200,0,0,0,0,0,0
AT5G36210,232,130,120,236,127,168
AT5G36220,5,12,4,5,0,30
AT5G36225,0,0,0,0,0,0
AT5G36228,0,0,0,0,0,0
AT5G36230,1907,3187,1602,2177,1904,1910
AT5G36240,1,0,1,0,0,0
AT5G36250,89,118,87,79,109,118
AT5G36260,1,39,8,11,8,22
AT5G36280,1,1,1,0,0,0
AT5G36290,1125,1994,1114,1106,848,1105
AT5G36300,0,0,0,0,0,0
AT5G36310,0,0,0,0,0,0
AT5G36320,0,0,0,0,0,0
AT5G36330,0,0,0,0,0,0
AT5G36340,0,0,0,0,0,0
AT5G36350,0,0,0,0,0,0
AT5G36360,0,0,0,0,0,0
AT5G36370,0,0,0,0,0,0
AT5G36380,0,0,0,0,0,0
AT5G36390,0,0,0,0,0,0
AT5G36400,0,0,0,0,0,0
AT5G36410,0,0,0,0,0,0
AT5G36420,0,0,0,0,0,0
AT5G36430,0,0,0,0,0,0
AT5G36440,0,0,0,0,0,0
AT5G36450,0,0,0,0,0,0
AT5G36460,0,0,0,0,0,0
AT5G36470,0,0,0,0,0,0
AT5G36480,0,0,0,0,0,0
AT5G36490,0,0,0,0,0,0
AT5G36500,0,0,0,0,0,0
AT5G36520,0,0,0,0,0,0
AT5G36540,0,0,0,0,0,0
AT5G36550,0,0,0,0,0,0
AT5G36657,0,0,0,0,0,0
AT5G36658,0,0,0,0,0,0
AT5G36659,0,0,0,0,0,0
AT5G36661,0,0,0,0,0,0
AT5G36662,0,0,0,0,0,0
AT5G36670,8,2,0,0,0,0
AT5G36680,0,0,0,0,0,0
AT5G36690,0,0,0,0,0,0
AT5G36700,0,0,0,0,0,0
AT5G36710,95,274,159,121,86,165
AT5G36720,0,0,0,0,0,0
AT5G36722,0,0,0,0,0,0
AT5G36730,0,0,0,0,0,0
AT5G36738,0,0,0,0,0,0
AT5G36739,0,0,0,0,0,0
AT5G36740,48,75,41,37,39,79
AT5G36770,0,0,0,0,0,0
AT5G36780,0,0,0,0,0,0
AT5G36790,0,0,0,0,0,0
AT5G36800,95,282,176,128,94,172
AT5G36805,0,0,0,0,0,0
AT5G36810,0,0,0,0,0,0
AT5G36820,0,0,0,0,0,0
AT5G36870,29,22,36,7,21,50
AT5G36880,719,493,338,872,527,746
AT5G36890,149,140,130,205,125,187
AT5G36900,0,0,0,0,0,0
AT5G36907,0,0,0,0,0,2
AT5G36910,0,0,0,0,0,0
AT5G36920,0,0,0,0,0,0
AT5G36925,5,10,8,4,13,13
AT5G36930,13,37,18,35,15,41
AT5G36940,114,175,83,118,131,134
AT5G36950,108,212,86,148,125,109
AT5G36960,5,2,8,5,2,6
AT5G36970,0,0,0,0,0,0
AT5G36980,0,0,0,0,0,0
AT5G37000,81,33,31,77,53,72
AT5G37010,87,163,77,123,101,138
AT5G37020,145,132,99,137,89,119
AT5G37030,0,0,0,0,0,2
AT5G37040,0,0,0,0,0,0
AT5G37050,12,2,0,3,4,4
AT5G37055,240,394,237,185,143,224
AT5G37060,0,0,0,0,0,0
AT5G37070,134,189,134,90,71,261
AT5G37130,273,119,104,177,128,122
AT5G37140,0,0,0,0,0,0
AT5G37150,1,0,0,0,0,0
AT5G37160,0,0,0,0,0,0
AT5G37165,0,0,0,0,0,0
AT5G37170,0,0,0,0,0,0
AT5G37180,43,17,6,11,37,46
AT5G37190,103,79,41,46,52,82
AT5G37200,0,0,0,0,0,0
AT5G37210,1,2,0,13,24,10
AT5G37220,0,0,0,0,0,0
AT5G37230,0,1,0,0,0,0
AT5G37240,0,2,0,0,1,1
AT5G37247,3,4,2,2,0,6
AT5G37250,2,11,16,2,2,7
AT5G37260,153,397,334,32,44,83
AT5G37270,0,0,0,0,0,0
AT5G37280,0,0,0,0,0,0
AT5G37290,60,99,45,48,38,40
AT5G37300,0,0,0,0,0,0
AT5G37310,355,534,302,461,278,364
AT5G37320,0,0,0,0,0,0
AT5G37340,76,94,22,55,38,60
AT5G37350,311,323,187,324,204,282
AT5G37360,45,100,45,53,33,49
AT5G37370,552,306,278,477,377,425
AT5G37380,247,200,112,213,135,199
AT5G37400,8,7,0,12,0,2
AT5G37410,15,2,3,0,0,4
AT5G37415,0,0,0,0,0,0
AT5G37420,0,0,0,0,0,0
AT5G37430,0,0,0,0,0,0
AT5G37440,1,10,8,3,10,4
AT5G37450,0,0,2,0,0,0
AT5G37460,0,0,0,0,0,0
AT5G37470,0,0,0,0,0,0
AT5G37473,0,0,0,0,0,0
AT5G37474,0,0,0,0,0,0
AT5G37475,653,917,465,533,457,588
AT5G37478,28,222,111,0,76,16
AT5G37480,243,668,283,259,212,283
AT5G37485,10,15,28,18,14,18
AT5G37490,0,5,0,0,0,3
AT5G37500,21,15,12,21,8,28
AT5G37510,1436,1045,573,1142,674,1088
AT5G37520,0,0,0,0,0,0
AT5G37530,50,66,21,45,22,56
AT5G37540,126,211,145,165,194,517
AT5G37550,4,17,2,2,0,10
AT5G37560,0,0,0,1,0,0
AT5G37570,13,26,10,14,16,15
AT5G37590,43,105,35,65,53,50
AT5G37600,1266,2073,1324,2113,1167,1743
AT5G37610,0,0,0,0,1,0
AT5G37620,0,4,0,0,2,0
AT5G37630,87,72,58,65,57,93
AT5G37640,3,0,0,0,0,0
AT5G37650,0,0,0,0,0,0
AT5G37660,144,157,141,109,163,213
AT5G37670,26,41,11,13,8,18
AT5G37680,65,195,110,82,68,87
AT5G37690,0,9,0,0,0,0
AT5G37710,138,262,132,159,74,148
AT5G37715,0,3,0,0,0,0
AT5G37720,307,267,169,335,167,311
AT5G37730,0,0,0,0,0,0
AT5G37740,346,786,470,429,263,785
AT5G37750,11,19,9,4,2,9
AT5G37760,2,3,0,0,1,1
AT5G37770,733,443,220,239,230,821
AT5G37780,1800,3857,1722,2282,1705,2297
AT5G37790,212,394,233,262,217,248
AT5G37793,0,0,0,0,0,0
AT5G37795,0,0,0,0,0,0
AT5G37800,3,19,31,31,18,8
AT5G37810,0,0,0,0,0,0
AT5G37820,0,1,0,0,0,0
AT5G37830,158,160,110,136,115,145
AT5G37840,0,0,0,0,0,0
AT5G37850,246,400,208,198,161,259
AT5G37860,0,0,0,0,0,0
AT5G37870,0,0,0,0,0,0
AT5G37890,53,240,129,137,57,108
AT5G37900,0,1,0,1,0,0
AT5G37910,0,0,0,0,0,0
AT5G37920,0,0,0,0,0,0
AT5G37930,210,243,104,173,170,261
AT5G37940,0,0,0,0,0,0
AT5G37950,0,0,0,0,0,0
AT5G37960,0,0,0,0,0,0
AT5G37970,0,0,0,0,0,0
AT5G37980,6,6,3,0,3,5
AT5G37990,0,0,0,0,0,0
AT5G38000,0,0,0,0,0,2
AT5G38005,43,131,62,17,10,23
AT5G38010,12,5,8,9,0,6
AT5G38020,0,0,3,0,0,0
AT5G38030,2,16,15,1,0,12
AT5G38040,101,43,19,45,33,56
AT5G38050,60,76,32,55,23,48
AT5G38060,16,47,14,6,17,11
AT5G38070,11,15,11,20,29,6
AT5G38080,0,0,0,0,0,0
AT5G38090,0,0,0,2,0,0
AT5G38100,28,52,47,89,69,142
AT5G38110,399,745,345,499,421,374
AT5G38120,0,0,0,0,0,0
AT5G38130,0,0,0,0,0,0
AT5G38140,45,15,6,11,19,13
AT5G38150,105,64,30,54,47,88
AT5G38155,0,0,0,0,0,0
AT5G38160,0,0,0,0,0,0
AT5G38170,0,0,0,0,0,0
AT5G38180,0,0,0,0,0,0
AT5G38190,0,0,0,0,0,0
AT5G38195,0,0,0,0,0,0
AT5G38197,0,0,0,0,0,0
AT5G38200,117,324,186,522,236,401
AT5G38210,37,73,52,37,46,80
AT5G38212,47,109,65,52,77,77
AT5G38220,137,345,119,158,124,226
AT5G38240,0,0,0,0,0,0
AT5G38250,0,0,0,0,0,1
AT5G38260,0,0,0,0,0,0
AT5G38270,0,0,0,3,0,0
AT5G38280,123,98,69,105,95,175
AT5G38290,52,106,62,79,52,64
AT5G38300,18,85,26,20,21,41
AT5G38310,0,0,1,0,0,4
AT5G38317,0,0,0,0,0,0
AT5G38320,0,2,0,0,0,0
AT5G38330,0,0,0,0,0,0
AT5G38340,19,53,32,47,20,70
AT5G38344,12,23,25,18,25,36
AT5G38350,17,9,10,16,12,35
AT5G38360,90,138,46,73,76,73
AT5G38378,0,0,0,0,0,0
AT5G38380,227,505,282,272,236,337
AT5G38386,1,0,0,0,2,0
AT5G38390,0,0,0,0,0,0
AT5G38391,0,0,0,0,0,0
AT5G38392,0,0,0,0,0,0
AT5G38396,0,0,0,0,0,0
AT5G38397,0,0,0,0,0,0
AT5G38400,0,0,0,0,0,0
AT5G38410,49,60,12,0,0,0
AT5G38420,15,17,6,1,0,0
AT5G38430,9,2,5,0,0,0
AT5G38435,0,0,0,0,0,0
AT5G38440,0,0,0,0,0,0
AT5G38450,18,8,11,17,27,38
AT5G38460,120,195,140,186,158,165
AT5G38470,944,1307,767,856,554,764
AT5G38480,1941,5100,2322,2558,1478,2028
AT5G38490,0,0,0,2,0,0
AT5G38500,0,0,0,0,0,0
AT5G38510,36,8,21,12,3,27
AT5G38520,3,4,0,0,0,0
AT5G38530,302,490,222,493,377,451
AT5G38540,5,35,19,12,14,65
AT5G38550,11,28,20,74,59,146
AT5G38560,175,180,160,241,220,260
AT5G38565,4,1,0,0,0,2
AT5G38570,0,0,0,0,0,0
AT5G38580,0,0,0,1,0,0
AT5G38590,52,136,53,69,48,80
AT5G38600,221,205,85,212,138,193
AT5G38610,50,185,142,90,90,142
AT5G38620,0,0,0,0,0,0
AT5G38630,660,1217,666,783,579,804
AT5G38640,245,88,81,185,130,139
AT5G38650,687,1586,758,710,560,874
AT5G38660,138,215,121,157,108,160
AT5G38670,0,0,0,0,0,0
AT5G38680,0,0,0,0,0,0
AT5G38690,193,406,215,271,168,195
AT5G38700,9,36,4,3,20,58
AT5G38710,0,11,8,4,0,1
AT5G38720,180,430,226,174,161,212
AT5G38730,19,22,11,21,8,25
AT5G38740,0,0,0,0,0,0
AT5G38743,0,0,0,0,0,0
AT5G38747,1,7,0,4,0,3
AT5G38750,2,0,0,0,0,0
AT5G38760,0,0,0,0,0,0
AT5G38770,0,34,19,10,19,12
AT5G38780,0,0,2,0,0,1
AT5G38790,46,77,39,28,39,39
AT5G38800,0,0,0,0,0,0
AT5G38810,0,0,0,0,0,0
AT5G38820,0,1,0,1,0,2
AT5G38830,563,683,433,701,426,560
AT5G38840,157,154,135,245,134,240
AT5G38850,18,8,11,29,18,41
AT5G38860,148,169,147,136,109,114
AT5G38865,2,8,2,5,2,4
AT5G38880,515,462,187,413,209,297
AT5G38890,180,241,174,202,144,233
AT5G38895,108,192,99,93,41,95
AT5G38900,20,37,14,8,7,31
AT5G38905,0,0,0,0,0,0
AT5G38910,0,0,3,0,0,0
AT5G38920,0,0,0,0,0,0
AT5G38930,0,0,0,0,0,0
AT5G38940,164,74,100,406,280,489
AT5G38950,0,0,0,0,0,0
AT5G38960,0,0,0,0,0,0
AT5G38970,21,143,69,66,36,51
AT5G38980,0,9,1,0,0,1
AT5G38990,0,0,0,0,0,0
AT5G39000,13,1,1,3,7,9
AT5G39010,0,0,0,0,0,0
AT5G39020,7,10,15,8,6,37
AT5G39024,0,0,0,0,0,0
AT5G39030,0,1,1,0,0,0
AT5G39040,146,161,88,183,143,186
AT5G39050,72,24,13,137,152,183
AT5G39080,228,26,28,285,221,245
AT5G39090,2,26,11,0,0,9
AT5G39100,0,0,0,0,0,0
AT5G39110,0,0,0,0,0,0
AT5G39120,0,0,0,0,0,0
AT5G39130,0,4,0,0,0,1
AT5G39140,0,0,0,0,0,0
AT5G39150,0,0,0,0,0,0
AT5G39160,0,6,0,1,0,0
AT5G39170,0,0,0,0,0,0
AT5G39180,0,0,0,0,0,0
AT5G39190,0,5,0,0,0,0
AT5G39200,0,0,0,0,0,0
AT5G39210,0,0,0,0,0,0
AT5G39220,6,10,6,0,0,1
AT5G39230,0,0,0,0,0,0
AT5G39240,49,207,87,58,40,91
AT5G39250,50,180,80,75,65,113
AT5G39260,0,2,0,4,2,3
AT5G39270,0,0,0,0,0,0
AT5G39280,0,0,0,0,0,0
AT5G39290,0,0,0,0,0,0
AT5G39300,0,0,0,0,0,0
AT5G39310,0,0,0,0,0,0
AT5G39320,1132,1849,918,1411,773,1179
AT5G39330,0,1,0,0,5,0
AT5G39340,548,926,585,430,286,525
AT5G39350,49,12,9,14,14,26
AT5G39360,160,183,121,108,86,122
AT5G39365,0,0,0,0,0,0
AT5G39370,0,0,0,0,0,0
AT5G39380,59,65,60,85,58,106
AT5G39390,0,0,0,0,0,0
AT5G39400,0,1,1,4,1,4
AT5G39410,219,120,151,363,269,248
AT5G39420,8,7,0,3,1,1
AT5G39430,0,0,0,0,0,0
AT5G39440,0,0,0,0,0,0
AT5G39450,78,69,38,75,61,80
AT5G39460,0,0,0,5,0,0
AT5G39470,0,0,0,0,0,0
AT5G39471,20,7,3,5,7,5
AT5G39480,0,0,0,0,0,0
AT5G39490,0,0,0,0,0,0
AT5G39493,0,0,2,0,1,0
AT5G39500,290,341,140,350,313,315
AT5G39510,409,788,527,447,295,460
AT5G39520,1,0,0,0,3,0
AT5G39530,19,18,13,21,11,14
AT5G39535,0,0,0,0,0,0
AT5G39540,0,0,0,0,0,0
AT5G39550,121,131,63,178,137,125
AT5G39560,0,0,0,0,0,0
AT5G39570,2432,2679,1530,3143,2071,2348
AT5G39580,101,9,15,98,64,134
AT5G39590,172,409,233,290,293,412
AT5G39600,458,1049,519,367,280,330
AT5G39610,4,4,15,26,7,63
AT5G39620,0,0,0,0,0,0
AT5G39630,0,0,0,0,0,0
AT5G39635,5,0,0,0,0,0
AT5G39640,0,0,0,0,0,0
AT5G39645,0,0,0,0,0,0
AT5G39650,0,0,0,0,0,0
AT5G39660,308,553,294,113,65,163
AT5G39670,7,9,8,7,23,52
AT5G39680,13,36,6,10,10,22
AT5G39690,0,0,0,0,0,0
AT5G39693,0,0,0,0,0,0
AT5G39700,0,0,0,0,0,0
AT5G39710,26,30,19,22,22,13
AT5G39715,0,0,0,0,0,0
AT5G39720,1,0,1,2,2,11
AT5G39730,310,834,481,385,268,360
AT5G39740,9282,17635,8145,8999,6500,7357
AT5G39750,0,0,0,0,0,0
AT5G39760,4,11,19,3,6,5
AT5G39770,0,0,0,0,0,0
AT5G39775,0,0,0,0,0,0
AT5G39785,18,58,36,8,5,29
AT5G39790,45,73,33,56,45,38
AT5G39800,228,664,343,238,187,257
AT5G39810,0,3,1,1,0,0
AT5G39820,55,82,40,62,47,21
AT5G39830,47,85,43,53,51,61
AT5G39840,12,63,15,22,22,39
AT5G39850,700,901,412,723,500,505
AT5G39860,0,0,0,0,0,0
AT5G39865,26,17,31,13,29,14
AT5G39870,0,1,0,1,1,0
AT5G39880,0,0,0,0,0,0
AT5G39890,24,19,10,35,21,75
AT5G39895,0,0,0,0,0,0
AT5G39900,32,74,33,75,51,51
AT5G39910,0,0,0,0,0,0
AT5G39920,0,0,0,0,0,0
AT5G39930,3,4,13,13,3,2
AT5G39940,36,107,50,63,39,68
AT5G39950,1717,2433,1804,1661,1228,2010
AT5G39960,33,120,52,83,51,81
AT5G39970,132,165,110,91,91,106
AT5G39980,33,43,27,42,41,51
AT5G39990,178,311,191,281,195,223
AT5G40000,59,3,1,37,26,326
AT5G40010,3,7,4,35,8,35
AT5G40020,74,325,214,147,266,140
AT5G40030,120,264,108,191,100,172
AT5G40040,1,0,6,0,4,0
AT5G40050,0,0,0,0,0,0
AT5G40060,0,0,3,0,0,1
AT5G40070,0,0,0,0,0,0
AT5G40080,315,857,394,352,214,272
AT5G40090,106,121,42,97,76,95
AT5G40100,96,81,27,108,84,125
AT5G40120,0,0,0,0,0,0
AT5G40140,30,62,60,44,65,40
AT5G40150,120,110,87,98,114,82
AT5G40153,16,4,13,10,12,2
AT5G40155,0,0,0,0,1,0
AT5G40160,36,63,29,30,26,43
AT5G40170,10,25,22,13,19,44
AT5G40180,11,13,8,18,9,14
AT5G40190,640,1070,729,449,372,470
AT5G40200,363,467,204,434,299,265
AT5G40210,8,14,20,20,31,33
AT5G40220,0,0,0,0,0,0
AT5G40230,185,139,92,249,199,220
AT5G40240,87,119,72,139,95,200
AT5G40250,229,318,188,262,178,236
AT5G40260,2,2,0,0,0,0
AT5G40270,50,84,29,56,30,45
AT5G40275,0,0,0,0,0,0
AT5G40280,226,242,142,244,147,242
AT5G40290,0,0,0,0,0,0
AT5G40300,164,349,161,217,198,262
AT5G40310,0,0,1,0,0,0
AT5G40315,0,0,0,0,0,0
AT5G40316,8,13,4,4,1,6
AT5G40320,18,62,10,14,1,22
AT5G40330,38,94,75,99,30,82
AT5G40340,329,527,296,381,281,511
AT5G40348,0,0,0,0,0,0
AT5G40350,0,0,0,0,0,0
AT5G40360,0,0,0,0,0,0
AT5G40370,711,1654,919,892,702,1030
AT5G40380,0,0,0,0,0,0
AT5G40382,4,1,4,0,0,0
AT5G40384,0,0,0,0,0,0
AT5G40390,41,67,38,36,24,34
AT5G40395,0,2,0,0,1,1
AT5G40400,14,29,46,31,25,13
AT5G40405,11,34,17,12,0,12
AT5G40410,2,8,8,16,11,3
AT5G40420,0,0,0,1,0,0
AT5G40430,0,0,0,0,0,0
AT5G40440,45,142,41,76,33,83
AT5G40450,4215,5179,2987,3974,3747,7002
AT5G40460,16,34,22,8,13,28
AT5G40470,16,85,47,56,34,85
AT5G40480,82,69,57,94,62,89
AT5G40490,62,109,63,57,48,63
AT5G40500,11,25,21,18,10,11
AT5G40510,119,525,294,505,249,457
AT5G40520,56,77,48,73,34,93
AT5G40530,200,344,210,251,162,162
AT5G40540,84,126,124,125,71,69
AT5G40545,0,0,0,0,0,0
AT5G40550,74,152,73,78,64,90
AT5G40560,0,0,0,0,0,0
AT5G40570,37,76,23,22,19,10
AT5G40580,834,1410,747,600,399,704
AT5G40590,18,93,65,70,43,90
AT5G40595,0,0,0,0,0,0
AT5G40600,65,117,83,79,44,85
AT5G40610,225,343,214,261,160,250
AT5G40620,2,6,3,8,3,2
AT5G40630,393,335,208,268,299,329
AT5G40640,91,212,134,123,78,91
AT5G40645,18,21,14,15,17,10
AT5G40650,372,788,448,443,388,452
AT5G40660,704,980,592,630,510,680
AT5G40670,455,680,625,445,322,667
AT5G40680,0,0,0,0,0,0
AT5G40690,133,353,237,44,57,310
AT5G40700,75,181,61,94,52,79
AT5G40710,106,184,107,126,42,54
AT5G40720,19,17,9,30,18,54
AT5G40730,679,3519,3579,504,744,1602
AT5G40740,67,139,70,154,93,130
AT5G40750,0,0,0,0,0,0
AT5G40760,455,613,410,501,341,680
AT5G40770,714,1250,749,442,330,451
AT5G40780,1122,767,856,2464,1070,3177
AT5G40790,0,0,0,0,0,0
AT5G40800,3,0,0,3,1,8
AT5G40810,1046,1662,1070,1157,765,1102
AT5G40820,36,39,37,33,26,47
AT5G40830,184,210,191,218,234,221
AT5G40840,51,91,54,65,46,51
AT5G40850,638,943,775,594,612,467
AT5G40855,0,1,0,0,1,0
AT5G40860,0,24,12,4,21,25
AT5G40870,386,187,274,487,278,298
AT5G40880,33,97,58,98,77,78
AT5G40890,227,504,317,384,316,473
AT5G40900,0,0,0,0,0,0
AT5G40910,161,214,93,108,89,133
AT5G40930,211,461,270,218,170,231
AT5G40940,0,1,0,1,0,0
AT5G40945,0,0,0,0,0,0
AT5G40950,302,580,333,268,194,254
AT5G40960,102,187,94,61,71,74
AT5G40970,237,495,372,204,224,224
AT5G40980,123,288,196,88,178,156
AT5G40981,0,0,0,0,0,2
AT5G40990,0,0,0,0,0,0
AT5G41000,33,92,36,74,71,87
AT5G41010,391,777,470,337,281,408
AT5G41020,286,564,233,293,238,378
AT5G41025,36,98,31,51,49,57
AT5G41030,0,1,0,0,0,0
AT5G41040,29,209,113,90,62,78
AT5G41050,6,26,22,11,8,3
AT5G41060,382,310,253,325,205,277
AT5G41070,32,85,74,100,100,69
AT5G41071,0,0,0,0,0,0
AT5G41080,237,465,637,181,248,248
AT5G41090,12,0,4,0,1,9
AT5G41100,159,109,110,154,99,97
AT5G41109,1,0,0,0,0,2
AT5G41110,33,89,42,25,65,61
AT5G41120,40,31,26,28,16,43
AT5G41130,24,16,51,37,29,28
AT5G41140,103,111,100,113,119,98
AT5G41150,47,47,70,88,73,98
AT5G41160,12,43,21,23,14,19
AT5G41170,8,21,13,15,11,38
AT5G41180,104,141,53,148,99,133
AT5G41190,393,387,183,448,245,369
AT5G41200,0,0,0,0,0,0
AT5G41210,763,1332,632,740,480,642
AT5G41220,180,189,81,134,102,149
AT5G41240,96,91,39,56,47,40
AT5G41250,0,0,0,0,0,0
AT5G41260,285,324,182,322,324,355
AT5G41265,0,0,0,0,0,0
AT5G41270,136,110,125,124,103,168
AT5G41280,75,142,64,403,188,309
AT5G41290,135,61,76,485,287,413
AT5G41300,112,145,80,339,180,190
AT5G41310,0,0,0,0,0,0
AT5G41315,41,45,17,25,8,11
AT5G41320,34,35,22,16,32,31
AT5G41330,33,71,55,59,61,44
AT5G41340,153,637,265,221,122,220
AT5G41350,228,200,153,208,138,262
AT5G41360,38,65,39,44,25,42
AT5G41370,125,108,50,94,104,138
AT5G41380,6,50,24,2,25,36
AT5G41390,0,0,0,0,0,0
AT5G41400,78,418,263,68,58,193
AT5G41401,0,0,0,0,0,0
AT5G41410,2,52,33,6,1,38
AT5G41420,0,0,0,0,0,0
AT5G41430,0,0,0,0,0,0
AT5G41440,0,0,0,0,0,0
AT5G41450,0,0,0,0,0,0
AT5G41460,0,5,2,1,0,3
AT5G41470,2,7,10,0,4,4
AT5G41471,4,49,25,6,1,2
AT5G41480,77,150,54,92,68,118
AT5G41490,0,0,0,0,0,0
AT5G41500,0,0,0,0,0,0
AT5G41510,0,0,0,0,0,0
AT5G41520,12170,14835,10496,10591,8163,9808
AT5G41530,0,0,0,0,0,0
AT5G41540,0,0,0,3,0,3
AT5G41550,7,4,17,22,23,28
AT5G41560,385,1016,561,415,299,424
AT5G41570,0,0,1,0,0,0
AT5G41580,102,38,67,117,75,113
AT5G41590,18,35,34,5,6,9
AT5G41600,1023,2618,1264,1128,735,976
AT5G41605,0,0,0,0,0,0
AT5G41610,41,45,26,41,42,26
AT5G41612,40,51,46,44,22,24
AT5G41620,99,72,30,59,50,33
AT5G41630,0,0,0,0,0,0
AT5G41640,0,0,0,0,0,0
AT5G41650,71,185,103,72,60,61
AT5G41660,0,0,0,0,0,0
AT5G41663,7,0,1,3,3,6
AT5G41670,673,800,490,855,559,480
AT5G41675,0,0,0,0,0,0
AT5G41680,414,1099,584,362,326,400
AT5G41685,877,2127,1222,736,558,784
AT5G41690,21,14,14,11,16,28
AT5G41700,4214,5107,3238,3258,3036,5626
AT5G41720,0,1,0,0,0,0
AT5G41730,0,2,0,0,2,0
AT5G41740,0,0,2,2,0,3
AT5G41750,0,9,11,3,4,40
AT5G41760,393,641,266,404,336,461
AT5G41761,0,0,0,0,0,0
AT5G41763,5,7,3,9,6,7
AT5G41765,2,2,2,1,0,3
AT5G41770,315,326,160,311,178,206
AT5G41780,0,0,2,0,0,0
AT5G41790,253,473,190,277,227,346
AT5G41800,79,61,67,100,72,122
AT5G41810,100,159,138,162,66,210
AT5G41820,0,0,0,0,0,0
AT5G41830,0,0,0,0,0,0
AT5G41840,0,0,0,0,0,0
AT5G41850,15,15,11,12,7,12
AT5G41860,11,26,25,12,16,23
AT5G41870,2,29,13,20,12,17
AT5G41880,181,237,124,207,143,126
AT5G41890,1,2,0,0,2,0
AT5G41900,0,0,0,1,0,0
AT5G41905,1,1,1,0,0,0
AT5G41908,0,0,3,2,1,0
AT5G41910,161,281,157,100,80,105
AT5G41920,36,40,20,54,37,63
AT5G41940,255,354,201,321,281,317
AT5G41950,452,484,321,659,399,489
AT5G41960,120,297,175,134,112,107
AT5G41970,531,856,481,464,266,452
AT5G41980,37,70,28,52,22,49
AT5G41990,336,621,317,430,423,589
AT5G42000,410,744,509,344,292,443
AT5G42010,9,16,7,11,10,44
AT5G42020,1159,1019,688,2127,1071,1405
AT5G42030,18,59,43,19,36,23
AT5G42040,8,6,3,2,3,9
AT5G42050,365,493,305,386,344,1075
AT5G42053,0,0,0,0,1,0
AT5G42060,346,726,309,293,226,262
AT5G42070,22,34,15,8,14,4
AT5G42080,1333,1198,677,1323,833,1183
AT5G42090,1725,2433,1486,2018,1336,1697
AT5G42092,1652,2343,1505,1939,1311,1700
AT5G42100,562,336,381,627,403,344
AT5G42110,420,736,465,338,284,320
AT5G42120,9,4,0,0,1,4
AT5G42130,156,109,85,141,129,111
AT5G42140,43,73,16,31,52,28
AT5G42146,86,82,55,59,59,45
AT5G42150,224,263,179,182,136,176
AT5G42170,0,0,0,0,0,0
AT5G42180,463,575,389,979,554,599
AT5G42190,1191,1339,1017,1064,731,1084
AT5G42200,91,111,57,78,121,344
AT5G42210,26,68,53,24,33,25
AT5G42220,176,207,133,264,150,276
AT5G42223,0,0,0,0,0,0
AT5G42230,0,0,0,0,0,0
AT5G42232,0,0,0,0,0,0
AT5G42235,1,1,4,2,0,5
AT5G42240,98,161,90,175,78,176
AT5G42242,2,0,0,0,0,0
AT5G42250,247,300,184,198,130,375
AT5G42260,0,0,0,0,0,0
AT5G42270,101,91,40,95,51,70
AT5G42280,17,29,16,20,26,20
AT5G42290,11,3,5,0,1,8
AT5G42300,1557,3607,1912,1346,1195,1948
AT5G42310,30,28,13,20,9,19
AT5G42320,210,409,226,258,283,307
AT5G42325,0,2,2,2,0,2
AT5G42330,58,154,84,45,34,59
AT5G42340,0,0,0,0,0,0
AT5G42350,139,102,70,117,79,91
AT5G42360,143,189,79,138,140,86
AT5G42370,30,44,22,23,17,27
AT5G42380,36,1,6,2,1,129
AT5G42390,146,115,94,134,121,203
AT5G42400,106,164,54,123,114,108
AT5G42410,0,0,1,0,0,0
AT5G42420,818,1386,676,818,665,872
AT5G42430,0,0,0,0,0,0
AT5G42440,38,44,40,47,21,91
AT5G42450,18,38,18,21,4,3
AT5G42460,16,18,29,27,6,37
AT5G42470,234,368,235,305,162,202
AT5G42480,86,50,57,90,40,97
AT5G42490,4,12,3,4,2,1
AT5G42500,91,195,90,38,26,99
AT5G42504,0,0,0,0,0,0
AT5G42510,13,95,63,13,25,39
AT5G42520,436,495,309,413,385,439
AT5G42530,0,0,0,0,0,0
AT5G42540,627,587,273,470,373,452
AT5G42560,352,447,264,383,245,355
AT5G42567,0,0,0,0,0,0
AT5G42570,589,951,578,695,470,623
AT5G42580,16,48,13,77,24,4
AT5G42590,69,55,46,110,55,84
AT5G42600,0,0,0,0,0,0
AT5G42610,0,0,0,0,0,0
AT5G42620,119,154,106,124,112,206
AT5G42630,427,570,240,493,320,265
AT5G42635,0,0,0,0,0,0
AT5G42640,0,0,0,0,0,0
AT5G42650,124,144,75,149,139,214
AT5G42655,27,70,57,48,37,61
AT5G42660,144,219,125,187,79,90
AT5G42670,51,117,70,73,41,100
AT5G42680,4,25,12,2,3,11
AT5G42690,94,130,72,85,103,76
AT5G42700,45,183,99,46,33,94
AT5G42710,44,104,38,40,32,63
AT5G42720,186,136,90,65,72,93
AT5G42740,202,306,203,266,171,288
AT5G42750,82,105,105,57,74,71
AT5G42760,5,11,5,10,3,12
AT5G42765,110,185,148,95,82,106
AT5G42770,190,301,223,167,114,117
AT5G42780,27,40,19,9,9,16
AT5G42785,82,282,195,102,95,194
AT5G42790,1635,2509,1481,1561,1130,1455
AT5G42797,0,0,0,0,0,0
AT5G42800,0,0,0,0,0,0
AT5G42810,286,334,158,198,152,166
AT5G42820,675,935,569,711,511,834
AT5G42825,177,305,220,132,108,281
AT5G42830,45,86,64,62,70,138
AT5G42840,5,7,6,5,1,11
AT5G42850,1136,1802,1147,908,767,1318
AT5G42860,175,286,226,246,183,178
AT5G42870,163,244,99,146,135,264
AT5G42880,99,144,53,107,93,97
AT5G42890,755,2200,1016,811,590,890
AT5G42895,0,0,0,0,0,0
AT5G42900,19,27,26,58,31,157
AT5G42905,0,0,0,0,0,0
AT5G42910,0,0,0,0,0,0
AT5G42920,128,146,88,254,162,237
AT5G42930,4,10,6,23,14,50
AT5G42940,240,216,153,189,140,198
AT5G42950,417,381,270,355,327,443
AT5G42955,0,3,0,2,0,0
AT5G42957,0,0,0,0,0,0
AT5G42960,479,667,515,478,301,421
AT5G42965,5,0,1,9,7,4
AT5G42970,192,399,278,307,230,294
AT5G42980,4852,13149,7004,5692,4371,6328
AT5G42990,653,1265,776,633,521,635
AT5G43000,0,0,0,0,0,0
AT5G43010,493,514,383,567,346,452
AT5G43020,228,161,89,220,164,172
AT5G43030,38,75,19,113,73,74
AT5G43040,54,68,45,199,114,66
AT5G43050,108,152,99,88,62,88
AT5G43060,766,1052,648,954,521,972
AT5G43064,0,0,0,0,0,0
AT5G43066,0,0,0,0,0,1
AT5G43068,1,0,1,2,1,1
AT5G43070,85,130,90,60,52,84
AT5G43080,81,107,53,78,50,60
AT5G43090,0,0,0,0,0,0
AT5G43100,210,248,154,220,199,244
AT5G43110,0,0,0,0,0,0
AT5G43120,0,0,0,0,0,1
AT5G43130,184,199,107,200,159,173
AT5G43140,58,147,78,71,55,62
AT5G43150,423,2814,1390,253,211,443
AT5G43155,9,3,2,5,0,2
AT5G43160,10,16,8,14,7,9
AT5G43170,13,29,30,16,21,28
AT5G43175,0,0,0,0,0,0
AT5G43180,391,1743,1390,415,398,850
AT5G43185,0,0,0,0,0,0
AT5G43190,84,137,108,96,99,131
AT5G43200,2,0,0,0,0,0
AT5G43210,29,63,39,31,27,23
AT5G43211,0,2,0,0,0,0
AT5G43230,2,14,5,3,5,13
AT5G43240,0,0,0,1,0,0
AT5G43250,32,106,56,71,46,39
AT5G43260,56,134,99,81,46,167
AT5G43270,86,124,116,105,90,121
AT5G43280,180,301,182,143,109,163
AT5G43285,0,0,0,1,0,0
AT5G43290,0,0,0,0,0,0
AT5G43300,0,0,0,0,0,0
AT5G43310,286,200,138,226,158,284
AT5G43320,444,796,378,462,444,604
AT5G43330,14,46,59,22,25,29
AT5G43340,0,0,0,0,0,0
AT5G43350,233,859,595,129,140,824
AT5G43360,0,0,0,0,0,0
AT5G43370,0,1,0,0,0,0
AT5G43380,36,34,16,38,78,26
AT5G43390,0,0,0,0,4,0
AT5G43400,100,59,55,100,86,105
AT5G43401,0,0,0,0,0,0
AT5G43403,21,90,50,23,18,34
AT5G43410,0,0,0,0,0,0
AT5G43420,27,34,39,30,18,6
AT5G43430,252,394,261,288,186,298
AT5G43440,3,16,6,5,2,8
AT5G43450,0,2,7,4,1,36
AT5G43455,0,0,0,0,0,0
AT5G43460,3727,4047,2381,3044,2629,3231
AT5G43470,0,7,0,1,3,2
AT5G43480,0,1,0,0,0,0
AT5G43490,0,1,0,0,0,0
AT5G43500,45,87,45,69,70,79
AT5G43510,0,0,0,0,0,0
AT5G43513,0,0,0,0,0,0
AT5G43518,0,0,0,0,0,0
AT5G43520,217,454,381,296,335,909
AT5G43525,0,1,0,0,0,0
AT5G43530,0,21,1,4,6,16
AT5G43535,0,0,0,0,0,0
AT5G43540,46,332,274,30,21,141
AT5G43550,0,2,2,0,0,0
AT5G43560,359,451,256,360,316,504
AT5G43570,3,10,22,3,1,47
AT5G43580,420,1062,1261,762,421,3095
AT5G43590,0,2,0,0,0,5
AT5G43600,267,619,338,380,194,336
AT5G43603,0,0,0,0,0,0
AT5G43610,0,0,0,0,0,0
AT5G43620,199,113,58,40,22,292
AT5G43630,150,125,80,22,17,18
AT5G43640,1,0,0,0,2,1
AT5G43650,0,0,0,0,0,0
AT5G43660,11,10,4,2,3,7
AT5G43670,141,205,121,208,152,158
AT5G43680,155,276,110,157,144,213
AT5G43690,1,1,1,19,1,13
AT5G43695,0,0,0,0,0,0
AT5G43700,765,947,635,935,670,888
AT5G43710,182,284,156,249,165,184
AT5G43720,210,327,141,279,227,265
AT5G43725,3,36,19,15,3,10
AT5G43730,70,91,34,65,52,87
AT5G43740,2,1,2,2,1,0
AT5G43745,174,176,90,194,156,188
AT5G43750,57,147,55,47,31,65
AT5G43755,0,0,0,0,0,0
AT5G43760,243,242,161,326,226,255
AT5G43770,0,7,1,4,0,1
AT5G43780,1052,2208,1056,1182,1182,1393
AT5G43790,62,48,29,61,26,44
AT5G43810,487,343,225,374,266,344
AT5G43820,9,18,0,16,4,10
AT5G43822,92,100,92,48,30,45
AT5G43830,1416,2433,1514,1483,892,1603
AT5G43840,0,0,0,0,0,7
AT5G43850,219,427,206,216,126,308
AT5G43860,10,4,6,5,19,21
AT5G43870,103,29,60,77,35,84
AT5G43880,97,110,68,73,117,112
AT5G43890,3,1,0,12,9,12
AT5G43900,327,419,203,238,213,371
AT5G43910,95,164,118,106,66,146
AT5G43920,94,131,74,115,89,158
AT5G43930,96,205,102,117,101,73
AT5G43935,0,0,0,0,0,0
AT5G43940,1266,1954,1115,1744,890,1462
AT5G43950,54,37,27,26,15,33
AT5G43960,291,353,229,459,359,274
AT5G43970,801,1752,1099,787,650,796
AT5G43980,0,10,5,5,0,4
AT5G43990,90,77,59,113,80,77
AT5G44000,63,76,58,71,80,71
AT5G44005,87,255,229,62,43,93
AT5G44010,5,17,25,8,19,21
AT5G44020,3088,5021,3811,4046,2742,5618
AT5G44030,110,339,177,128,142,181
AT5G44040,71,236,102,123,89,155
AT5G44050,0,0,0,4,0,0
AT5G44060,75,138,48,26,33,90
AT5G44063,0,1,0,0,0,3
AT5G44065,2,0,0,2,0,1
AT5G44070,162,287,221,364,212,358
AT5G44080,152,200,125,174,108,163
AT5G44090,205,280,139,218,179,204
AT5G44100,216,258,162,159,158,227
AT5G44110,78,204,136,38,30,30
AT5G44120,0,0,0,0,0,0
AT5G44130,0,5,12,0,0,0
AT5G44140,0,3,1,0,0,0
AT5G44150,89,144,66,97,71,65
AT5G44160,179,191,162,274,206,220
AT5G44170,177,441,234,194,165,162
AT5G44180,336,217,139,255,200,256
AT5G44190,67,58,68,32,21,42
AT5G44200,581,1136,535,556,433,563
AT5G44210,58,122,32,38,29,47
AT5G44220,0,0,0,0,0,0
AT5G44230,81,71,42,15,24,55
AT5G44240,92,224,117,139,168,164
AT5G44250,205,147,98,206,125,203
AT5G44260,85,56,52,65,34,34
AT5G44265,0,0,0,0,0,0
AT5G44270,0,0,0,0,0,0
AT5G44280,154,194,105,103,80,111
AT5G44283,0,0,0,0,0,0
AT5G44286,0,0,0,1,0,0
AT5G44290,145,210,85,143,104,243
AT5G44300,0,0,0,0,0,0
AT5G44306,0,1,0,1,0,1
AT5G44310,0,0,0,0,0,0
AT5G44316,8,0,0,5,0,0
AT5G44320,562,429,369,623,371,443
AT5G44330,0,2,2,1,0,0
AT5G44340,3047,3870,2292,3479,2510,3310
AT5G44345,0,0,0,0,0,0
AT5G44350,14,75,50,6,13,65
AT5G44360,0,0,0,0,0,0
AT5G44370,42,68,30,107,59,65
AT5G44375,0,0,0,0,0,0
AT5G44380,712,760,488,1266,762,2500
AT5G44390,10,3,1,1,0,2
AT5G44400,0,1,0,0,0,0
AT5G44410,53,98,57,21,10,59
AT5G44420,0,0,0,0,0,0
AT5G44430,0,0,0,0,0,0
AT5G44440,0,0,0,0,0,1
AT5G44450,345,410,203,256,172,266
AT5G44460,377,846,416,605,387,842
AT5G44470,0,0,0,0,0,0
AT5G44480,93,212,166,156,161,387
AT5G44490,11,38,19,13,16,25
AT5G44495,0,0,0,3,0,0
AT5G44500,169,145,127,127,98,144
AT5G44510,15,41,18,34,30,67
AT5G44520,28,51,37,21,32,40
AT5G44530,56,103,58,23,38,49
AT5G44540,0,0,0,0,3,1
AT5G44550,0,64,0,0,0,6
AT5G44560,384,681,378,309,202,446
AT5G44562,57,137,54,46,39,69
AT5G44563,0,0,0,0,0,0
AT5G44565,6,3,2,0,4,5
AT5G44566,5,7,10,7,2,7
AT5G44567,0,0,0,0,0,0
AT5G44568,1,10,1,0,0,2
AT5G44569,47,114,72,52,47,66
AT5G44570,0,0,0,0,0,0
AT5G44572,11,1,17,44,18,56
AT5G44574,28,72,31,12,2,69
AT5G44575,0,1,1,2,1,0
AT5G44578,0,3,1,1,0,14
AT5G44580,3,0,1,16,3,17
AT5G44582,214,344,217,254,172,442
AT5G44585,1603,2344,1831,1984,1749,2562
AT5G44590,0,0,0,5,0,6
AT5G44600,18,12,16,25,16,22
AT5G44610,108,359,341,225,217,800
AT5G44620,0,0,0,0,0,0
AT5G44630,0,0,0,1,0,0
AT5G44635,70,150,65,116,63,136
AT5G44640,0,0,0,0,0,0
AT5G44650,75,113,62,78,47,58
AT5G44660,34,9,2,18,13,26
AT5G44670,83,60,82,36,31,66
AT5G44680,7,20,20,6,2,8
AT5G44690,3,0,0,0,0,0
AT5G44700,4,3,6,4,3,4
AT5G44705,0,0,0,0,0,0
AT5G44710,490,1244,609,424,340,468
AT5G44720,479,886,403,302,287,433
AT5G44730,97,163,113,117,68,118
AT5G44740,6,44,6,18,7,11
AT5G44750,52,123,81,52,83,169
AT5G44760,0,0,0,0,0,0
AT5G44770,0,10,11,18,18,9
AT5G44780,67,55,41,93,99,66
AT5G44785,94,101,78,105,90,98
AT5G44790,439,841,550,492,508,809
AT5G44800,440,439,321,572,402,644
AT5G44820,5,39,4,8,7,9
AT5G44830,0,0,0,0,0,0
AT5G44840,0,0,0,0,0,0
AT5G44850,0,1,4,4,2,3
AT5G44860,195,296,173,209,167,187
AT5G44870,2,3,1,0,5,16
AT5G44900,20,31,31,21,18,44
AT5G44910,15,47,43,28,20,138
AT5G44920,577,971,580,576,465,843
AT5G44930,49,56,35,51,38,66
AT5G44940,0,0,0,0,0,1
AT5G44950,0,0,0,0,0,0
AT5G44960,0,0,0,0,0,0
AT5G44970,0,0,0,0,0,0
AT5G44973,0,0,0,0,0,0
AT5G44980,17,32,15,9,8,31
AT5G44990,0,0,0,0,0,1
AT5G45000,206,672,309,176,137,227
AT5G45010,516,1562,772,444,323,490
AT5G45020,122,260,185,131,102,138
AT5G45030,124,168,97,127,109,129
AT5G45040,139,196,121,86,64,118
AT5G45050,61,71,65,40,59,63
AT5G45060,40,28,20,20,14,20
AT5G45070,46,84,96,10,20,162
AT5G45080,21,38,69,5,35,108
AT5G45090,0,2,0,0,2,5
AT5G45095,14,47,13,10,6,17
AT5G45100,137,802,467,174,113,268
AT5G45110,75,118,68,142,165,455
AT5G45113,0,0,0,0,0,0
AT5G45115,39,78,59,52,37,73
AT5G45120,0,0,0,0,0,0
AT5G45130,1023,1495,1074,991,693,1454
AT5G45140,108,107,65,127,119,126
AT5G45150,0,1,3,2,2,0
AT5G45160,79,105,40,67,45,95
AT5G45170,132,176,44,71,48,88
AT5G45180,0,0,0,0,0,0
AT5G45190,185,234,113,179,142,232
AT5G45200,160,73,22,37,69,61
AT5G45210,247,215,90,188,133,146
AT5G45220,44,50,33,80,72,58
AT5G45230,0,0,0,0,0,0
AT5G45240,0,9,0,0,0,1
AT5G45250,82,48,52,51,45,111
AT5G45260,58,85,52,70,66,43
AT5G45275,37,69,41,56,24,25
AT5G45277,0,0,0,0,0,0
AT5G45280,588,728,506,1411,560,828
AT5G45290,167,420,171,288,230,224
AT5G45300,93,79,44,56,55,45
AT5G45307,0,0,0,0,0,0
AT5G45310,21,1,21,23,13,46
AT5G45320,25,48,21,8,28,13
AT5G45330,120,167,70,188,119,98
AT5G45340,108,77,55,140,53,219
AT5G45350,400,670,510,387,331,606
AT5G45360,416,601,305,370,267,434
AT5G45370,74,135,86,76,36,103
AT5G45380,30,58,32,36,15,78
AT5G45390,430,833,479,446,332,419
AT5G45400,212,297,157,245,142,255
AT5G45410,485,725,494,524,365,629
AT5G45420,380,551,333,533,392,444
AT5G45430,347,443,304,450,479,558
AT5G45440,123,159,84,113,84,119
AT5G45450,0,2,1,5,3,2
AT5G45455,1,0,0,0,0,0
AT5G45460,34,41,18,60,32,37
AT5G45469,0,1,0,0,0,0
AT5G45470,246,312,170,491,320,516
AT5G45472,517,470,316,804,573,745
AT5G45475,0,62,19,7,4,83
AT5G45480,221,194,115,279,220,298
AT5G45490,540,590,331,1036,596,1102
AT5G45500,503,401,301,709,489,991
AT5G45510,2242,2307,1320,2964,2119,4214
AT5G45520,1,1,0,13,0,0
AT5G45530,0,0,0,0,0,0
AT5G45540,2,10,0,15,2,4
AT5G45550,902,1836,1148,921,692,985
AT5G45560,80,121,58,68,76,35
AT5G45570,0,0,0,0,0,0
AT5G45573,0,0,0,0,0,0
AT5G45580,34,108,45,61,40,40
AT5G45590,156,360,251,213,158,142
AT5G45600,356,785,386,382,361,381
AT5G45610,55,63,24,66,97,51
AT5G45620,1430,1832,1011,1368,928,1071
AT5G45630,1,0,3,1,0,0
AT5G45640,0,0,0,0,0,0
AT5G45650,0,18,37,7,8,27
AT5G45660,187,293,132,140,89,136
AT5G45670,0,0,0,0,0,0
AT5G45680,0,0,0,0,0,0
AT5G45690,0,0,0,0,0,0
AT5G45700,19,82,53,25,16,21
AT5G45710,127,210,107,123,104,141
AT5G45715,0,0,0,0,0,0
AT5G45720,52,74,56,48,39,53
AT5G45730,0,2,3,28,10,15
AT5G45740,10,14,17,12,5,5
AT5G45745,0,0,0,0,0,0
AT5G45750,358,769,349,452,276,366
AT5G45760,83,137,62,58,60,64
AT5G45770,0,0,0,4,0,0
AT5G45775,7259,12903,7061,6263,4499,6208
AT5G45780,138,75,73,63,68,51
AT5G45790,89,89,51,58,35,25
AT5G45800,138,212,98,134,152,172
AT5G45810,0,3,5,1,5,24
AT5G45820,0,0,0,0,0,0
AT5G45830,0,0,0,0,0,0
AT5G45840,0,34,13,17,8,49
AT5G45850,0,1,0,0,0,0
AT5G45860,0,0,0,0,0,0
AT5G45870,0,0,0,0,0,0
AT5G45875,0,0,0,0,0,0
AT5G45880,10,4,6,7,11,14
AT5G45890,0,0,0,1,0,0
AT5G45900,94,100,72,133,93,124
AT5G45910,4,0,0,0,0,0
AT5G45920,324,457,218,296,263,228
AT5G45930,29,29,15,25,12,17
AT5G45940,125,240,133,147,97,113
AT5G45950,0,0,0,0,0,0
AT5G45960,0,0,0,0,0,0
AT5G45970,18,34,26,21,17,32
AT5G45980,0,0,0,0,0,0
AT5G45990,5,0,0,0,0,0
AT5G46000,0,0,0,0,0,0
AT5G46010,0,0,0,0,0,0
AT5G46020,3158,5259,2346,2910,2308,2896
AT5G46025,0,0,0,0,0,0
AT5G46030,1114,1917,1088,1016,653,1168
AT5G46040,17,3,23,61,37,27
AT5G46050,96,51,16,228,116,105
AT5G46060,51,93,69,63,42,50
AT5G46070,395,443,223,487,286,476
AT5G46080,7,31,13,4,6,11
AT5G46085,0,3,3,0,0,0
AT5G46090,5,61,40,16,13,61
AT5G46100,16,11,0,29,14,8
AT5G46105,0,0,0,0,0,0
AT5G46110,19,25,27,8,7,20
AT5G46115,13,55,28,10,7,9
AT5G46130,11,0,0,0,0,1
AT5G46140,0,1,0,5,0,0
AT5G46150,189,272,177,200,201,209
AT5G46160,470,894,442,422,239,356
AT5G46170,121,161,75,157,138,129
AT5G46180,211,303,166,354,269,384
AT5G46190,149,180,100,168,171,188
AT5G46200,0,0,0,0,0,0
AT5G46210,617,601,352,551,346,538
AT5G46220,0,1,1,0,0,0
AT5G46230,137,440,238,186,171,247
AT5G46240,0,0,0,0,0,0
AT5G46250,1062,1410,605,749,831,999
AT5G46260,0,18,23,3,1,10
AT5G46270,0,3,5,4,2,1
AT5G46280,254,223,173,339,199,192
AT5G46290,675,1352,706,1187,707,833
AT5G46295,0,6,13,1,5,9
AT5G46297,0,0,0,0,0,0
AT5G46300,0,0,0,0,0,0
AT5G46310,0,0,0,0,0,0
AT5G46315,0,0,0,0,0,0
AT5G46320,0,0,0,0,0,0
AT5G46325,0,0,0,0,0,0
AT5G46330,0,6,2,2,0,0
AT5G46340,264,418,251,299,299,293
AT5G46350,0,0,0,0,0,0
AT5G46360,0,1,0,0,0,0
AT5G46370,0,8,0,0,0,5
AT5G46380,0,0,3,0,4,0
AT5G46390,21,34,21,23,32,51
AT5G46395,0,0,0,0,0,0
AT5G46400,146,41,30,68,75,89
AT5G46410,226,323,257,219,195,431
AT5G46420,277,415,182,227,159,253
AT5G46430,2486,4401,2574,2681,2101,2539
AT5G46440,0,4,0,1,0,0
AT5G46450,5,2,6,8,1,2
AT5G46460,10,46,9,13,26,26
AT5G46470,11,18,22,25,36,53
AT5G46490,1,0,1,0,0,2
AT5G46500,0,0,0,0,0,0
AT5G46510,66,48,24,47,49,71
AT5G46520,36,23,11,10,8,52
AT5G46530,168,268,120,90,86,111
AT5G46540,0,0,2,0,0,0
AT5G46550,184,179,67,188,77,102
AT5G46560,93,150,50,140,90,114
AT5G46570,106,189,103,143,153,118
AT5G46580,23,20,12,42,17,43
AT5G46590,23,34,52,11,34,13
AT5G46595,0,0,0,0,0,0
AT5G46600,5,13,12,0,4,8
AT5G46610,0,0,0,0,0,0
AT5G46620,185,301,139,189,135,120
AT5G46630,455,936,496,698,485,760
AT5G46640,195,102,57,181,96,117
AT5G46650,20,91,25,50,27,53
AT5G46660,0,0,1,0,0,2
AT5G46670,0,0,0,2,0,0
AT5G46680,6,20,8,12,11,24
AT5G46690,0,0,0,0,0,0
AT5G46700,1050,1405,1019,1077,765,941
AT5G46710,170,215,95,146,185,182
AT5G46720,35,44,22,11,17,24
AT5G46730,10,11,12,6,4,16
AT5G46740,104,69,74,127,117,123
AT5G46750,603,921,530,594,442,625
AT5G46760,193,180,125,213,166,236
AT5G46770,0,1,9,4,2,0
AT5G46780,235,339,287,148,137,209
AT5G46790,239,521,356,191,203,178
AT5G46795,0,0,0,0,5,0
AT5G46800,465,842,368,467,309,379
AT5G46810,0,0,0,0,0,0
AT5G46820,0,0,0,0,0,0
AT5G46825,0,0,0,0,0,0
AT5G46830,0,0,0,0,0,0
AT5G46840,944,1029,441,637,484,585
AT5G46845,0,0,0,1,0,1
AT5G46850,178,239,156,175,105,168
AT5G46860,368,652,327,385,290,423
AT5G46870,34,64,31,26,16,21
AT5G46871,0,7,1,0,3,20
AT5G46873,0,0,0,0,0,0
AT5G46874,0,0,0,0,0,0
AT5G46877,0,0,0,0,0,0
AT5G46880,0,3,1,0,3,0
AT5G46890,2821,4954,10171,4081,4997,6957
AT5G46900,1409,4309,6989,2792,3306,3779
AT5G46910,169,165,79,148,96,190
AT5G46915,6,7,2,5,4,1
AT5G46920,108,105,91,87,94,88
AT5G46930,0,0,0,1,0,0
AT5G46940,0,0,0,0,0,0
AT5G46950,0,3,0,0,0,0
AT5G46960,0,0,0,0,0,0
AT5G46970,0,0,0,0,0,0
AT5G46980,0,0,0,0,0,0
AT5G46990,0,0,0,0,0,0
AT5G47000,0,2,0,0,0,0
AT5G47010,252,291,205,260,185,269
AT5G47020,56,110,80,130,112,212
AT5G47030,3247,4923,4094,3718,2719,3443
AT5G47040,190,152,97,166,77,166
AT5G47050,201,586,351,160,116,192
AT5G47060,223,413,199,187,173,279
AT5G47070,21,28,16,49,36,43
AT5G47075,0,0,0,0,0,0
AT5G47077,0,0,0,0,0,0
AT5G47080,500,590,396,498,318,468
AT5G47090,217,251,173,225,141,289
AT5G47100,66,258,123,128,70,171
AT5G47110,132,132,87,68,24,59
AT5G47120,409,998,592,651,491,894
AT5G47130,0,0,0,0,0,0
AT5G47140,132,202,105,93,79,162
AT5G47150,0,0,0,0,0,0
AT5G47160,33,16,7,14,17,9
AT5G47170,2,6,6,5,3,4
AT5G47175,0,0,0,0,0,0
AT5G47180,153,195,169,130,90,155
AT5G47190,198,422,218,210,143,215
AT5G47200,1585,3276,2012,1824,1304,1728
AT5G47210,5046,6820,4057,5521,3498,4419
AT5G47220,3,5,0,4,1,40
AT5G47229,0,0,0,0,0,0
AT5G47230,77,84,62,25,29,288
AT5G47240,81,736,553,137,12,134
AT5G47250,45,50,34,22,40,26
AT5G47260,0,0,0,0,0,0
AT5G47280,0,0,0,0,0,0
AT5G47290,0,0,0,0,0,0
AT5G47300,0,0,0,0,0,0
AT5G47310,622,884,541,532,435,574
AT5G47320,583,1036,607,757,472,672
AT5G47330,0,0,0,0,0,0
AT5G47340,0,0,0,0,0,0
AT5G47350,1,2,1,4,3,0
AT5G47360,24,6,21,15,20,4
AT5G47370,761,534,361,649,448,458
AT5G47380,0,4,2,0,0,0
AT5G47390,602,502,384,473,343,515
AT5G47400,102,71,34,72,74,67
AT5G47420,200,272,212,268,163,173
AT5G47430,544,496,463,512,503,543
AT5G47435,927,921,622,740,647,733
AT5G47440,39,11,13,27,34,38
AT5G47450,3377,6980,5258,2129,1095,11292
AT5G47455,119,360,244,236,177,227
AT5G47460,24,12,7,30,12,11
AT5G47470,0,1,0,3,0,0
AT5G47480,187,231,138,189,153,329
AT5G47490,78,116,73,86,81,102
AT5G47500,446,453,361,355,322,414
AT5G47510,45,48,31,28,13,27
AT5G47520,204,388,142,214,183,150
AT5G47530,14,40,30,29,26,38
AT5G47540,137,218,124,161,175,162
AT5G47550,10,54,35,42,14,16
AT5G47560,95,127,134,81,69,350
AT5G47570,2096,3376,2222,1784,1348,1974
AT5G47580,73,43,46,92,71,114
AT5G47590,0,2,1,0,0,0
AT5G47600,0,50,12,5,0,17
AT5G47610,3,3,0,0,0,0
AT5G47620,358,572,318,327,244,297
AT5G47630,284,759,330,220,165,248
AT5G47635,19,119,30,7,6,25
AT5G47640,116,195,141,74,69,200
AT5G47650,116,101,65,88,80,90
AT5G47660,134,95,69,134,97,96
AT5G47670,10,0,4,1,3,0
AT5G47680,525,439,301,480,383,417
AT5G47690,573,660,364,533,425,842
AT5G47700,4695,9233,6373,4267,3684,4446
AT5G47710,388,685,372,297,195,303
AT5G47720,522,358,285,402,305,395
AT5G47730,222,565,240,276,157,284
AT5G47740,39,106,62,23,24,150
AT5G47750,710,374,385,597,574,542
AT5G47760,192,353,198,193,135,227
AT5G47770,2276,3661,2175,2763,1753,2494
AT5G47780,506,496,405,745,473,634
AT5G47790,102,170,94,117,134,165
AT5G47800,1,4,7,2,3,2
AT5G47810,318,91,96,209,142,219
AT5G47820,319,319,205,209,192,304
AT5G47830,181,230,143,134,99,193
AT5G47840,341,473,285,280,210,266
AT5G47850,0,0,0,0,0,0
AT5G47860,79,84,89,97,66,137
AT5G47870,301,533,304,244,165,275
AT5G47880,111,232,156,238,170,307
AT5G47890,1462,3418,1700,1314,997,1527
AT5G47900,6,5,6,23,9,10
AT5G47910,17,25,24,25,25,66
AT5G47920,152,180,99,166,158,185
AT5G47930,5269,13760,8382,4526,4006,4887
AT5G47940,55,101,65,79,52,72
AT5G47950,57,55,75,119,32,79
AT5G47960,82,90,58,71,47,86
AT5G47970,176,156,104,143,107,117
AT5G47980,0,8,16,9,5,15
AT5G47990,0,6,7,0,6,5
AT5G48000,0,1,3,0,0,0
AT5G48010,0,18,12,0,6,0
AT5G48020,429,429,292,430,308,441
AT5G48030,238,187,162,317,145,252
AT5G48040,88,54,53,94,56,46
AT5G48050,0,0,0,1,4,0
AT5G48060,23,30,14,23,8,17
AT5G48070,13,96,19,28,32,36
AT5G48090,27,54,36,44,22,46
AT5G48100,185,75,38,221,124,141
AT5G48110,1240,1563,564,976,966,1132
AT5G48120,138,209,85,109,69,151
AT5G48130,51,24,16,37,41,24
AT5G48140,5,0,1,1,0,2
AT5G48150,345,333,182,342,162,236
AT5G48160,747,566,358,623,468,694
AT5G48170,28,31,14,22,11,19
AT5G48175,22,92,55,80,64,150
AT5G48180,381,312,210,493,349,411
AT5G48190,12,2,5,11,12,17
AT5G48200,0,0,0,0,0,0
AT5G48205,0,0,0,0,0,0
AT5G48210,0,0,0,0,0,0
AT5G48220,58,99,44,97,27,64
AT5G48230,1087,1877,1144,1573,864,1358
AT5G48240,159,306,151,188,131,159
AT5G48250,35,138,45,118,104,117
AT5G48270,0,0,0,0,0,0
AT5G48280,0,0,0,0,0,0
AT5G48290,46,181,86,19,28,134
AT5G48300,131,233,114,231,92,150
AT5G48310,67,88,53,68,37,107
AT5G48320,10,20,11,6,21,32
AT5G48330,62,66,45,83,84,90
AT5G48335,585,958,552,526,369,650
AT5G48340,94,124,74,103,88,116
AT5G48350,0,1,0,2,1,0
AT5G48360,324,237,152,310,175,223
AT5G48370,63,65,55,99,30,64
AT5G48375,0,0,0,0,0,0
AT5G48380,223,149,135,322,218,383
AT5G48385,1042,915,627,913,675,889
AT5G48390,0,0,0,5,4,1
AT5G48400,0,0,0,1,0,4
AT5G48410,0,5,15,3,5,2
AT5G48412,1247,3068,1770,763,754,1745
AT5G48420,0,0,0,0,0,0
AT5G48430,55,77,81,90,98,113
AT5G48440,184,207,101,171,152,163
AT5G48450,102,33,75,86,89,81
AT5G48460,55,101,73,90,66,78
AT5G48465,0,0,0,0,0,0
AT5G48470,19,31,26,75,26,44
AT5G48480,728,1481,798,702,484,840
AT5G48485,2,12,5,5,3,9
AT5G48490,2,0,2,0,0,0
AT5G48500,610,655,353,478,318,430
AT5G48510,0,0,0,0,0,0
AT5G48515,0,0,0,0,0,0
AT5G48520,138,194,121,201,156,134
AT5G48530,67,85,36,38,29,49
AT5G48540,187,212,155,166,100,205
AT5G48543,0,0,0,0,0,0
AT5G48545,267,454,311,184,147,222
AT5G48550,0,0,0,0,0,0
AT5G48560,230,267,171,224,216,254
AT5G48570,48,31,27,45,43,44
AT5G48575,6,0,1,3,0,0
AT5G48580,1697,4496,2187,1935,1399,1840
AT5G48590,151,116,77,74,39,83
AT5G48595,0,0,0,0,0,0
AT5G48600,175,320,129,167,146,217
AT5G48605,0,0,0,0,0,0
AT5G48610,111,248,117,190,148,190
AT5G48620,63,46,50,45,23,58
AT5G48630,219,292,143,126,150,154
AT5G48640,190,341,246,173,134,230
AT5G48650,71,47,31,52,25,54
AT5G48655,563,813,519,536,413,735
AT5G48657,185,369,267,216,136,485
AT5G48660,111,155,111,132,100,89
AT5G48670,10,7,7,10,2,9
AT5G48675,0,0,0,0,0,0
AT5G48680,418,726,374,337,228,305
AT5G48690,21,50,33,13,24,11
AT5G48700,0,0,0,0,0,0
AT5G48710,0,0,0,0,0,0
AT5G48720,408,557,237,284,144,268
AT5G48730,54,87,40,59,32,87
AT5G48740,1,13,6,1,9,8
AT5G48750,12,0,6,20,0,0
AT5G48760,2137,3550,2103,2170,1409,2030
AT5G48770,30,19,17,31,21,22
AT5G48775,28,45,16,59,44,28
AT5G48780,17,9,14,14,12,31
AT5G48790,64,32,30,35,16,14
AT5G48800,4,18,12,12,8,16
AT5G48810,2786,5983,3118,2694,2001,2755
AT5G48820,47,60,48,45,31,44
AT5G48830,95,113,89,107,81,89
AT5G48835,0,0,0,0,0,0
AT5G48840,69,121,59,89,62,60
AT5G48850,4,19,1,6,5,0
AT5G48860,0,0,0,0,0,0
AT5G48870,650,1775,919,607,455,589
AT5G48880,50,190,122,76,44,74
AT5G48890,0,1,0,0,0,0
AT5G48900,186,480,174,237,109,306
AT5G48905,0,0,0,0,0,0
AT5G48910,63,48,37,36,18,43
AT5G48920,38,231,139,141,270,204
AT5G48930,1665,1941,1537,1253,1344,1987
AT5G48940,590,610,230,554,470,485
AT5G48945,0,0,0,0,0,0
AT5G48950,28,69,60,27,23,24
AT5G48953,0,0,0,0,0,0
AT5G48960,70,119,29,86,49,87
AT5G48970,114,155,95,138,97,115
AT5G48980,0,0,1,8,1,3
AT5G48990,98,79,67,91,81,98
AT5G49000,30,59,34,57,46,69
AT5G49010,170,170,109,166,88,114
AT5G49015,54,152,58,74,70,74
AT5G49020,475,336,272,402,247,264
AT5G49030,118,216,88,123,126,120
AT5G49040,0,1,2,0,0,0
AT5G49050,0,0,0,0,0,0
AT5G49060,64,157,80,68,74,98
AT5G49070,0,0,0,1,2,0
AT5G49100,450,608,326,555,380,340
AT5G49110,35,10,15,26,21,6
AT5G49120,11,20,18,20,12,11
AT5G49130,0,0,0,0,0,0
AT5G49138,0,1,1,0,0,0
AT5G49140,0,0,0,2,0,0
AT5G49150,0,0,2,0,2,1
AT5G49152,0,0,1,0,0,0
AT5G49160,144,171,82,170,111,169
AT5G49170,22,10,15,46,14,19
AT5G49180,0,0,0,0,0,0
AT5G49190,12,5,8,3,5,5
AT5G49200,0,1,0,0,0,0
AT5G49210,569,1325,527,494,342,467
AT5G49215,67,51,47,43,49,32
AT5G49220,100,93,83,139,103,162
AT5G49230,171,200,172,132,104,128
AT5G49240,0,0,0,0,0,0
AT5G49250,0,0,0,0,0,0
AT5G49260,0,0,0,0,0,0
AT5G49270,25,97,42,38,56,92
AT5G49280,481,308,562,375,342,351
AT5G49290,25,9,15,12,10,6
AT5G49300,129,170,98,124,111,95
AT5G49305,0,3,2,1,0,0
AT5G49310,0,0,0,0,0,0
AT5G49320,43,41,25,16,57,25
AT5G49330,0,0,0,0,0,0
AT5G49340,0,0,0,0,0,2
AT5G49350,0,1,0,0,0,0
AT5G49360,324,258,122,395,293,446
AT5G49390,19,13,13,14,16,15
AT5G49400,503,721,351,503,358,536
AT5G49410,61,111,47,52,51,63
AT5G49420,0,3,0,0,0,0
AT5G49430,97,111,67,111,70,120
AT5G49435,0,0,0,0,0,0
AT5G49440,4398,2408,2178,5225,4910,10319
AT5G49450,352,331,341,354,246,859
AT5G49460,708,852,554,902,623,1016
AT5G49470,121,86,48,89,95,109
AT5G49480,318,530,330,266,245,445
AT5G49490,0,0,0,0,0,0
AT5G49500,81,57,35,49,47,58
AT5G49510,1168,1567,1274,1263,892,1127
AT5G49520,8,9,14,16,13,28
AT5G49525,2,6,11,0,4,19
AT5G49530,127,148,126,200,115,162
AT5G49540,561,1730,1017,764,554,624
AT5G49550,216,431,330,212,173,280
AT5G49555,517,268,157,363,272,317
AT5G49560,328,392,216,244,239,243
AT5G49570,92,141,104,135,100,162
AT5G49580,138,155,86,127,104,115
AT5G49590,0,0,0,0,0,0
AT5G49600,2,2,0,3,0,0
AT5G49610,37,67,65,61,50,71
AT5G49615,0,0,0,0,0,0
AT5G49620,26,8,2,42,22,44
AT5G49630,0,5,4,2,3,3
AT5G49640,407,514,245,331,382,332
AT5G49645,451,535,250,344,368,378
AT5G49650,457,305,215,354,214,319
AT5G49660,62,85,71,44,77,80
AT5G49665,194,47,61,212,178,333
AT5G49680,114,123,65,112,68,164
AT5G49690,13,9,1,14,22,26
AT5G49700,53,44,25,49,44,72
AT5G49710,262,390,291,210,209,434
AT5G49720,1145,1463,942,1285,889,1550
AT5G49730,17,39,18,4,4,21
AT5G49740,0,0,0,1,0,0
AT5G49750,0,0,0,0,0,0
AT5G49760,62,227,101,98,136,261
AT5G49770,0,7,4,0,0,14
AT5G49780,3,6,10,1,2,10
AT5G49800,62,123,77,45,48,57
AT5G49810,165,300,122,198,130,238
AT5G49820,198,138,155,237,193,177
AT5G49830,403,333,167,364,216,353
AT5G49840,19,128,54,61,42,92
AT5G49850,12,5,0,15,5,38
AT5G49860,0,0,0,1,1,2
AT5G49870,45,52,11,42,27,36
AT5G49880,171,196,103,195,118,189
AT5G49890,155,148,50,79,109,174
AT5G49900,26,28,42,14,27,59
AT5G49910,187,160,59,185,136,209
AT5G49920,13,4,5,4,1,8
AT5G49930,116,151,95,167,139,159
AT5G49940,492,792,475,373,297,474
AT5G49945,144,223,119,204,122,114
AT5G49950,152,197,87,176,98,147
AT5G49960,143,93,69,97,92,81
AT5G49970,128,212,120,178,126,157
AT5G49980,287,285,203,301,277,290
AT5G49990,71,77,105,71,84,68
AT5G50000,795,1079,582,869,621,738
AT5G50010,273,472,195,284,323,321
AT5G50020,186,224,114,170,153,149
AT5G50030,0,0,2,1,0,0
AT5G50040,0,0,0,0,0,0
AT5G50050,0,0,0,0,0,0
AT5G50060,0,0,0,0,0,0
AT5G50070,0,0,0,0,0,0
AT5G50080,0,0,0,0,0,0
AT5G50090,130,219,157,133,78,114
AT5G50100,19,26,29,9,5,6
AT5G50110,58,100,56,58,51,30
AT5G50115,0,5,3,0,0,0
AT5G50120,51,203,169,29,19,12
AT5G50130,5,0,3,0,0,0
AT5G50140,0,0,0,0,0,0
AT5G50150,647,452,357,554,412,452
AT5G50160,0,0,0,0,0,0
AT5G50170,19,29,11,34,25,30
AT5G50175,157,349,239,201,142,171
AT5G50180,291,785,363,558,447,456
AT5G50190,3,3,1,1,0,0
AT5G50200,13,358,223,57,23,158
AT5G50210,97,82,82,115,94,105
AT5G50220,0,0,0,0,0,0
AT5G50230,181,277,146,245,117,152
AT5G50240,7,5,9,1,0,2
AT5G50250,78,162,110,94,63,98
AT5G50260,5,13,16,137,0,0
AT5G50270,0,0,0,0,0,0
AT5G50280,50,92,22,66,49,45
AT5G50290,62,23,26,37,38,29
AT5G50300,838,452,286,526,225,372
AT5G50310,359,289,162,297,238,277
AT5G50320,486,371,168,352,317,335
AT5G50330,88,110,39,84,73,63
AT5G50335,0,14,1,0,0,2
AT5G50340,84,83,39,68,46,64
AT5G50345,0,0,0,0,0,0
AT5G50350,69,142,48,84,70,93
AT5G50360,0,1,0,0,0,0
AT5G50361,0,0,0,0,0,0
AT5G50365,0,2,1,2,1,0
AT5G50370,360,510,329,384,225,296
AT5G50375,786,1672,802,1040,538,825
AT5G50380,144,107,77,135,109,172
AT5G50390,58,87,44,93,52,102
AT5G50400,104,105,50,61,65,132
AT5G50410,182,244,151,201,127,158
AT5G50420,155,154,62,153,111,142
AT5G50423,0,3,0,2,0,0
AT5G50430,215,315,235,274,158,260
AT5G50440,47,35,24,61,40,21
AT5G50443,131,283,118,133,85,113
AT5G50450,11,33,37,16,25,43
AT5G50460,2233,5235,3636,2225,1762,2385
AT5G50470,0,0,0,0,0,0
AT5G50480,0,0,0,0,0,0
AT5G50490,0,0,0,0,0,0
AT5G50500,0,0,0,0,0,0
AT5G50510,0,0,0,0,0,0
AT5G50520,110,126,59,122,94,142
AT5G50530,16,31,15,48,42,55
AT5G50540,4,0,0,0,0,0
AT5G50550,156,212,104,138,134,118
AT5G50560,90,516,332,42,30,272
AT5G50562,6,23,15,7,8,7
AT5G50565,297,554,258,182,158,180
AT5G50570,30,33,5,17,28,19
AT5G50580,0,0,83,0,0,0
AT5G50590,0,4,3,0,0,20
AT5G50600,17,1,3,9,16,5
AT5G50610,0,1,0,0,0,0
AT5G50620,0,0,0,0,0,0
AT5G50630,110,126,59,122,94,142
AT5G50640,0,0,2,0,0,6
AT5G50650,156,212,104,138,134,118
AT5G50660,90,516,332,42,30,272
AT5G50665,186,301,217,218,181,199
AT5G50670,0,33,26,20,0,0
AT5G50680,793,944,368,771,470,591
AT5G50690,0,4,3,0,0,20
AT5G50700,23,0,0,0,0,0
AT5G50710,2,32,28,19,37,18
AT5G50717,0,0,0,0,0,0
AT5G50720,40,206,88,5,29,112
AT5G50740,89,326,175,161,68,125
AT5G50750,0,0,0,0,0,0
AT5G50760,23,457,263,10,18,389
AT5G50770,0,1,0,0,0,0
AT5G50780,81,50,31,44,48,71
AT5G50790,0,0,0,1,0,0
AT5G50800,0,5,5,0,0,0
AT5G50805,0,0,0,0,0,0
AT5G50810,957,2603,1376,910,777,980
AT5G50820,5,45,14,6,25,20
AT5G50830,0,0,0,2,2,0
AT5G50840,104,251,150,185,130,177
AT5G50850,2318,4176,2084,2427,1690,2415
AT5G50860,98,46,43,104,62,35
AT5G50870,577,910,573,542,324,520
AT5G50890,33,57,34,25,37,39
AT5G50900,144,93,63,128,75,135
AT5G50910,0,0,0,0,0,0
AT5G50915,0,0,0,0,0,0
AT5G50920,661,728,331,765,622,700
AT5G50930,23,42,42,14,16,34
AT5G50940,0,0,1,0,2,2
AT5G50950,11,8,10,4,0,1
AT5G50960,280,282,261,361,246,380
AT5G50970,103,167,53,99,85,108
AT5G50990,46,30,16,29,27,37
AT5G50995,0,0,0,0,0,0
AT5G51000,0,0,0,0,0,0
AT5G51010,53,144,140,50,33,53
AT5G51020,153,198,122,101,61,107
AT5G51030,0,0,0,0,0,0
AT5G51040,735,1053,795,525,427,606
AT5G51050,49,19,28,32,14,34
AT5G51055,0,0,0,0,0,0
AT5G51060,115,233,105,134,105,142
AT5G51070,85,118,69,121,105,194
AT5G51080,127,145,68,79,34,97
AT5G51090,0,0,0,0,0,0
AT5G51100,54,179,71,84,39,85
AT5G51105,0,0,0,0,0,0
AT5G51110,9,22,26,13,34,58
AT5G51120,554,963,503,649,500,541
AT5G51130,86,144,72,85,64,87
AT5G51140,224,331,201,226,190,161
AT5G51150,203,285,129,153,105,206
AT5G51160,24,25,38,37,28,145
AT5G51170,79,117,81,77,70,131
AT5G51174,1,4,7,0,1,0
AT5G51180,233,218,139,112,139,361
AT5G51190,75,6,9,8,22,118
AT5G51195,0,0,0,0,0,0
AT5G51200,182,138,105,134,119,211
AT5G51210,9,36,43,2,0,5
AT5G51220,188,558,299,330,193,273
AT5G51230,122,177,105,175,136,173
AT5G51250,0,3,0,0,0,0
AT5G51260,27,67,42,37,26,42
AT5G51270,1,16,2,2,2,3
AT5G51280,183,226,141,262,179,256
AT5G51290,127,156,49,101,85,158
AT5G51300,413,232,211,305,342,321
AT5G51310,27,42,33,28,42,21
AT5G51330,0,0,2,4,1,4
AT5G51340,255,173,155,253,189,197
AT5G51350,45,45,40,100,38,55
AT5G51360,0,0,0,0,0,0
AT5G51370,50,47,28,32,24,58
AT5G51380,76,82,37,84,45,91
AT5G51390,37,73,55,40,17,151
AT5G51400,958,2011,1087,1244,950,1316
AT5G51410,261,381,161,257,205,226
AT5G51420,0,0,1,0,0,0
AT5G51430,371,341,159,354,244,366
AT5G51440,24,9,17,18,21,40
AT5G51450,85,80,53,76,52,75
AT5G51451,11,14,6,6,9,10
AT5G51460,161,343,114,111,96,105
AT5G51465,0,1,2,0,0,0
AT5G51470,4,61,65,43,15,64
AT5G51480,0,0,5,2,0,0
AT5G51490,4,36,14,34,22,15
AT5G51500,25,56,34,102,41,44
AT5G51510,401,709,443,430,292,453
AT5G51520,24,39,38,40,11,69
AT5G51530,0,7,0,1,0,1
AT5G51540,77,85,23,93,77,54
AT5G51545,34,81,50,14,24,41
AT5G51550,346,202,171,277,145,231
AT5G51560,288,199,119,338,131,244
AT5G51570,329,346,242,495,244,451
AT5G51580,50,90,85,56,56,129
AT5G51585,40,58,59,37,40,87
AT5G51590,279,251,211,322,189,226
AT5G51600,84,136,81,128,56,152
AT5G51610,0,0,0,0,0,0
AT5G51620,225,386,243,163,146,276
AT5G51630,93,140,101,85,118,186
AT5G51640,116,126,72,145,86,184
AT5G51650,0,0,0,0,0,0
AT5G51660,40,99,50,110,88,128
AT5G51670,179,188,135,158,112,158
AT5G51680,100,97,76,121,108,226
AT5G51690,110,114,90,150,126,283
AT5G51700,143,359,118,187,130,162
AT5G51710,62,92,63,43,52,92
AT5G51720,0,3,0,0,0,0
AT5G51730,101,160,75,77,75,100
AT5G51740,94,109,60,73,73,105
AT5G51750,0,7,0,0,0,0
AT5G51760,0,0,1,0,0,0
AT5G51770,207,80,77,115,76,125
AT5G51780,397,527,370,164,210,238
AT5G51790,94,63,43,29,23,18
AT5G51795,9,78,42,3,8,7
AT5G51800,0,0,0,0,0,0
AT5G51810,8,19,1,27,14,9
AT5G51820,96,115,63,113,78,79
AT5G51830,442,496,248,713,409,512
AT5G51840,195,509,286,290,212,283
AT5G51845,0,0,0,0,0,0
AT5G51850,86,74,32,36,71,57
AT5G51860,0,0,0,0,0,0
AT5G51870,0,4,0,1,0,2
AT5G51880,482,884,473,375,270,508
AT5G51890,107,312,113,142,131,176
AT5G51900,0,0,0,4,0,0
AT5G51910,79,117,45,87,69,103
AT5G51915,0,5,1,0,1,3
AT5G51920,8,11,8,3,3,5
AT5G51930,2,13,13,15,15,18
AT5G51940,383,674,343,462,289,409
AT5G51950,2,2,0,5,0,1
AT5G51960,309,818,364,255,212,288
AT5G51970,938,1048,709,931,726,952
AT5G51980,178,158,128,176,168,181
AT5G51990,0,0,0,0,0,0
AT5G52000,0,0,0,0,0,0
AT5G52010,44,51,45,22,38,45
AT5G52020,0,23,9,8,2,49
AT5G52030,47,30,29,12,14,24
AT5G52040,1103,450,628,1046,753,907
AT5G52045,15,8,15,12,20,11
AT5G52050,8,9,4,7,2,10
AT5G52060,176,364,210,196,102,185
AT5G52070,207,285,147,286,316,275
AT5G52080,0,0,0,0,0,0
AT5G52090,0,0,0,0,0,0
AT5G52100,5,7,6,4,1,0
AT5G52110,107,104,61,98,53,85
AT5G52115,0,0,1,0,0,0
AT5G52120,4,26,22,0,7,24
AT5G52130,0,0,0,0,0,0
AT5G52140,0,0,0,0,0,0
AT5G52150,0,0,0,0,0,0
AT5G52155,0,0,0,0,0,0
AT5G52160,0,0,0,0,0,0
AT5G52170,239,479,230,303,221,266
AT5G52180,225,388,172,259,192,221
AT5G52190,0,2,0,2,3,4
AT5G52200,438,765,479,477,333,494
AT5G52210,249,453,240,283,199,253
AT5G52220,63,95,57,52,52,49
AT5G52230,80,71,33,66,41,51
AT5G52240,2150,3472,1948,1915,1325,1927
AT5G52250,20,17,25,4,9,11
AT5G52260,4,46,39,6,5,99
AT5G52270,7,19,15,5,10,1
AT5G52280,258,485,205,390,204,359
AT5G52290,1,0,0,2,0,1
AT5G52300,0,10,0,0,0,10
AT5G52310,0,16,1,2,1,32
AT5G52320,0,1,0,0,0,2
AT5G52330,0,0,0,0,0,0
AT5G52340,0,0,0,0,0,0
AT5G52350,0,0,2,5,0,4
AT5G52355,0,0,0,0,0,0
AT5G52360,0,0,0,0,0,0
AT5G52370,707,1129,518,564,552,528
AT5G52380,261,255,159,237,166,218
AT5G52390,0,0,0,0,0,0
AT5G52400,0,0,0,0,0,0
AT5G52410,27,3,3,16,18,9
AT5G52420,86,156,83,116,61,65
AT5G52430,183,138,147,209,189,250
AT5G52440,137,220,152,141,129,131
AT5G52450,118,45,40,92,93,63
AT5G52460,0,0,0,0,0,0
AT5G52470,4241,2696,3083,4228,2872,3863
AT5G52471,0,0,0,0,0,0
AT5G52480,0,5,8,5,1,0
AT5G52490,0,0,0,0,0,0
AT5G52495,0,0,0,0,0,0
AT5G52500,0,0,0,0,0,0
AT5G52510,104,170,110,143,166,178
AT5G52520,148,112,59,85,56,103
AT5G52530,155,183,120,179,149,279
AT5G52540,198,343,245,233,157,281
AT5G52545,29,68,59,38,33,37
AT5G52547,9,22,13,14,10,9
AT5G52550,121,263,100,85,69,213
AT5G52560,134,185,61,132,161,127
AT5G52570,45,21,8,24,38,52
AT5G52580,122,162,98,179,99,149
AT5G52600,1,0,0,2,0,0
AT5G52605,0,0,0,0,0,0
AT5G52610,0,0,0,0,0,0
AT5G52620,0,0,0,0,0,0
AT5G52630,23,27,15,5,8,22
AT5G52640,61,33,30,71,60,77
AT5G52650,2008,4418,2383,2211,1660,1982
AT5G52655,0,0,0,0,0,0
AT5G52660,77,141,67,99,55,101
AT5G52670,22,6,7,129,71,184
AT5G52680,0,0,0,13,10,21
AT5G52690,13,8,0,21,31,40
AT5G52700,0,0,0,5,5,5
AT5G52710,28,9,3,88,56,146
AT5G52720,39,3,9,139,89,713
AT5G52730,0,0,0,0,0,0
AT5G52740,0,0,0,1,0,0
AT5G52750,0,7,7,17,18,80
AT5G52760,0,0,0,1,1,35
AT5G52770,0,0,0,0,0,0
AT5G52780,8,6,4,5,2,4
AT5G52790,35,136,62,30,36,38
AT5G52797,0,0,0,0,0,0
AT5G52800,4,18,6,9,16,9
AT5G52810,32,101,53,64,53,158
AT5G52815,0,0,0,0,0,0
AT5G52820,727,816,403,620,459,604
AT5G52830,126,327,256,166,119,221
AT5G52840,1734,2721,1570,1762,1181,1599
AT5G52850,25,38,21,30,20,33
AT5G52860,0,0,0,0,0,0
AT5G52870,70,244,221,55,59,125
AT5G52880,73,126,54,102,68,65
AT5G52882,263,521,333,305,277,206
AT5G52890,9,16,11,8,7,12
AT5G52900,28,7,4,5,2,13
AT5G52910,53,52,38,96,53,78
AT5G52920,1205,1721,685,1238,892,992
AT5G52930,0,0,0,0,0,0
AT5G52940,2,0,1,3,0,0
AT5G52950,52,31,29,53,33,78
AT5G52960,136,263,92,103,74,83
AT5G52965,0,0,0,0,0,0
AT5G52970,24,37,33,27,16,22
AT5G52975,0,0,0,0,0,0
AT5G52980,181,330,288,214,181,236
AT5G52990,85,283,115,134,140,197
AT5G53000,297,329,218,411,280,291
AT5G53010,70,80,52,49,54,76
AT5G53020,107,139,80,123,78,134
AT5G53030,0,2,3,0,0,0
AT5G53040,0,0,0,0,0,0
AT5G53045,357,936,431,281,217,273
AT5G53048,2,2,2,3,2,4
AT5G53050,58,71,36,54,42,68
AT5G53060,58,71,54,62,38,34
AT5G53070,397,673,399,429,297,322
AT5G53080,23,60,15,40,12,51
AT5G53090,243,158,157,327,151,241
AT5G53100,0,3,0,0,0,0
AT5G53110,93,63,93,107,74,158
AT5G53120,464,507,299,415,339,368
AT5G53130,70,96,49,61,72,89
AT5G53140,1218,1303,897,1217,907,1029
AT5G53150,125,82,44,94,57,94
AT5G53160,797,1252,801,800,657,789
AT5G53170,203,232,157,244,149,223
AT5G53180,249,291,169,200,152,179
AT5G53190,1,0,2,16,6,1
AT5G53200,6,33,18,21,16,20
AT5G53210,0,0,0,0,0,0
AT5G53220,63,91,40,48,42,87
AT5G53230,0,0,0,0,0,0
AT5G53240,0,0,0,0,0,0
AT5G53250,571,961,1068,625,564,622
AT5G53260,0,0,0,0,0,0
AT5G53270,0,0,0,0,0,0
AT5G53280,153,274,170,107,67,121
AT5G53290,367,558,191,382,276,375
AT5G53300,6805,7948,6312,6299,5074,6771
AT5G53310,622,996,473,524,448,721
AT5G53320,18,61,21,23,20,16
AT5G53330,211,446,340,263,220,384
AT5G53340,140,215,117,227,112,163
AT5G53350,269,334,258,310,198,358
AT5G53360,95,105,89,68,58,66
AT5G53370,48,52,44,33,12,87
AT5G53380,0,0,1,0,1,1
AT5G53390,0,0,0,0,0,0
AT5G53400,502,867,472,518,362,434
AT5G53410,0,0,0,0,0,0
AT5G53420,318,434,198,220,167,245
AT5G53430,76,128,74,75,82,114
AT5G53440,470,455,270,395,283,489
AT5G53450,434,216,110,231,147,799
AT5G53460,1423,2639,1420,1167,1298,1457
AT5G53470,151,303,164,190,142,186
AT5G53480,409,285,226,433,344,433
AT5G53486,0,0,0,0,0,0
AT5G53487,0,0,0,0,0,0
AT5G53490,58,52,36,55,30,32
AT5G53500,31,50,37,42,32,134
AT5G53510,0,0,0,0,0,0
AT5G53520,0,0,0,0,0,1
AT5G53530,232,464,280,272,190,262
AT5G53540,171,220,145,223,129,196
AT5G53550,269,355,199,282,181,381
AT5G53560,5058,12538,6568,4251,3421,5191
AT5G53570,356,585,282,355,321,422
AT5G53580,94,113,73,55,43,62
AT5G53590,56,179,178,78,95,164
AT5G53592,0,0,0,0,0,0
AT5G53600,0,2,3,0,0,0
AT5G53610,0,0,0,0,0,2
AT5G53620,476,613,304,466,281,288
AT5G53635,0,0,0,0,0,0
AT5G53637,0,0,0,0,0,0
AT5G53640,0,0,0,0,0,0
AT5G53650,892,2185,1127,617,605,885
AT5G53660,0,4,0,0,0,0
AT5G53670,0,0,0,0,0,0
AT5G53680,0,1,0,0,3,0
AT5G53700,0,17,3,2,1,4
AT5G53710,13,9,6,4,13,14
AT5G53720,0,0,0,0,0,0
AT5G53730,61,48,73,22,42,33
AT5G53740,0,6,2,0,1,0
AT5G53742,0,0,1,0,0,0
AT5G53750,39,30,23,44,40,42
AT5G53760,231,276,164,286,174,209
AT5G53770,253,220,155,324,222,217
AT5G53780,0,0,0,0,0,0
AT5G53790,0,0,0,0,0,0
AT5G53800,424,514,276,368,275,373
AT5G53810,18,14,7,12,13,14
AT5G53820,0,4,0,0,0,0
AT5G53830,6,15,16,1,1,11
AT5G53840,0,0,0,0,0,0
AT5G53850,374,479,250,307,232,355
AT5G53860,287,241,186,302,219,275
AT5G53870,0,0,0,0,0,0
AT5G53880,3,6,4,11,3,6
AT5G53890,32,68,10,38,67,103
AT5G53895,3,7,2,2,2,3
AT5G53900,851,1061,570,805,670,629
AT5G53902,0,13,0,0,0,0
AT5G53905,0,1,0,0,0,2
AT5G53910,0,0,0,0,0,0
AT5G53920,50,76,19,66,43,42
AT5G53930,167,257,107,236,126,182
AT5G53940,275,385,212,210,138,240
AT5G53950,7,4,1,7,1,2
AT5G53960,0,0,0,0,0,0
AT5G53970,47,61,34,45,21,69
AT5G53980,74,147,41,114,62,139
AT5G53990,131,57,55,125,46,235
AT5G54000,0,0,0,0,0,0
AT5G54010,0,0,0,0,0,0
AT5G54020,30,61,57,80,80,96
AT5G54030,23,55,22,43,43,36
AT5G54035,0,5,2,0,2,4
AT5G54040,19,40,35,12,23,34
AT5G54043,0,4,2,1,0,0
AT5G54050,15,29,13,53,24,35
AT5G54060,0,0,0,0,0,0
AT5G54062,0,0,0,0,0,0
AT5G54067,2,0,0,1,0,0
AT5G54070,1,1,0,1,2,0
AT5G54075,7,13,5,1,2,7
AT5G54080,157,260,184,320,166,461
AT5G54090,18,47,40,58,41,59
AT5G54095,5,14,4,0,0,3
AT5G54100,143,104,92,168,111,146
AT5G54110,300,374,247,244,209,317
AT5G54130,17,64,50,9,23,30
AT5G54140,89,110,50,114,112,128
AT5G54145,341,592,323,490,341,582
AT5G54148,0,3,0,0,0,0
AT5G54150,0,0,0,0,0,0
AT5G54160,557,1502,978,798,531,1017
AT5G54165,28,8,6,4,17,18
AT5G54170,162,238,102,181,118,165
AT5G54180,43,18,25,48,35,39
AT5G54190,1,2,1,1,0,0
AT5G54200,103,159,63,106,103,176
AT5G54210,0,0,0,0,0,0
AT5G54215,0,0,0,0,0,0
AT5G54220,0,0,0,0,0,0
AT5G54225,0,0,0,0,0,0
AT5G54230,7,112,74,9,4,78
AT5G54240,31,59,35,25,33,47
AT5G54250,0,0,3,0,0,0
AT5G54260,70,77,49,51,43,61
AT5G54270,80,106,49,19,16,20
AT5G54280,121,225,94,127,109,179
AT5G54290,70,180,124,111,76,91
AT5G54300,39,36,24,42,18,25
AT5G54310,559,626,421,659,538,599
AT5G54320,0,0,0,0,0,0
AT5G54330,0,0,0,0,0,0
AT5G54340,0,0,0,0,0,0
AT5G54350,0,0,0,0,0,0
AT5G54360,0,0,0,0,0,0
AT5G54365,0,0,0,0,0,0
AT5G54370,227,243,1353,1211,274,2344
AT5G54375,0,0,0,0,0,0
AT5G54380,326,197,195,375,320,267
AT5G54390,458,249,180,343,262,276
AT5G54400,0,5,2,1,5,7
AT5G54410,0,0,0,0,0,0
AT5G54420,0,0,0,0,0,0
AT5G54430,1233,1311,1139,1333,808,1117
AT5G54440,154,225,71,179,172,245
AT5G54450,0,0,0,0,0,1
AT5G54460,0,0,0,0,0,0
AT5G54470,39,43,31,6,5,11
AT5G54480,0,0,0,0,0,0
AT5G54490,116,63,84,94,94,333
AT5G54500,2688,3934,3653,3576,2072,4099
AT5G54510,60,76,31,63,41,22
AT5G54520,72,67,51,66,31,62
AT5G54530,23,83,34,10,20,111
AT5G54540,694,981,728,778,425,845
AT5G54550,0,0,4,1,0,1
AT5G54560,0,0,0,0,0,0
AT5G54569,82,95,62,70,72,76
AT5G54570,14,40,15,8,19,21
AT5G54580,619,1111,618,487,318,512
AT5G54585,18,33,51,19,18,111
AT5G54590,215,114,86,161,170,136
AT5G54600,455,623,442,433,351,464
AT5G54610,0,1,0,2,2,1
AT5G54620,0,0,0,0,0,2
AT5G54630,0,0,0,0,0,0
AT5G54640,356,795,576,446,336,657
AT5G54650,63,109,79,99,88,119
AT5G54660,82,91,58,61,54,34
AT5G54670,149,178,98,176,154,193
AT5G54680,985,1766,1282,982,671,1145
AT5G54690,75,285,111,119,110,61
AT5G54700,0,1,1,0,0,0
AT5G54710,0,1,0,0,0,2
AT5G54720,0,0,1,0,0,10
AT5G54730,47,76,47,78,68,110
AT5G54740,0,0,0,0,0,0
AT5G54745,0,0,0,0,0,0
AT5G54750,669,1661,877,717,468,636
AT5G54760,1018,3126,2002,1270,945,1255
AT5G54770,3,29,37,15,23,14
AT5G54780,59,148,55,51,41,65
AT5G54790,5,98,31,0,0,5
AT5G54800,281,566,318,344,244,298
AT5G54810,1387,1052,871,1455,767,1440
AT5G54820,0,0,0,0,0,0
AT5G54830,73,115,50,169,63,102
AT5G54840,226,286,196,170,184,355
AT5G54850,97,263,106,121,101,169
AT5G54855,183,515,243,128,105,235
AT5G54860,63,184,77,214,102,232
AT5G54865,0,0,0,0,0,0
AT5G54870,108,118,121,122,109,149
AT5G54880,40,94,39,36,29,14
AT5G54890,71,102,40,56,66,57
AT5G54900,1117,1797,1232,1406,847,1076
AT5G54910,114,87,55,104,61,71
AT5G54920,99,140,86,126,92,69
AT5G54930,102,88,47,134,80,148
AT5G54940,340,662,507,195,153,947
AT5G54950,0,0,0,0,0,0
AT5G54960,18,39,19,47,66,110
AT5G54970,377,1205,655,556,368,406
AT5G54980,334,465,270,166,215,363
AT5G54990,0,0,0,0,0,6
AT5G55000,101,181,109,97,76,117
AT5G55010,1,14,1,2,1,2
AT5G55020,0,0,0,0,0,0
AT5G55040,265,311,170,304,237,340
AT5G55045,0,0,0,0,0,0
AT5G55050,37,43,24,33,100,136
AT5G55055,0,0,0,0,0,0
AT5G55060,92,99,75,73,93,107
AT5G55070,358,577,465,721,432,499
AT5G55080,0,0,0,0,0,0
AT5G55090,38,44,41,77,50,87
AT5G55100,172,302,149,184,165,227
AT5G55110,147,110,321,290,97,333
AT5G55120,341,381,191,210,224,288
AT5G55125,523,1678,783,473,384,497
AT5G55130,579,309,240,445,312,357
AT5G55131,0,0,0,0,0,0
AT5G55132,0,0,0,0,0,0
AT5G55135,0,0,0,0,0,0
AT5G55140,707,852,562,499,333,502
AT5G55150,7,2,0,7,0,0
AT5G55160,1831,3708,2048,1386,1030,1609
AT5G55170,61,157,109,78,40,118
AT5G55180,64,214,97,128,51,144
AT5G55190,2473,3549,2556,2573,1618,2505
AT5G55200,199,207,147,220,112,158
AT5G55210,304,485,265,217,157,183
AT5G55220,41,78,26,40,35,29
AT5G55230,352,272,163,416,267,399
AT5G55240,0,0,0,1,0,0
AT5G55250,0,24,21,0,0,1
AT5G55260,329,485,176,259,334,271
AT5G55270,6,1,0,6,0,10
AT5G55280,188,307,162,218,133,156
AT5G55290,889,1782,1183,918,723,1017
AT5G55300,1096,993,443,874,618,707
AT5G55310,252,358,166,289,265,394
AT5G55320,0,0,0,0,0,0
AT5G55330,0,0,0,0,0,0
AT5G55340,0,0,0,0,0,0
AT5G55350,26,10,24,40,29,44
AT5G55360,5,1,0,6,1,13
AT5G55370,1,6,2,5,1,0
AT5G55380,18,35,40,41,25,22
AT5G55390,90,94,72,117,96,117
AT5G55400,95,92,34,63,30,63
AT5G55410,0,0,0,0,0,0
AT5G55430,0,0,0,0,0,0
AT5G55440,0,0,0,0,1,0
AT5G55450,0,0,0,1,6,3
AT5G55460,7,4,0,0,2,1
AT5G55470,28,5,3,10,5,19
AT5G55480,135,155,162,153,137,198
AT5G55490,56,28,25,19,17,21
AT5G55500,220,196,132,172,209,206
AT5G55505,0,0,0,0,0,0
AT5G55507,0,2,3,2,2,0
AT5G55508,0,0,0,0,0,0
AT5G55510,202,135,205,177,160,123
AT5G55520,90,151,64,71,74,104
AT5G55530,526,593,321,470,434,412
AT5G55540,26,50,31,47,43,57
AT5G55550,239,312,216,172,149,131
AT5G55560,4,24,12,9,13,38
AT5G55565,0,0,0,0,0,0
AT5G55570,0,0,0,0,0,0
AT5G55580,73,33,32,35,27,22
AT5G55590,2,5,1,6,0,5
AT5G55600,192,144,64,123,136,188
AT5G55610,603,675,524,750,539,562
AT5G55620,9,0,0,3,0,0
AT5G55630,157,194,151,269,165,233
AT5G55640,114,222,103,101,44,94
AT5G55650,28,85,55,40,26,35
AT5G55660,748,1143,718,801,604,900
AT5G55670,112,144,77,119,68,110
AT5G55680,18,33,27,40,46,48
AT5G55690,0,0,0,0,0,0
AT5G55700,183,228,143,209,147,230
AT5G55710,114,195,195,126,97,141
AT5G55720,0,0,0,0,0,0
AT5G55730,322,270,229,397,203,326
AT5G55740,1,16,0,1,1,2
AT5G55750,0,0,0,0,0,0
AT5G55760,64,94,49,75,40,78
AT5G55770,2,1,0,14,2,6
AT5G55780,24,18,21,57,48,36
AT5G55790,168,306,199,264,228,194
AT5G55800,0,0,0,0,0,0
AT5G55810,99,126,64,76,41,111
AT5G55820,104,172,102,116,74,184
AT5G55830,16,80,50,29,25,53
AT5G55835,0,0,0,0,0,0
AT5G55840,26,6,10,13,3,17
AT5G55850,816,2219,1426,739,560,1046
AT5G55855,0,0,0,0,0,0
AT5G55856,0,0,0,0,0,0
AT5G55860,126,143,106,108,83,136
AT5G55870,0,0,0,0,0,0
AT5G55880,0,0,0,0,0,0
AT5G55890,0,0,0,0,0,0
AT5G55893,0,2,0,0,0,2
AT5G55900,34,64,18,36,19,41
AT5G55910,629,737,432,570,434,543
AT5G55920,257,339,225,425,248,307
AT5G55930,20,30,22,19,14,21
AT5G55940,1224,1989,1071,1138,875,996
AT5G55950,14,95,28,21,31,59
AT5G55960,85,142,88,96,69,148
AT5G55970,79,214,142,49,63,182
AT5G55980,0,3,0,0,0,0
AT5G55990,228,437,252,191,211,281
AT5G56000,215,210,113,239,149,168
AT5G56010,2137,2408,1227,2515,1772,1716
AT5G56020,264,529,316,278,199,324
AT5G56030,1933,2185,1020,2334,1647,1765
AT5G56040,475,826,381,604,551,513
AT5G56050,7,29,18,17,21,24
AT5G56060,0,0,0,0,0,0
AT5G56070,0,0,0,0,0,0
AT5G56075,0,0,0,0,0,0
AT5G56080,3,188,197,2,26,12
AT5G56090,90,239,142,129,71,135
AT5G56100,21,97,91,44,34,340
AT5G56110,0,0,0,0,0,0
AT5G56120,119,407,223,145,104,245
AT5G56130,151,246,131,148,81,137
AT5G56140,407,455,411,359,290,412
AT5G56150,238,653,373,241,138,299
AT5G56160,1,34,4,7,6,7
AT5G56170,907,1303,1157,956,897,1159
AT5G56180,131,80,77,91,58,122
AT5G56190,131,256,141,175,133,202
AT5G56200,0,1,1,0,3,7
AT5G56210,120,202,97,136,89,133
AT5G56220,274,334,143,302,149,224
AT5G56230,9,53,42,19,9,47
AT5G56240,237,240,158,182,201,231
AT5G56250,52,74,47,95,107,91
AT5G56260,203,294,155,153,154,224
AT5G56270,19,31,28,37,33,50
AT5G56280,285,551,307,303,169,300
AT5G56290,193,203,109,157,169,242
AT5G56300,1,4,6,0,0,0
AT5G56310,11,22,22,23,18,11
AT5G56320,354,438,318,320,257,283
AT5G56325,0,0,0,0,0,0
AT5G56330,0,0,0,0,0,0
AT5G56340,162,218,113,176,122,219
AT5G56350,337,592,323,534,393,465
AT5G56360,992,1127,604,924,645,806
AT5G56365,0,0,0,0,0,0
AT5G56368,0,0,0,0,0,0
AT5G56369,0,0,0,0,0,0
AT5G56370,49,93,26,28,68,93
AT5G56380,111,108,60,105,93,80
AT5G56390,0,0,0,0,0,0
AT5G56400,0,0,0,0,0,0
AT5G56410,0,0,0,0,0,0
AT5G56420,36,66,37,33,62,42
AT5G56430,0,0,0,0,0,0
AT5G56440,0,0,0,0,0,0
AT5G56450,62,83,24,56,56,57
AT5G56452,0,0,0,0,0,0
AT5G56460,125,289,190,121,105,98
AT5G56470,0,0,0,0,0,0
AT5G56480,0,0,0,0,0,0
AT5G56490,0,0,0,0,0,0
AT5G56500,213,475,250,419,204,344
AT5G56510,0,0,0,0,1,0
AT5G56520,49,81,78,44,40,84
AT5G56530,871,1125,445,798,568,580
AT5G56540,3969,6803,6143,2761,3135,3504
AT5G56550,488,794,693,269,166,421
AT5G56555,0,0,0,0,0,0
AT5G56560,0,0,0,0,0,2
AT5G56570,0,0,0,0,0,3
AT5G56580,97,265,141,132,60,131
AT5G56590,153,151,80,148,103,137
AT5G56600,23,43,40,10,21,20
AT5G56610,83,195,98,93,79,140
AT5G56620,14,57,24,17,22,28
AT5G56630,229,428,233,310,218,303
AT5G56640,0,0,0,0,0,0
AT5G56650,263,228,210,241,211,276
AT5G56660,212,239,154,243,152,345
AT5G56670,1326,3948,2046,1251,1039,1304
AT5G56680,771,901,389,750,514,640
AT5G56690,0,0,0,0,0,0
AT5G56700,0,0,0,11,3,0
AT5G56710,5347,11817,5626,5136,3820,4811
AT5G56720,15,24,16,7,10,8
AT5G56730,47,58,22,71,51,42
AT5G56740,332,187,281,331,205,299
AT5G56745,0,0,0,0,0,0
AT5G56750,391,209,192,335,343,463
AT5G56760,608,1225,997,582,396,712
AT5G56770,0,0,0,0,0,0
AT5G56780,55,79,31,11,21,40
AT5G56790,147,96,73,201,150,161
AT5G56795,33,436,206,23,23,162
AT5G56800,0,0,0,0,0,0
AT5G56810,0,0,0,10,3,0
AT5G56820,0,0,0,0,0,0
AT5G56840,2,2,1,2,4,0
AT5G56850,0,0,0,0,0,0
AT5G56860,0,3,0,0,0,0
AT5G56870,317,531,374,462,276,868
AT5G56880,0,6,2,3,0,2
AT5G56890,162,201,170,215,224,148
AT5G56900,142,180,123,177,142,171
AT5G56910,94,213,111,65,28,118
AT5G56920,0,0,0,0,0,0
AT5G56930,74,77,53,64,53,95
AT5G56940,533,1130,575,482,328,538
AT5G56950,1099,1491,648,1221,902,987
AT5G56960,0,0,1,0,0,3
AT5G56970,18,16,17,2,12,10
AT5G56975,0,0,0,0,0,0
AT5G56980,374,447,371,389,183,419
AT5G56985,44,62,59,79,45,76
AT5G56990,11,12,2,1,0,4
AT5G57000,28,114,78,35,53,31
AT5G57010,0,9,7,2,3,23
AT5G57015,231,327,239,192,165,215
AT5G57020,809,1064,505,780,606,832
AT5G57030,1,3,4,3,0,5
AT5G57035,121,134,56,101,90,146
AT5G57040,228,451,223,195,163,364
AT5G57050,33,35,31,100,71,246
AT5G57060,104,254,127,151,120,187
AT5G57070,25,156,65,14,19,40
AT5G57080,21,94,52,18,13,45
AT5G57090,510,392,246,1097,667,674
AT5G57100,417,296,196,320,230,319
AT5G57110,411,318,242,398,326,450
AT5G57120,1551,2103,1031,1247,1082,1206
AT5G57123,2,0,2,7,4,1
AT5G57130,95,78,43,77,81,64
AT5G57140,10,13,3,22,5,14
AT5G57150,81,346,168,74,88,193
AT5G57160,47,70,31,34,46,37
AT5G57170,73,183,80,65,31,65
AT5G57180,7,6,10,8,5,10
AT5G57190,9,29,38,40,46,41
AT5G57200,3,2,3,3,0,0
AT5G57210,37,51,33,68,46,69
AT5G57220,1,4,3,18,8,12
AT5G57230,165,310,192,180,109,156
AT5G57240,3,22,12,11,8,9
AT5G57250,46,69,34,79,49,30
AT5G57260,0,0,0,0,0,0
AT5G57270,287,398,153,346,237,259
AT5G57280,205,218,132,178,124,162
AT5G57290,5182,6989,7337,5441,4518,5320
AT5G57300,285,507,219,221,188,272
AT5G57320,3,11,4,10,4,6
AT5G57330,484,673,456,579,405,537
AT5G57340,435,523,296,578,548,698
AT5G57345,21,33,16,15,12,33
AT5G57350,86,156,129,91,112,133
AT5G57360,225,166,140,195,179,222
AT5G57370,255,215,222,302,223,315
AT5G57380,0,0,0,0,0,0
AT5G57390,25,20,23,69,36,37
AT5G57400,9,29,29,41,13,23
AT5G57410,377,480,214,308,232,285
AT5G57420,143,133,70,78,74,64
AT5G57440,587,1074,612,504,405,513
AT5G57450,14,34,20,24,21,19
AT5G57460,351,435,268,443,296,389
AT5G57480,29,199,162,49,39,70
AT5G57490,893,1251,832,946,683,758
AT5G57500,36,53,57,118,36,85
AT5G57510,1,0,3,8,0,134
AT5G57520,1,0,0,0,0,0
AT5G57530,0,17,5,0,18,8
AT5G57535,0,0,0,0,0,0
AT5G57540,0,6,4,0,40,15
AT5G57550,0,0,0,0,0,0
AT5G57560,421,70,25,133,69,537
AT5G57565,84,162,63,36,43,60
AT5G57567,0,0,2,3,1,0
AT5G57569,0,0,0,0,0,0
AT5G57570,0,8,4,5,3,0
AT5G57580,228,254,145,307,189,365
AT5G57590,69,49,62,48,63,56
AT5G57610,39,32,21,44,43,74
AT5G57620,138,196,118,146,169,219
AT5G57625,21,766,348,35,399,642
AT5G57630,159,207,131,236,171,244
AT5G57640,0,1,0,2,0,0
AT5G57650,0,0,0,0,0,0
AT5G57655,842,677,446,1581,858,1314
AT5G57660,434,307,259,540,432,552
AT5G57670,19,18,40,40,18,30
AT5G57685,173,280,186,151,232,222
AT5G57690,0,1,2,0,0,0
AT5G57700,212,339,204,303,242,265
AT5G57710,45,36,19,47,63,101
AT5G57720,0,0,0,0,0,0
AT5G57735,0,0,0,0,0,0
AT5G57740,116,198,115,114,72,127
AT5G57750,0,4,0,2,0,0
AT5G57760,26,54,42,30,23,19
AT5G57770,173,195,157,157,133,115
AT5G57780,13,63,26,16,28,23
AT5G57785,204,301,103,107,98,166
AT5G57790,16,22,10,15,20,13
AT5G57800,67,57,25,31,28,25
AT5G57810,0,0,0,0,0,0
AT5G57815,297,687,341,178,162,277
AT5G57820,10,9,2,3,1,11
AT5G57830,164,228,114,119,83,170
AT5G57840,109,130,115,92,99,79
AT5G57850,139,223,122,211,126,157
AT5G57860,161,408,185,158,89,168
AT5G57870,903,672,551,773,711,952
AT5G57880,17,20,11,12,8,34
AT5G57885,0,0,0,0,0,0
AT5G57887,1673,2246,1712,1360,1316,2790
AT5G57890,110,158,105,103,97,133
AT5G57900,356,367,250,388,292,683
AT5G57910,151,293,154,153,180,181
AT5G57920,81,97,35,83,67,56
AT5G57930,138,170,90,118,98,91
AT5G57940,178,128,120,137,130,162
AT5G57950,166,328,192,172,130,186
AT5G57960,31,42,30,36,29,54
AT5G57970,47,99,85,88,93,76
AT5G57980,44,122,57,52,43,51
AT5G57990,531,442,260,524,394,591
AT5G58000,338,308,138,252,221,221
AT5G58003,126,126,36,111,79,148
AT5G58005,394,856,428,256,192,355
AT5G58010,69,365,198,80,167,272
AT5G58020,145,292,202,292,128,317
AT5G58030,444,1219,579,577,381,595
AT5G58040,587,386,282,495,330,477
AT5G58050,0,0,0,0,0,0
AT5G58060,1295,2065,1566,1353,840,1167
AT5G58070,682,736,581,516,340,633
AT5G58080,2,1,1,1,0,0
AT5G58090,518,409,338,418,340,474
AT5G58100,256,296,151,304,152,228
AT5G58110,3109,3025,1594,2432,2149,2359
AT5G58120,5,3,2,5,3,1
AT5G58130,401,362,207,373,265,376
AT5G58140,46,66,65,74,89,81
AT5G58150,18,41,34,47,67,49
AT5G58160,41,63,43,82,56,90
AT5G58170,0,0,0,0,0,0
AT5G58180,0,0,0,0,0,0
AT5G58190,84,93,34,95,100,126
AT5G58200,324,353,202,218,173,365
AT5G58210,213,147,119,129,115,109
AT5G58220,602,797,444,563,348,688
AT5G58230,628,659,345,624,339,421
AT5G58240,663,1012,633,522,386,565
AT5G58250,123,246,166,162,98,158
AT5G58260,0,0,5,1,2,4
AT5G58270,130,98,132,156,112,138
AT5G58280,32,23,18,34,12,19
AT5G58290,1060,1100,1001,1319,791,1104
AT5G58300,394,191,217,304,261,271
AT5G58310,4,3,7,4,1,3
AT5G58320,56,103,65,65,55,115
AT5G58330,8,21,8,5,0,17
AT5G58340,177,103,61,106,63,74
AT5G58350,67,163,116,43,36,368
AT5G58360,7,100,56,8,18,17
AT5G58370,215,268,135,271,150,190
AT5G58375,827,2511,1591,496,432,1297
AT5G58380,116,204,121,154,117,156
AT5G58390,0,0,0,1,0,0
AT5G58400,0,0,0,0,0,0
AT5G58410,108,163,87,144,127,172
AT5G58412,0,0,0,0,0,0
AT5G58420,4820,8309,4610,4977,3432,4165
AT5G58430,228,198,134,249,173,381
AT5G58440,202,213,138,289,191,219
AT5G58450,181,207,135,130,128,148
AT5G58460,0,0,0,2,0,0
AT5G58465,0,1,0,1,0,0
AT5G58470,185,156,129,235,196,260
AT5G58480,116,108,96,153,138,102
AT5G58490,349,534,281,306,241,345
AT5G58495,0,0,0,0,0,0
AT5G58500,42,27,14,8,7,6
AT5G58510,185,117,78,72,119,180
AT5G58520,217,113,72,207,180,152
AT5G58530,123,184,111,156,115,119
AT5G58540,92,119,72,71,60,126
AT5G58550,48,43,15,60,35,19
AT5G58560,336,416,331,388,240,360
AT5G58570,22,37,23,16,16,14
AT5G58575,278,330,176,184,123,183
AT5G58580,53,63,44,58,51,42
AT5G58590,512,797,438,449,349,440
AT5G58595,0,1,1,1,0,0
AT5G58600,160,209,96,159,122,130
AT5G58610,2,0,0,0,0,0
AT5G58620,164,125,56,98,153,154
AT5G58630,0,2,1,2,0,2
AT5G58640,707,829,854,747,518,749
AT5G58650,78,470,407,61,62,308
AT5G58660,82,81,46,67,41,118
AT5G58670,0,24,5,12,3,17
AT5G58680,0,6,7,0,3,23
AT5G58690,45,62,27,19,38,42
AT5G58700,169,105,100,179,158,225
AT5G58710,1472,3259,1773,1400,962,1644
AT5G58720,467,549,283,440,399,488
AT5G58730,255,354,203,303,241,375
AT5G58740,758,1093,647,597,491,643
AT5G58750,194,166,75,234,114,220
AT5G58760,130,161,90,93,55,64
AT5G58770,8,20,13,0,3,11
AT5G58780,0,7,0,0,0,0
AT5G58782,0,0,3,0,0,0
AT5G58784,11,7,8,58,7,36
AT5G58787,386,544,392,364,277,574
AT5G58790,132,272,134,123,102,157
AT5G58800,138,227,178,129,110,216
AT5G58820,0,0,0,0,0,0
AT5G58830,0,0,0,0,0,0
AT5G58840,29,93,37,13,32,17
AT5G58850,0,0,0,0,0,0
AT5G58860,0,14,0,5,0,39
AT5G58870,95,126,59,132,153,151
AT5G58880,0,0,0,0,0,0
AT5G58890,0,0,0,0,0,0
AT5G58900,93,547,233,43,60,117
AT5G58910,0,1,0,0,0,1
AT5G58920,227,434,222,185,148,224
AT5G58930,370,251,214,378,268,366
AT5G58940,55,129,59,70,66,106
AT5G58950,531,641,282,478,331,455
AT5G58960,192,211,110,215,123,127
AT5G58970,169,267,168,192,135,142
AT5G58980,93,46,43,46,35,45
AT5G58990,441,1063,536,511,357,426
AT5G59000,52,74,45,28,41,32
AT5G59010,260,222,136,204,137,135
AT5G59020,75,64,15,17,37,33
AT5G59030,381,201,179,338,201,197
AT5G59040,0,0,0,0,0,0
AT5G59050,62,83,41,44,49,42
AT5G59055,0,0,0,0,0,0
AT5G59060,8,13,9,10,14,12
AT5G59070,22,30,25,74,54,55
AT5G59080,234,394,307,259,160,164
AT5G59090,1060,711,611,1110,1379,920
AT5G59100,4,1,3,0,2,8
AT5G59105,0,0,0,0,0,0
AT5G59110,0,0,0,0,0,0
AT5G59120,0,0,0,0,0,0
AT5G59130,0,0,0,0,0,0
AT5G59140,867,1615,824,779,639,1056
AT5G59150,292,786,552,325,256,405
AT5G59160,570,881,634,601,526,667
AT5G59170,13,11,4,16,2,2
AT5G59180,188,340,173,129,137,146
AT5G59190,0,0,0,0,0,0
AT5G59200,3,8,0,4,0,2
AT5G59210,204,368,212,258,159,226
AT5G59220,60,37,27,50,34,229
AT5G59230,0,2,2,0,0,0
AT5G59240,43,78,31,46,39,39
AT5G59250,113,84,50,61,41,91
AT5G59260,5,13,8,5,3,31
AT5G59270,0,14,6,0,6,7
AT5G59280,0,0,6,0,0,0
AT5G59290,1073,1738,1244,1459,934,1570
AT5G59300,87,290,158,113,53,96
AT5G59305,0,0,0,0,0,0
AT5G59310,0,0,0,0,0,0
AT5G59320,0,0,0,0,0,0
AT5G59330,0,0,0,0,0,0
AT5G59340,5,4,1,0,0,1
AT5G59350,147,231,206,154,129,193
AT5G59360,7,40,19,0,2,0
AT5G59370,0,0,4,0,0,1
AT5G59380,307,215,220,288,220,298
AT5G59385,0,0,0,0,0,0
AT5G59390,0,0,1,0,0,0
AT5G59395,0,0,0,0,0,0
AT5G59400,76,95,48,53,27,35
AT5G59410,222,537,280,220,183,218
AT5G59420,604,667,407,682,507,608
AT5G59430,135,276,218,184,190,210
AT5G59440,556,391,268,456,374,486
AT5G59450,208,309,176,143,157,184
AT5G59460,186,314,159,160,125,176
AT5G59470,68,167,132,61,58,80
AT5G59480,166,301,207,139,77,178
AT5G59490,6,34,15,18,16,97
AT5G59500,163,209,174,154,123,190
AT5G59505,0,0,0,0,0,0
AT5G59510,104,249,155,126,102,174
AT5G59520,1192,1448,1131,1302,776,2138
AT5G59530,148,184,107,166,182,318
AT5G59540,58,67,44,28,28,81
AT5G59550,402,215,111,147,125,508
AT5G59560,347,481,203,330,259,290
AT5G59570,182,93,66,110,141,190
AT5G59580,6,15,7,7,0,3
AT5G59590,79,114,57,44,49,48
AT5G59600,11,12,1,11,19,0
AT5G59610,66,108,56,58,50,51
AT5G59613,3202,9466,4490,2715,2271,3264
AT5G59616,0,0,0,0,0,0
AT5G59650,8,5,2,27,0,11
AT5G59660,0,4,4,4,0,2
AT5G59662,8,27,16,12,12,12
AT5G59670,0,8,2,5,0,2
AT5G59680,0,29,32,2,15,23
AT5G59690,1919,6346,3544,2097,1896,2629
AT5G59700,32,49,24,35,42,50
AT5G59710,171,226,118,163,165,141
AT5G59720,1,7,1,3,4,0
AT5G59730,73,98,58,30,55,117
AT5G59732,66,117,62,40,47,95
AT5G59740,227,291,161,196,160,176
AT5G59750,16,12,10,9,12,1
AT5G59760,0,1,7,4,5,4
AT5G59770,426,608,395,266,220,265
AT5G59780,3093,2871,2041,2561,3091,4125
AT5G59790,279,125,72,273,291,228
AT5G59800,48,89,58,37,24,39
AT5G59810,0,0,0,0,0,0
AT5G59820,272,61,111,39,35,1257
AT5G59830,164,258,148,184,107,195
AT5G59840,360,718,373,424,264,362
AT5G59845,0,17,8,18,40,54
AT5G59850,3887,9843,4703,4143,2956,3692
AT5G59860,1,2,1,1,1,4
AT5G59865,13,49,18,16,12,15
AT5G59870,542,1971,1249,871,609,844
AT5G59880,4386,9502,5896,4079,3015,4405
AT5G59890,639,1673,968,656,513,879
AT5G59895,11,52,28,16,13,24
AT5G59900,70,30,17,33,20,36
AT5G59910,1433,3253,2074,1990,1356,2218
AT5G59920,23,17,27,6,11,21
AT5G59930,70,56,53,96,116,128
AT5G59940,16,41,20,41,24,44
AT5G59945,0,0,0,0,0,0
AT5G59950,804,732,764,769,588,894
AT5G59960,334,415,387,327,233,386
AT5G59970,473,2641,1276,854,688,870
AT5G59980,32,67,16,68,42,47
AT5G59990,19,21,10,21,20,2
AT5G60000,0,0,0,0,0,0
AT5G60010,0,0,0,0,0,0
AT5G60020,90,503,160,231,374,110
AT5G60022,10,57,14,15,28,12
AT5G60030,399,611,451,400,374,366
AT5G60040,60,55,58,58,62,60
AT5G60050,67,63,30,68,73,51
AT5G60060,0,0,3,0,0,0
AT5G60070,0,0,0,0,0,0
AT5G60080,0,0,0,0,0,0
AT5G60090,0,0,0,0,0,0
AT5G60100,18,7,3,4,24,19
AT5G60110,0,0,2,0,0,0
AT5G60120,80,124,68,73,73,77
AT5G60130,0,1,3,0,0,0
AT5G60140,0,0,0,0,0,0
AT5G60142,0,0,0,14,0,2
AT5G60150,32,59,36,26,22,48
AT5G60160,605,654,412,712,426,652
AT5G60170,193,176,93,155,170,251
AT5G60180,3,1,0,3,1,3
AT5G60190,163,313,172,125,95,140
AT5G60200,543,506,298,513,334,501
AT5G60210,382,344,149,429,263,291
AT5G60215,0,4,1,0,0,0
AT5G60220,0,0,1,3,3,6
AT5G60230,91,143,112,86,89,91
AT5G60240,0,0,0,0,0,0
AT5G60250,9,7,22,17,11,66
AT5G60260,0,1,0,0,1,6
AT5G60265,0,0,0,0,0,0
AT5G60270,3,16,24,35,16,45
AT5G60280,23,56,51,63,55,52
AT5G60285,0,0,0,0,0,0
AT5G60290,0,0,0,0,1,1
AT5G60300,176,247,182,305,192,206
AT5G60310,4,3,4,14,10,20
AT5G60320,1,0,0,2,0,0
AT5G60335,13,38,30,11,16,12
AT5G60340,1009,1422,807,869,621,917
AT5G60350,2,1,0,0,4,10
AT5G60360,1067,1572,881,1286,843,1839
AT5G60370,112,79,92,102,75,110
AT5G60380,0,0,0,0,0,0
AT5G60390,41474,21224,26833,41963,23420,34243
AT5G60400,452,817,463,391,304,417
AT5G60408,0,0,0,0,0,0
AT5G60410,360,288,175,346,320,372
AT5G60430,41,72,34,45,49,48
AT5G60440,0,27,6,6,4,16
AT5G60450,19,34,12,28,48,25
AT5G60460,577,988,905,573,462,785
AT5G60470,0,0,0,0,0,0
AT5G60480,0,0,0,0,0,0
AT5G60490,28,211,180,33,40,66
AT5G60500,0,0,0,0,0,0
AT5G60510,11,14,5,20,10,16
AT5G60520,227,334,210,439,159,250
AT5G60530,912,481,1335,2368,749,2375
AT5G60540,329,304,188,338,277,393
AT5G60550,372,507,302,411,374,402
AT5G60553,0,0,0,0,0,0
AT5G60560,0,0,0,0,0,0
AT5G60570,292,480,259,381,277,442
AT5G60580,179,322,245,204,201,222
AT5G60590,94,198,110,127,68,103
AT5G60600,77,101,87,87,69,89
AT5G60610,33,73,1,19,33,12
AT5G60615,0,0,0,0,0,0
AT5G60620,803,878,655,783,512,749
AT5G60630,56,71,77,75,49,100
AT5G60640,1044,1362,696,1391,783,1109
AT5G60650,22,36,23,7,11,10
AT5G60660,533,560,794,773,641,2069
AT5G60670,4624,4697,3019,3975,3323,3689
AT5G60680,575,540,441,590,475,1008
AT5G60690,260,269,133,260,275,234
AT5G60700,97,170,126,139,159,149
AT5G60710,67,92,33,53,69,83
AT5G60720,13,82,48,40,45,33
AT5G60730,24,84,102,79,32,71
AT5G60740,0,0,0,0,0,0
AT5G60750,231,295,249,218,154,267
AT5G60760,39,128,39,118,123,67
AT5G60770,0,0,0,0,0,0
AT5G60780,0,0,0,0,0,0
AT5G60790,1933,1723,774,1947,1430,1471
AT5G60800,75,114,47,75,43,126
AT5G60805,0,0,0,0,0,0
AT5G60810,77,47,36,54,40,49
AT5G60820,119,165,79,127,108,135
AT5G60830,0,0,0,2,3,1
AT5G60840,143,149,126,124,69,89
AT5G60850,188,386,313,169,188,247
AT5G60860,66,86,77,52,38,46
AT5G60870,88,27,41,64,39,38
AT5G60880,0,0,0,0,0,0
AT5G60890,639,777,355,387,294,325
AT5G60900,0,0,0,0,0,0
AT5G60910,10,0,0,0,0,0
AT5G60920,710,1302,798,1052,692,855
AT5G60930,181,175,126,149,112,208
AT5G60940,251,250,149,269,176,195
AT5G60945,1,0,0,0,0,0
AT5G60950,726,1117,958,1012,633,1013
AT5G60960,261,400,184,263,232,290
AT5G60963,0,0,0,0,0,0
AT5G60964,0,0,0,0,0,0
AT5G60966,0,0,0,0,0,0
AT5G60970,0,0,0,0,0,0
AT5G60980,991,526,472,965,699,713
AT5G60990,359,427,192,434,274,294
AT5G61000,148,163,100,210,107,165
AT5G61010,38,57,61,54,24,166
AT5G61020,1966,1840,855,2064,1465,1443
AT5G61030,196,229,195,260,151,225
AT5G61040,59,37,31,34,63,61
AT5G61050,0,0,0,0,0,0
AT5G61060,338,261,144,342,272,341
AT5G61070,0,0,0,0,0,0
AT5G61090,0,0,0,0,0,0
AT5G61100,0,0,1,0,0,0
AT5G61110,0,0,0,0,0,0
AT5G61120,0,0,0,0,0,0
AT5G61130,1230,1426,931,1150,687,851
AT5G61140,219,166,102,142,99,208
AT5G61150,412,445,286,444,259,505
AT5G61160,0,0,0,0,0,0
AT5G61170,5649,10355,6329,5280,3880,4768
AT5G61180,4,0,2,3,0,0
AT5G61190,60,74,37,53,58,67
AT5G61200,11,21,4,15,7,27
AT5G61210,223,458,282,295,230,401
AT5G61220,161,506,256,149,145,160
AT5G61230,658,566,390,610,553,591
AT5G61240,651,968,725,834,541,702
AT5G61250,25,101,70,41,36,127
AT5G61260,17,22,18,19,3,68
AT5G61270,0,2,10,2,2,9
AT5G61280,16,45,39,56,42,54
AT5G61290,3,2,0,1,4,0
AT5G61300,64,74,57,57,72,56
AT5G61310,411,1013,403,301,302,374
AT5G61320,0,0,0,0,0,0
AT5G61330,142,192,93,186,164,166
AT5G61340,207,605,490,214,235,215
AT5G61345,0,0,0,0,0,0
AT5G61350,21,29,5,6,26,35
AT5G61360,22,78,63,23,20,41
AT5G61370,10,64,25,39,22,17
AT5G61380,350,313,131,309,213,443
AT5G61390,33,65,29,63,30,25
AT5G61400,25,38,15,19,17,15
AT5G61410,196,265,164,185,151,249
AT5G61412,0,3,4,2,0,1
AT5G61420,0,56,22,0,19,0
AT5G61430,0,15,17,4,9,0
AT5G61440,406,636,515,302,298,421
AT5G61445,0,0,0,0,0,0
AT5G61450,150,345,158,191,130,205
AT5G61455,4,3,12,4,1,8
AT5G61460,49,96,35,47,30,49
AT5G61470,0,0,1,0,0,0
AT5G61480,42,38,57,39,32,38
AT5G61490,1,2,6,3,0,7
AT5G61495,0,0,0,0,0,0
AT5G61500,324,535,316,418,272,420
AT5G61510,289,335,181,260,187,296
AT5G61520,0,0,0,0,0,0
AT5G61530,288,434,326,302,218,422
AT5G61540,55,23,15,49,31,64
AT5G61550,1,17,5,2,8,26
AT5G61560,22,26,7,48,22,65
AT5G61570,28,15,11,10,31,26
AT5G61580,179,139,108,163,96,174
AT5G61590,442,617,732,497,363,934
AT5G61600,1192,679,554,655,459,2097
AT5G61605,0,0,0,1,0,0
AT5G61610,0,0,0,0,0,0
AT5G61620,0,0,0,0,0,0
AT5G61630,0,0,0,0,0,0
AT5G61640,18,92,40,18,17,110
AT5G61650,12,12,25,16,50,58
AT5G61660,16,17,26,12,25,73
AT5G61670,263,387,234,200,141,333
AT5G61680,1,0,0,2,0,0
AT5G61690,0,0,0,0,0,0
AT5G61700,0,0,0,0,0,0
AT5G61710,0,0,0,0,0,0
AT5G61720,0,0,0,0,0,0
AT5G61730,0,1,0,0,0,0
AT5G61740,0,0,0,2,0,0
AT5G61750,0,0,0,0,0,0
AT5G61760,99,158,84,103,81,160
AT5G61770,387,229,218,409,297,306
AT5G61780,533,527,344,677,595,604
AT5G61790,1007,718,586,1337,700,1298
AT5G61800,7,32,20,7,19,16
AT5G61810,21,60,27,30,43,11
AT5G61820,1437,1462,1027,1425,1043,2515
AT5G61830,51,123,52,70,47,42
AT5G61835,0,0,0,0,0,0
AT5G61840,350,391,307,315,267,428
AT5G61850,0,0,0,0,0,0
AT5G61865,75,58,23,62,47,44
AT5G61880,278,390,199,236,186,196
AT5G61890,0,0,0,0,0,0
AT5G61900,61,96,36,74,63,115
AT5G61910,106,142,115,147,132,191
AT5G61920,21,58,23,25,18,19
AT5G61930,58,88,35,61,56,62
AT5G61940,0,10,1,5,7,8
AT5G61950,5,16,11,21,6,13
AT5G61960,277,387,168,275,371,352
AT5G61970,328,481,255,473,345,316
AT5G61980,63,61,30,36,36,107
AT5G61990,54,69,41,39,17,46
AT5G61997,0,0,0,0,0,0
AT5G62000,230,337,184,267,185,222
AT5G62020,74,59,39,74,45,92
AT5G62030,260,150,78,127,111,155
AT5G62040,0,0,0,0,0,1
AT5G62050,327,356,253,425,226,252
AT5G62060,0,0,0,0,1,0
AT5G62065,0,0,0,0,0,0
AT5G62070,76,124,95,80,97,97
AT5G62080,0,0,0,0,0,0
AT5G62090,82,135,100,141,70,135
AT5G62100,28,17,13,28,19,42
AT5G62110,0,0,0,3,2,4
AT5G62120,0,0,0,0,1,0
AT5G62130,115,88,87,88,72,108
AT5G62140,2,5,14,0,0,12
AT5G62150,20,148,119,22,12,80
AT5G62160,0,0,0,0,0,0
AT5G62162,0,0,0,0,0,0
AT5G62165,343,318,259,211,238,287
AT5G62170,221,147,99,223,127,155
AT5G62180,137,228,131,233,196,240
AT5G62190,1661,1254,667,2303,1980,2079
AT5G62200,255,371,208,282,194,326
AT5G62210,0,1,1,0,2,0
AT5G62220,52,55,60,51,47,65
AT5G62230,0,0,0,0,0,0
AT5G62240,0,0,0,0,0,0
AT5G62250,0,0,0,0,1,3
AT5G62260,311,305,292,399,348,306
AT5G62270,293,341,231,550,284,425
AT5G62280,26,25,31,45,37,51
AT5G62290,456,682,376,384,309,366
AT5G62300,4952,10430,5877,4539,3500,4211
AT5G62310,16,26,14,16,14,27
AT5G62320,0,7,1,7,1,8
AT5G62330,7,123,94,273,152,217
AT5G62340,840,874,1149,2774,1454,1496
AT5G62350,289,687,645,265,190,169
AT5G62360,24,11,10,12,8,3
AT5G62370,29,77,25,22,46,25
AT5G62380,19,18,12,3,6,12
AT5G62390,3033,3237,1495,2882,1900,2894
AT5G62400,0,0,0,0,0,0
AT5G62410,164,279,122,220,102,178
AT5G62420,0,2,10,0,0,0
AT5G62430,28,16,21,20,14,55
AT5G62440,574,751,445,524,416,512
AT5G62460,177,317,233,244,181,287
AT5G62470,0,1,0,0,0,0
AT5G62480,21,145,118,34,12,280
AT5G62490,0,1,1,2,2,1
AT5G62500,144,355,155,201,106,154
AT5G62510,0,0,0,2,0,0
AT5G62520,90,149,73,143,86,185
AT5G62530,404,383,220,522,389,530
AT5G62540,221,526,390,273,210,371
AT5G62550,213,411,249,269,173,271
AT5G62560,246,162,197,260,256,252
AT5G62570,142,205,124,92,98,155
AT5G62573,10,12,1,0,2,6
AT5G62575,617,1300,651,392,333,490
AT5G62580,275,334,218,312,222,234
AT5G62600,129,113,116,171,80,175
AT5G62610,254,405,171,232,158,270
AT5G62620,111,75,45,79,59,103
AT5G62623,0,0,0,0,0,0
AT5G62627,0,0,0,0,0,0
AT5G62630,40,142,43,47,56,122
AT5G62640,288,202,193,351,261,341
AT5G62650,143,98,93,100,62,97
AT5G62660,0,0,0,0,0,0
AT5G62670,117,159,129,91,73,52
AT5G62680,209,268,202,161,265,474
AT5G62690,5377,3404,2729,5318,3381,4447
AT5G62700,4619,3219,2872,5106,3153,4106
AT5G62710,112,95,79,124,104,109
AT5G62720,99,579,399,167,186,178
AT5G62730,0,0,0,0,0,0
AT5G62740,267,454,317,323,231,393
AT5G62750,11,9,7,2,1,0
AT5G62760,61,79,38,93,37,70
AT5G62770,54,122,57,56,38,89
AT5G62780,0,0,0,0,0,3
AT5G62790,121,283,118,186,97,155
AT5G62800,0,0,0,0,0,1
AT5G62810,407,354,263,430,282,385
AT5G62820,24,57,34,14,37,18
AT5G62830,0,0,0,0,0,0
AT5G62840,3,11,7,2,2,2
AT5G62848,0,0,0,0,0,0
AT5G62850,0,0,0,0,0,0
AT5G62860,0,0,0,0,0,0
AT5G62865,160,127,190,128,118,212
AT5G62880,422,390,274,497,357,395
AT5G62890,1526,962,885,1254,950,943
AT5G62900,605,1189,620,559,483,517
AT5G62910,102,98,67,64,75,79
AT5G62920,204,377,212,91,57,62
AT5G62930,1242,1348,842,988,700,885
AT5G62940,29,18,11,32,20,25
AT5G62950,279,747,456,271,202,317
AT5G62960,126,229,60,85,51,50
AT5G62970,0,0,0,2,0,0
AT5G62980,96,195,99,61,58,64
AT5G62990,30,61,19,61,39,17
AT5G62998,0,0,0,0,0,0
AT5G63000,209,362,160,217,166,175
AT5G63010,179,321,116,189,147,206
AT5G63020,3,12,14,36,16,38
AT5G63030,469,604,343,492,389,724
AT5G63040,78,122,78,157,76,92
AT5G63050,149,239,146,174,158,195
AT5G63060,27,39,32,14,15,21
AT5G63063,0,0,0,0,0,0
AT5G63070,0,1,4,0,2,0
AT5G63080,54,190,71,88,63,103
AT5G63085,0,0,0,0,0,0
AT5G63087,0,0,0,0,0,0
AT5G63090,0,0,0,0,0,2
AT5G63100,12,6,15,11,4,14
AT5G63110,219,225,182,309,174,264
AT5G63120,175,70,37,117,142,93
AT5G63130,32,58,19,17,19,95
AT5G63135,225,384,209,161,152,153
AT5G63140,246,155,81,250,220,102
AT5G63145,0,0,0,0,0,0
AT5G63150,791,2013,978,737,618,747
AT5G63160,51,328,388,39,36,65
AT5G63170,0,0,0,0,0,0
AT5G63180,0,0,0,0,0,0
AT5G63190,1072,1011,566,1014,811,1295
AT5G63195,448,370,210,401,363,511
AT5G63200,128,97,76,115,63,129
AT5G63220,165,346,226,234,160,191
AT5G63225,0,0,0,0,0,0
AT5G63230,0,0,0,0,0,0
AT5G63240,0,0,0,0,0,0
AT5G63250,0,1,0,0,0,0
AT5G63260,250,162,158,213,160,224
AT5G63270,1,66,10,4,29,9
AT5G63280,131,400,185,146,132,190
AT5G63290,44,37,9,18,1,27
AT5G63300,57,60,21,37,21,34
AT5G63310,423,567,429,405,279,351
AT5G63320,375,402,178,245,171,423
AT5G63340,5,3,0,1,1,3
AT5G63350,33,5,0,8,5,22
AT5G63370,584,528,294,463,413,810
AT5G63375,2,3,3,0,1,20
AT5G63380,117,92,74,130,58,105
AT5G63390,1,9,4,6,5,13
AT5G63400,3139,3875,2568,3383,2305,3097
AT5G63410,143,167,56,82,73,83
AT5G63420,69,39,28,67,60,88
AT5G63440,127,151,138,130,100,123
AT5G63450,0,3,3,0,0,0
AT5G63460,452,637,448,298,202,345
AT5G63470,421,409,381,344,309,331
AT5G63480,198,263,184,167,138,189
AT5G63490,75,114,47,72,70,93
AT5G63500,201,615,342,156,140,212
AT5G63510,782,1004,654,749,526,647
AT5G63520,115,94,56,78,57,75
AT5G63530,143,196,99,114,52,126
AT5G63540,57,43,26,43,25,28
AT5G63550,253,370,212,317,236,298
AT5G63560,0,0,0,6,0,20
AT5G63570,221,204,158,306,171,308
AT5G63580,3,1,2,0,0,0
AT5G63590,17,45,34,36,20,30
AT5G63595,25,20,29,20,3,58
AT5G63600,463,1866,1732,493,644,5836
AT5G63610,205,235,127,262,126,181
AT5G63620,545,596,506,827,418,780
AT5G63625,3,14,1,2,6,1
AT5G63630,75,20,27,24,22,21
AT5G63640,378,545,305,414,300,415
AT5G63650,282,522,221,555,309,415
AT5G63660,246,1808,881,424,358,531
AT5G63670,623,1123,645,475,381,611
AT5G63680,332,393,209,404,265,372
AT5G63690,20,38,34,15,15,33
AT5G63700,80,104,33,64,43,44
AT5G63710,56,97,55,41,40,39
AT5G63715,0,0,0,0,0,0
AT5G63720,0,0,0,0,0,0
AT5G63730,0,0,0,0,0,0
AT5G63740,0,0,0,0,0,0
AT5G63750,0,0,0,0,3,0
AT5G63760,262,269,126,255,239,243
AT5G63770,86,98,51,98,61,125
AT5G63780,247,250,187,278,154,169
AT5G63790,1864,1342,953,1564,1355,2990
AT5G63800,86,119,75,177,85,141
AT5G63810,203,112,54,238,143,227
AT5G63820,1,3,0,5,2,2
AT5G63830,123,112,96,111,89,128
AT5G63840,381,359,203,405,293,248
AT5G63850,112,809,579,205,135,129
AT5G63860,167,235,181,250,113,195
AT5G63870,338,367,184,330,219,290
AT5G63880,144,403,169,230,163,239
AT5G63890,395,420,251,411,191,370
AT5G63900,0,0,0,0,0,0
AT5G63905,256,400,319,213,152,334
AT5G63910,170,288,175,280,213,332
AT5G63920,103,76,42,68,59,77
AT5G63930,209,213,137,134,139,246
AT5G63940,503,319,189,377,267,322
AT5G63950,116,144,84,121,111,117
AT5G63960,64,47,46,123,102,94
AT5G63970,124,146,118,132,65,127
AT5G63980,164,393,210,213,170,125
AT5G63990,106,192,116,134,85,123
AT5G64000,8,19,23,40,13,44
AT5G64010,186,220,163,163,107,133
AT5G64020,278,369,174,289,204,254
AT5G64030,463,540,357,473,355,421
AT5G64040,44,176,81,38,20,41
AT5G64050,47,73,64,94,71,75
AT5G64060,0,0,4,0,3,0
AT5G64070,172,294,124,158,190,255
AT5G64080,32,120,121,60,37,58
AT5G64090,186,264,137,281,193,191
AT5G64100,434,520,656,404,271,1408
AT5G64110,0,2,5,0,2,6
AT5G64120,0,2,10,80,53,135
AT5G64130,1086,1173,959,874,746,1223
AT5G64140,2754,7937,4604,2348,2032,2473
AT5G64150,93,122,89,78,66,93
AT5G64160,468,697,480,492,352,460
AT5G64170,238,142,68,183,98,133
AT5G64180,390,548,259,279,251,409
AT5G64190,4,0,0,1,0,0
AT5G64200,1085,737,579,758,570,677
AT5G64210,0,4,2,5,0,4
AT5G64220,166,184,87,123,124,188
AT5G64230,17,15,11,16,8,14
AT5G64240,451,784,580,206,188,254
AT5G64250,1223,1149,740,1361,1144,1672
AT5G64260,531,895,524,646,413,1670
AT5G64270,280,341,197,312,295,352
AT5G64280,161,161,128,172,130,124
AT5G64290,194,408,248,459,286,364
AT5G64300,160,247,102,228,211,255
AT5G64310,1750,1193,1308,1354,792,2596
AT5G64320,63,40,26,61,32,61
AT5G64330,170,114,104,141,86,90
AT5G64340,124,378,202,249,224,174
AT5G64350,3379,5041,3392,2818,2153,3074
AT5G64360,187,139,77,124,104,166
AT5G64370,391,695,353,471,333,568
AT5G64380,47,18,21,24,23,33
AT5G64390,170,125,110,159,132,214
AT5G64395,0,0,0,0,1,0
AT5G64400,3101,4900,4201,3440,2480,3585
AT5G64401,0,0,0,1,0,0
AT5G64410,99,67,57,163,96,174
AT5G64420,307,363,160,284,295,248
AT5G64430,146,137,132,201,130,325
AT5G64440,101,257,140,258,161,238
AT5G64450,2,7,3,3,7,3
AT5G64460,171,448,205,178,142,222
AT5G64470,102,118,94,151,126,148
AT5G64480,35,90,47,55,33,55
AT5G64490,0,1,1,3,2,0
AT5G64500,832,728,490,690,550,678
AT5G64505,0,0,0,0,0,0
AT5G64510,0,0,4,3,4,18
AT5G64520,26,93,38,49,40,53
AT5G64530,14,53,23,25,14,43
AT5G64540,0,0,0,8,2,0
AT5G64550,15,36,12,21,27,41
AT5G64560,30,74,24,38,41,54
AT5G64570,234,341,197,151,106,177
AT5G64572,139,134,81,103,57,85
AT5G64580,50,42,32,72,70,46
AT5G64590,0,0,1,0,0,0
AT5G64600,110,157,78,135,68,92
AT5G64610,333,307,229,302,187,269
AT5G64620,44,146,124,75,65,140
AT5G64630,27,50,26,52,31,34
AT5G64640,14,16,11,14,6,18
AT5G64650,239,237,298,279,204,250
AT5G64660,86,128,98,100,99,270
AT5G64667,0,0,1,0,0,0
AT5G64670,357,528,322,391,334,324
AT5G64680,393,749,387,379,291,444
AT5G64687,14,21,6,1,4,2
AT5G64690,27,56,36,31,38,44
AT5G64700,1,9,8,2,3,0
AT5G64710,15,12,4,7,25,8
AT5G64720,0,3,0,0,0,0
AT5G64730,174,260,150,188,125,154
AT5G64735,0,0,0,0,0,0
AT5G64740,571,761,457,517,429,759
AT5G64750,5,4,4,11,21,9
AT5G64760,260,623,243,289,182,257
AT5G64770,0,0,0,0,0,0
AT5G64780,19,55,35,28,19,47
AT5G64790,0,0,0,0,0,0
AT5G64800,0,0,0,0,0,0
AT5G64810,66,94,90,177,148,379
AT5G64813,402,482,260,340,359,377
AT5G64816,78,394,186,137,104,103
AT5G64820,0,2,0,0,0,0
AT5G64830,149,133,101,97,89,133
AT5G64840,181,200,139,139,128,142
AT5G64850,81,270,142,58,54,96
AT5G64855,0,0,0,0,0,0
AT5G64860,110,57,33,78,76,125
AT5G64870,0,0,1,0,2,16
AT5G64880,129,251,191,117,78,190
AT5G64890,15,82,54,12,21,76
AT5G64900,21,31,14,17,18,97
AT5G64905,8,16,20,0,1,28
AT5G64910,0,0,0,1,0,1
AT5G64920,297,228,188,242,206,342
AT5G64930,136,171,80,145,86,151
AT5G64940,89,94,25,6,15,3
AT5G64950,12,44,22,33,31,26
AT5G64960,721,430,410,590,387,571
AT5G64970,330,300,186,282,219,280
AT5G64980,0,17,11,0,6,9
AT5G64990,0,1,0,3,1,7
AT5G65000,213,305,162,211,133,150
AT5G65005,0,0,0,0,0,0
AT5G65010,263,369,151,328,190,224
AT5G65015,0,0,0,0,0,0
AT5G65020,3067,3692,2340,4292,2613,3848
AT5G65030,46,88,43,19,16,3
AT5G65040,140,154,71,155,166,51
AT5G65050,527,939,466,491,466,723
AT5G65060,64,168,123,98,70,115
AT5G65070,14,50,5,25,11,9
AT5G65080,8,6,4,8,6,4
AT5G65090,2,25,18,5,30,11
AT5G65100,0,0,0,0,0,0
AT5G65110,354,353,255,510,303,586
AT5G65120,118,207,150,120,114,130
AT5G65130,0,0,0,0,0,7
AT5G65140,1,33,27,0,1,2
AT5G65158,0,0,2,2,0,0
AT5G65160,14,25,6,11,13,14
AT5G65165,0,0,0,0,0,0
AT5G65170,12,38,26,18,19,49
AT5G65180,188,127,165,261,178,162
AT5G65200,34,20,11,25,21,62
AT5G65205,19,90,39,68,31,64
AT5G65207,1331,4150,2662,890,743,3462
AT5G65210,1186,2794,1679,1070,986,1336
AT5G65220,513,997,469,386,287,357
AT5G65225,2,2,1,2,4,1
AT5G65230,18,42,11,15,14,12
AT5G65240,65,87,91,125,88,138
AT5G65250,175,186,183,174,100,166
AT5G65260,392,557,358,338,217,406
AT5G65270,183,308,218,239,161,295
AT5G65274,0,0,0,0,0,1
AT5G65280,40,108,51,48,35,35
AT5G65290,94,92,83,131,88,108
AT5G65300,31,61,24,46,35,204
AT5G65305,0,0,0,0,0,0
AT5G65310,275,268,123,152,111,203
AT5G65320,0,8,1,0,0,3
AT5G65330,0,0,0,0,0,0
AT5G65340,2,12,8,0,7,19
AT5G65350,21,31,15,22,9,58
AT5G65360,396,1149,713,528,468,559
AT5G65370,0,2,1,1,0,0
AT5G65380,249,406,258,260,227,365
AT5G65390,1516,603,1082,1661,1428,1581
AT5G65400,69,90,33,75,51,44
AT5G65410,0,0,0,0,0,0
AT5G65420,27,117,67,73,45,57
AT5G65430,1629,2817,1769,1538,1099,1775
AT5G65440,133,95,74,111,149,129
AT5G65445,0,0,0,0,0,0
AT5G65450,53,67,40,56,38,94
AT5G65460,137,182,81,107,121,106
AT5G65470,132,200,113,105,80,143
AT5G65480,548,1172,758,438,393,752
AT5G65490,150,198,94,114,76,126
AT5G65495,200,437,224,146,143,241
AT5G65500,2,5,5,6,2,1
AT5G65510,0,7,0,9,6,2
AT5G65520,177,346,222,151,112,183
AT5G65530,154,219,76,173,195,242
AT5G65535,0,0,0,0,0,0
AT5G65540,163,149,106,169,118,78
AT5G65550,4,1,0,3,7,0
AT5G65560,61,44,43,72,54,52
AT5G65570,27,15,20,39,9,44
AT5G65575,274,485,322,246,244,302
AT5G65580,31,92,55,28,33,48
AT5G65590,0,0,0,0,1,1
AT5G65600,0,9,3,0,2,8
AT5G65609,4,14,4,7,8,8
AT5G65610,0,1,0,0,0,0
AT5G65613,0,1,0,0,0,0
AT5G65615,0,0,0,0,0,0
AT5G65620,336,292,190,391,238,308
AT5G65630,426,427,233,445,482,554
AT5G65640,222,189,152,243,152,244
AT5G65650,369,676,347,436,251,260
AT5G65660,2969,4638,4076,2729,1843,2860
AT5G65670,2663,2917,1874,2964,2477,2551
AT5G65683,205,164,99,245,147,278
AT5G65685,161,207,131,113,116,155
AT5G65687,143,150,90,127,81,122
AT5G65690,84,47,63,75,115,130
AT5G65700,968,497,378,863,588,816
AT5G65710,56,86,28,65,90,41
AT5G65720,378,479,378,536,379,425
AT5G65730,0,3,0,1,0,0
AT5G65740,176,259,97,150,111,146
AT5G65750,177,112,99,230,117,200
AT5G65760,373,459,273,313,232,370
AT5G65770,439,608,302,358,300,501
AT5G65780,342,374,312,438,301,430
AT5G65790,26,87,37,26,37,72
AT5G65800,6,32,8,3,6,0
AT5G65810,531,940,551,611,362,537
AT5G65820,6,24,15,7,24,21
AT5G65830,98,253,176,104,103,186
AT5G65840,64,113,91,64,48,89
AT5G65850,3,21,13,7,1,9
AT5G65860,236,530,200,245,199,231
AT5G65870,66,240,182,46,54,48
AT5G65880,202,278,197,136,135,185
AT5G65890,0,1,3,0,1,0
AT5G65900,154,222,99,139,110,121
AT5G65910,230,483,241,296,204,355
AT5G65920,237,231,120,276,237,259
AT5G65925,240,507,369,210,183,501
AT5G65930,308,512,258,327,207,443
AT5G65940,239,226,146,259,196,224
AT5G65950,352,326,211,346,388,359
AT5G65960,375,690,375,565,429,582
AT5G65970,391,429,360,293,410,203
AT5G65980,0,3,0,1,0,0
AT5G65990,82,30,21,83,37,71
AT5G66000,85,127,65,71,47,70
AT5G66005,58,126,62,61,47,84
AT5G66010,115,105,98,97,85,162
AT5G66020,0,1,0,0,0,0
AT5G66030,501,647,387,385,309,516
AT5G66040,305,1190,675,217,196,753
AT5G66045,0,1,0,0,0,0
AT5G66050,302,303,270,245,183,276
AT5G66052,770,1152,824,549,436,1306
AT5G66053,14,25,17,15,13,57
AT5G66055,145,162,129,135,111,169
AT5G66060,182,250,158,193,167,188
AT5G66070,136,125,99,136,140,463
AT5G66080,233,257,134,326,337,335
AT5G66090,169,247,211,230,190,196
AT5G66100,176,154,152,151,200,144
AT5G66110,3,1,5,23,1,1
AT5G66120,559,366,367,502,285,492
AT5G66130,46,17,21,31,19,39
AT5G66140,648,572,704,619,386,547
AT5G66150,0,1,0,0,0,0
AT5G66160,259,304,284,254,201,291
AT5G66170,132,252,89,400,149,666
AT5G66180,153,179,88,141,111,128
AT5G66190,9,36,26,17,2,23
AT5G66200,296,104,138,202,194,202
AT5G66210,112,111,108,150,122,127
AT5G66220,0,0,0,0,0,0
AT5G66230,278,407,244,177,112,301
AT5G66240,1049,1007,536,753,652,754
AT5G66250,269,423,244,219,169,278
AT5G66260,0,0,0,0,0,0
AT5G66270,38,41,17,56,25,19
AT5G66280,358,245,785,1162,418,793
AT5G66290,359,686,414,312,225,402
AT5G66300,55,104,63,76,49,63
AT5G66310,277,263,121,242,213,231
AT5G66320,227,127,151,184,140,213
AT5G66330,60,74,61,94,50,65
AT5G66335,6,29,22,16,10,9
AT5G66340,0,0,0,0,0,0
AT5G66350,0,0,1,2,1,2
AT5G66360,22,94,61,72,39,94
AT5G66370,0,0,0,0,0,0
AT5G66380,302,369,249,298,235,226
AT5G66390,151,453,266,915,630,472
AT5G66400,0,4,0,7,0,24
AT5G66410,371,726,388,404,327,360
AT5G66420,191,174,63,126,90,151
AT5G66430,0,0,0,0,0,0
AT5G66440,176,217,156,86,97,90
AT5G66450,47,92,65,93,38,54
AT5G66460,27,19,61,15,31,39
AT5G66470,79,50,67,70,59,52
AT5G66480,3,6,5,14,10,27
AT5G66490,53,342,266,52,39,360
AT5G66500,14,33,15,39,23,36
AT5G66510,1242,2112,1340,1422,867,1397
AT5G66520,1,4,1,3,2,6
AT5G66530,386,517,293,320,232,278
AT5G66535,0,0,0,0,0,0
AT5G66540,395,331,188,391,254,318
AT5G66550,84,152,98,79,48,52
AT5G66558,133,173,93,156,114,132
AT5G66560,141,174,102,137,124,129
AT5G66562,0,0,0,0,0,0
AT5G66564,0,0,0,0,0,0
AT5G66567,0,0,0,0,0,0
AT5G66568,0,0,0,0,0,0
AT5G66570,49,133,52,12,19,13
AT5G66580,117,140,84,150,130,81
AT5G66590,217,589,310,304,215,239
AT5G66595,2,17,3,2,1,2
AT5G66600,175,172,104,214,199,221
AT5G66607,4,3,10,11,6,8
AT5G66610,23,42,21,22,30,36
AT5G66620,0,8,9,1,7,9
AT5G66630,0,9,4,0,13,15
AT5G66631,15,13,7,13,8,5
AT5G66640,10,31,18,17,19,28
AT5G66650,56,75,96,47,32,315
AT5G66658,21,15,4,6,10,9
AT5G66660,1,0,0,0,0,0
AT5G66670,0,1,0,5,0,16
AT5G66675,190,359,188,213,201,230
AT5G66680,1373,1419,1203,1982,1092,1596
AT5G66690,622,362,142,894,573,732
AT5G66700,0,0,0,18,9,12
AT5G66710,0,6,1,2,3,4
AT5G66720,593,480,340,544,369,527
AT5G66730,267,230,153,216,177,254
AT5G66740,8,6,4,4,1,5
AT5G66750,175,150,94,158,105,137
AT5G66755,0,0,0,0,0,0
AT5G66760,1184,1329,749,1340,739,1045
AT5G66770,174,167,120,201,164,225
AT5G66780,53,11,4,54,35,20
AT5G66790,0,30,16,2,11,32
AT5G66800,43,105,67,56,59,28
AT5G66810,84,96,70,121,87,108
AT5G66815,1,67,13,2,0,0
AT5G66816,0,4,2,0,0,0
AT5G66817,0,0,0,0,0,0
AT5G66820,200,324,155,168,143,144
AT5G66830,5,26,13,17,2,17
AT5G66840,25,36,16,23,11,13
AT5G66850,149,123,177,266,216,229
AT5G66860,693,899,624,700,527,657
AT5G66870,80,90,89,160,90,123
AT5G66880,180,328,160,185,129,259
AT5G66890,3,1,0,6,0,0
AT5G66900,5,28,19,12,25,24
AT5G66910,117,100,59,142,130,247
AT5G66920,704,611,524,951,582,589
AT5G66930,208,470,263,247,172,289
AT5G66940,0,0,0,0,0,0
AT5G66950,136,110,60,122,67,107
AT5G66960,28,18,14,19,52,22
AT5G66970,0,0,0,0,0,0
AT5G66980,0,0,0,0,0,0
AT5G66985,91,397,312,43,46,106
AT5G66990,0,2,0,0,0,2
AT5G67000,0,0,0,0,0,0
AT5G67010,0,0,0,0,0,0
AT5G67020,1,0,0,0,0,3
AT5G67030,79,126,73,72,39,104
AT5G67040,0,0,0,0,0,0
AT5G67050,0,12,3,1,5,0
AT5G67060,0,1,0,0,0,1
AT5G67070,170,404,240,227,186,204
AT5G67080,0,5,3,2,2,7
AT5G67090,10,20,25,14,20,12
AT5G67100,103,174,107,166,112,161
AT5G67110,12,29,11,15,14,28
AT5G67120,0,0,0,0,0,0
AT5G67130,325,315,228,343,237,322
AT5G67140,24,40,29,13,4,28
AT5G67150,48,58,30,40,32,38
AT5G67160,37,48,19,62,38,33
AT5G67170,216,164,84,109,88,141
AT5G67180,6,9,3,9,1,3
AT5G67190,131,235,193,69,73,117
AT5G67200,166,116,71,139,125,84
AT5G67210,22,213,94,37,67,70
AT5G67220,941,1190,536,993,798,896
AT5G67230,57,42,33,63,22,81
AT5G67240,350,373,163,310,222,270
AT5G67245,30,69,62,17,22,61
AT5G67250,400,357,216,413,319,450
AT5G67260,978,1295,639,641,601,600
AT5G67265,0,0,0,0,0,0
AT5G67270,204,383,214,192,132,260
AT5G67280,109,77,65,122,92,98
AT5G67290,92,106,73,65,53,77
AT5G67300,466,339,298,593,384,713
AT5G67310,45,23,21,39,9,91
AT5G67320,656,963,436,593,442,761
AT5G67330,339,212,153,316,130,416
AT5G67340,57,37,33,48,45,99
AT5G67350,31,48,49,41,37,60
AT5G67360,1177,927,614,1419,810,1226
AT5G67370,30,7,12,7,6,27
AT5G67380,1366,1535,718,1019,746,998
AT5G67385,13,22,12,31,46,9
AT5G67390,321,463,306,398,314,476
AT5G67400,31,764,206,8,105,146
AT5G67410,34,37,21,37,12,32
AT5G67411,0,0,0,0,0,0
AT5G67420,1000,1008,1012,1075,856,868
AT5G67430,27,41,38,27,22,99
AT5G67440,147,127,99,164,97,120
AT5G67450,32,54,41,67,36,88
AT5G67455,0,0,0,0,0,0
AT5G67460,55,69,46,28,52,43
AT5G67470,146,106,80,138,108,116
AT5G67480,278,263,146,510,443,491
AT5G67488,888,1432,766,695,567,796
AT5G67490,930,1544,780,738,551,729
AT5G67500,1221,2913,1807,1659,1043,1293
AT5G67510,1414,3109,1707,1609,1303,1611
AT5G67520,145,277,118,123,93,95
AT5G67530,211,317,130,239,161,247
AT5G67540,198,225,158,301,147,214
AT5G67550,2,21,17,4,15,14
AT5G67560,557,997,612,566,404,578
AT5G67570,55,122,21,39,38,70
AT5G67580,135,175,110,161,159,201
AT5G67590,2234,4252,2310,2092,1485,2083
AT5G67600,3434,3809,2843,2379,1770,2334
AT5G67610,116,197,129,145,138,150
AT5G67620,21,68,41,10,17,16
AT5G67630,328,325,122,295,196,239
AT5G67640,53,105,51,45,28,50
ATCG00010,0,0,0,1,0,0
ATCG00020,48,64,33,14,17,18
ATCG00030,0,0,0,0,0,0
ATCG00040,248,498,224,263,260,298
ATCG00050,4,2,0,1,3,3
ATCG00060,0,0,0,0,0,0
ATCG00065,0,2,2,3,2,1
ATCG00070,7,18,9,4,11,9
ATCG00080,0,5,2,1,1,4
ATCG00090,0,2,2,2,2,0
ATCG00100,0,0,0,0,0,0
ATCG00110,1,2,0,0,0,1
ATCG00120,11,27,27,33,31,26
ATCG00130,7,17,6,4,10,9
ATCG00140,17,24,23,10,13,9
ATCG00150,19,53,25,19,16,20
ATCG00160,67,127,68,105,112,100
ATCG00170,317,509,268,352,310,382
ATCG00180,133,238,140,182,142,200
ATCG00190,36,63,48,40,38,57
ATCG00200,1,0,0,0,0,0
ATCG00210,0,0,0,0,0,0
ATCG00220,14,42,30,8,19,18
ATCG00230,0,0,0,0,0,0
ATCG00240,0,0,0,0,0,0
ATCG00250,0,0,0,0,0,0
ATCG00260,0,0,0,0,0,0
ATCG00270,7,18,4,5,4,5
ATCG00280,48,48,18,43,27,50
ATCG00290,0,0,0,0,0,0
ATCG00300,18,12,3,8,1,6
ATCG00310,0,0,0,0,0,0
ATCG00320,0,0,2,0,0,1
ATCG00330,0,0,2,0,1,0
ATCG00340,289,424,206,329,349,397
ATCG00350,115,129,95,112,174,203
ATCG00360,37,40,22,28,25,30
ATCG00370,0,0,0,0,0,1
ATCG00380,77,114,93,58,63,88
ATCG00390,0,1,1,0,1,0
ATCG00400,0,0,0,0,0,0
ATCG00410,0,0,0,0,0,0
ATCG00420,1,11,4,11,6,4
ATCG00430,2,4,6,6,10,17
ATCG00440,15,16,25,29,20,24
ATCG00450,0,0,0,0,0,0
ATCG00460,0,0,0,0,0,0
ATCG00470,153,234,137,130,107,155
ATCG00480,283,325,195,276,266,315
ATCG00490,66,136,52,88,105,83
ATCG00500,325,565,229,242,245,330
ATCG00510,3,16,9,2,0,11
ATCG00520,18,38,16,35,39,25
ATCG00530,45,66,67,54,62,58
ATCG00540,130,219,115,120,131,190
ATCG00550,1,6,1,7,4,4
ATCG00560,0,4,0,0,2,0
ATCG00570,0,2,3,0,3,2
ATCG00580,8,28,6,15,20,16
ATCG00590,0,0,0,1,0,0
ATCG00600,0,0,1,0,1,0
ATCG00610,0,0,0,0,0,0
ATCG00620,0,0,0,0,0,0
ATCG00630,7,3,2,1,3,4
ATCG00640,28,45,23,18,15,33
ATCG00650,43,74,40,41,55,49
ATCG00660,47,94,34,39,50,80
ATCG00670,68,148,53,86,58,106
ATCG00680,24,54,16,21,33,38
ATCG00690,0,1,0,0,0,0
ATCG00700,1,3,1,1,1,1
ATCG00710,4,5,1,3,2,0
ATCG00720,114,111,68,76,64,108
ATCG00730,1,12,7,5,3,6
ATCG00740,308,492,311,376,379,490
ATCG00750,45,123,52,68,79,93
ATCG00760,1,5,3,5,2,0
ATCG00770,27,73,24,50,37,46
ATCG00780,23,80,38,42,37,54
ATCG00790,121,225,104,146,108,135
ATCG00800,91,315,172,200,163,194
ATCG00810,97,193,153,136,145,182
ATCG00820,64,81,41,76,59,64
ATCG00830,602,838,544,753,332,762
ATCG00840,16,14,12,16,10,12
ATCG00850,0,0,0,0,0,0
ATCG00860,148,232,0,216,181,208
ATCG00870,1,4,0,0,0,2
ATCG00880,0,0,0,0,0,0
ATCG00890,18,22,18,11,13,14
ATCG00900,90,142,56,88,78,120
ATCG00905,40,36,22,0,33,36
ATCG00910,0,0,0,0,0,0
ATCG00920,568,594,502,320,224,425
ATCG00930,0,0,0,0,0,0
ATCG00940,0,0,0,0,0,0
ATCG00950,3107,2599,452,1060,1990,2423
ATCG00960,4,2,3,1,2,1
ATCG00970,2,4,2,2,2,0
ATCG00980,0,0,0,0,0,0
ATCG00990,0,0,0,0,0,0
ATCG01000,69,32,52,78,117,70
ATCG01010,121,231,116,137,146,145
ATCG01020,15,33,14,3,12,12
ATCG01030,1,0,1,0,0,0
ATCG01040,25,108,57,20,27,45
ATCG01050,51,106,66,73,117,136
ATCG01060,0,7,1,5,1,3
ATCG01070,7,20,8,6,10,10
ATCG01080,9,25,7,2,13,8
ATCG01090,17,45,22,33,26,61
ATCG01100,17,54,13,27,36,28
ATCG01110,6,28,11,16,14,15
ATCG01120,4,13,6,4,6,7
ATCG01130,495,1531,900,875,867,1323
ATCG01140,0,0,0,0,0,0
ATCG01150,0,0,0,0,0,0
ATCG01160,2,4,2,2,2,0
ATCG01170,4,2,3,1,2,1
ATCG01180,4379,4652,5129,3835,1990,3228
ATCG01190,0,0,0,0,0,0
ATCG01200,0,0,0,0,0,0
ATCG01210,568,594,502,320,224,425
ATCG01220,0,0,0,0,0,0
ATCG01230,40,36,22,61,33,36
ATCG01240,90,142,56,88,78,120
ATCG01250,18,22,18,11,13,14
ATCG01260,0,0,0,0,0,0
ATCG01270,1,4,0,0,0,2
ATCG01280,148,232,301,216,181,208
ATCG01290,0,0,0,0,0,0
ATCG01300,16,14,12,16,10,12
ATCG01310,172,0,1,0,332,0
ATMG00010,0,0,0,0,0,2
ATMG00020,154382,90683,63263,115937,90679,139461
ATMG00030,11955,10532,6112,3400,2094,5022
ATMG00040,1,5,2,2,0,2
ATMG00050,0,3,0,1,2,2
ATMG00060,11,21,12,15,6,14
ATMG00070,74,49,35,45,55,45
ATMG00080,267,245,149,158,146,202
ATMG00090,1202,1010,528,936,954,955
ATMG00100,0,0,0,0,0,1
ATMG00110,2,6,7,17,5,5
ATMG00120,0,4,0,4,3,4
ATMG00130,1,2,3,0,3,0
ATMG00140,0,7,2,3,3,2
ATMG00150,0,0,5,0,0,0
ATMG00160,104,91,80,38,20,38
ATMG00170,1,2,2,1,3,1
ATMG00180,139,90,65,96,75,107
ATMG00190,0,0,0,0,0,0
ATMG00200,0,1,2,0,0,2
ATMG00210,96,29,29,23,47,53
ATMG00220,0,0,0,0,0,0
ATMG00230,0,0,0,0,0,0
ATMG00240,0,0,0,1,1,0
ATMG00250,0,1,0,0,0,0
ATMG00260,0,1,0,0,2,0
ATMG00270,23,61,35,22,19,16
ATMG00280,0,0,1,0,2,0
ATMG00285,19,20,14,20,24,19
ATMG00290,58,129,71,32,51,63
ATMG00300,6,2,2,0,6,3
ATMG00310,5,0,1,6,1,2
ATMG00320,3,0,1,3,0,6
ATMG00330,0,0,0,0,0,0
ATMG00340,0,0,0,0,0,0
ATMG00350,0,0,0,0,0,0
ATMG00360,0,0,0,0,0,0
ATMG00370,0,0,1,0,0,0
ATMG00380,0,0,0,0,0,0
ATMG00390,0,0,0,0,0,0
ATMG00400,0,6,1,1,4,3
ATMG00410,64,160,87,75,77,100
ATMG00420,0,0,0,0,0,0
ATMG00430,1,0,0,0,0,1
ATMG00440,0,0,0,0,1,0
ATMG00450,0,1,0,0,1,0
ATMG00460,0,0,0,0,0,0
ATMG00470,0,0,1,0,0,3
ATMG00480,42,65,33,47,42,43
ATMG00490,0,0,0,0,0,0
ATMG00500,62,24,19,8,28,64
ATMG00510,62,36,42,30,26,54
ATMG00513,323,284,137,171,141,199
ATMG00516,23,16,12,31,22,17
ATMG00520,33,41,29,57,67,45
ATMG00530,0,0,0,0,0,0
ATMG00540,0,0,0,0,0,0
ATMG00550,0,2,0,0,1,1
ATMG00560,97,98,53,39,46,87
ATMG00570,154,132,57,99,67,142
ATMG00580,940,1273,626,1124,816,1140
ATMG00590,0,0,0,0,0,0
ATMG00600,0,0,0,0,0,0
ATMG00610,1,5,6,0,0,4
ATMG00620,1,2,2,1,3,1
ATMG00630,0,1,0,4,0,0
ATMG00640,30,55,23,33,9,26
ATMG00650,9,16,9,10,13,7
ATMG00660,93,133,131,102,65,149
ATMG00665,0,0,0,0,0,0
ATMG00670,12,21,13,12,10,22
ATMG00680,0,2,1,0,0,0
ATMG00690,39,105,42,30,35,44
ATMG00700,0,0,0,0,0,1
ATMG00710,0,0,0,0,0,0
ATMG00720,0,0,0,0,0,0
ATMG00730,53,61,42,31,24,45
ATMG00740,0,1,0,1,0,3
ATMG00750,0,1,0,0,0,3
ATMG00760,0,2,0,0,0,0
ATMG00770,1,1,0,0,0,0
ATMG00780,0,0,0,0,0,0
ATMG00790,0,0,0,0,0,0
ATMG00800,0,0,0,0,0,0
ATMG00810,50,52,44,46,32,30
ATMG00820,3,3,3,2,1,5
ATMG00830,460,328,279,507,487,472
ATMG00840,0,1,0,1,1,0
ATMG00850,0,0,1,0,1,0
ATMG00860,0,2,0,3,0,3
ATMG00870,0,0,2,2,2,1
ATMG00880,0,0,0,2,0,0
ATMG00890,0,0,1,2,1,4
ATMG00900,2,4,1,6,2,4
ATMG00910,0,0,0,0,0,0
ATMG00920,2,0,6,10,17,0
ATMG00930,0,0,0,0,0,0
ATMG00940,0,0,2,0,2,0
ATMG00950,0,0,0,0,0,0
ATMG00960,20,15,8,34,8,9
ATMG00970,0,2,0,4,3,0
ATMG00980,39,48,22,24,16,50
ATMG00990,0,0,53,110,0,62
ATMG01000,63,144,50,84,100,76
ATMG01010,20,23,16,12,9,13
ATMG01020,5,0,0,0,5,0
ATMG01030,0,3,0,0,0,0
ATMG01040,0,2,1,3,3,0
ATMG01050,0,4,2,8,3,4
ATMG01060,1,1,1,0,0,0
ATMG01070,0,0,0,0,0,0
ATMG01080,140,452,176,71,44,221
ATMG01090,4,27,22,16,14,12
ATMG01100,1,1,2,0,0,0
ATMG01110,0,0,0,0,4,0
ATMG01120,45,22,27,36,37,43
ATMG01130,16,12,12,12,17,9
ATMG01140,0,0,0,0,1,0
ATMG01150,1,0,0,0,0,1
ATMG01160,0,0,0,0,0,0
ATMG01170,17,40,26,21,23,24
ATMG01180,0,1,0,0,0,0
ATMG01190,726,412,222,606,591,821
ATMG01200,20,27,20,23,35,24
ATMG01210,0,9,2,10,6,4
ATMG01220,15,16,12,6,11,12
ATMG01230,0,0,1,0,0,2
ATMG01240,1,0,0,0,0,2
ATMG01250,0,0,0,0,3,1
ATMG01260,0,0,0,3,3,3
ATMG01270,0,0,0,0,0,0
ATMG01275,7,12,5,26,15,14
ATMG01280,6,12,6,10,13,21
ATMG01290,0,0,0,1,0,0
ATMG01300,0,0,1,0,0,1
ATMG01310,0,0,0,0,0,0
ATMG01320,53,51,33,34,37,33
ATMG01330,7,11,5,11,8,7
ATMG01340,0,0,0,0,0,0
ATMG01350,1,0,1,2,0,2
ATMG01360,94,178,140,135,128,172
ATMG01370,11,15,14,6,9,16
ATMG01380,2,30,8,6,10,14
ATMG01390,4917,4948,4267,3708,3139,5580
ATMG01400,0,0,0,2,2,2
ATMG01410,0,0,0,0,0,2
ATMG09450,0,0,0,0,0,0
ATMG09730,0,0,0,0,0,0
ATMG09740,0,0,0,0,0,0
ATMG09950,0,0,0,0,0,0
ATMG09960,0,0,0,0,0,0
ATMG09980,0,0,0,0,0,0
